episode,global_step,reward,steps,goal,actor_loss,critic_loss,entropy,alpha,replay_size,energy_level,min_collected_data,collected_data_sum
24,140089,-21517.0,4378,True,206.5130760144381,26.146364762642804,1.2588722203128477,8.376938819885254,140089,99652168.95293367,1063016990.941034,47835764592.34651
2,148547,-88376.0,4643,True,211.06657304613628,25.795979296725452,1.2708351719485036,9.521533966064453,148547,99800256.32223476,1063016990.941034,144570310767.9808
30,152415,-68649.0,4763,True,212.61455104181618,25.6864378445614,1.2761059677137911,10.082497596740723,152415,99650295.059006,3189050972.823102,184964956423.74014
5,159110,-98733.0,4973,True,214.5064305706813,25.60314932223813,1.2851624093865217,11.123741149902344,159110,9998355355.396894,1063016990.941034,64844036447.40307
0,159969,-89813.0,5000,False,214.67563085180015,25.595143308780465,1.2863132825369024,11.262907028198242,159969,99528030.67380375,4252067963.764136,222170551106.67615
1,159970,-65640.0,5000,False,214.67563085180015,25.595143308780465,1.2863132825369024,11.262907028198242,159970,99612525.70067503,0.0,66970070429.28512
3,159972,-89695.0,5000,False,214.67563085180015,25.595143308780465,1.2863132825369024,11.262907028198242,159972,98358046.61692668,0.0,139255225813.2754
4,159973,-72385.0,5000,False,214.67563085180015,25.595143308780465,1.2863132825369024,11.262907028198242,159973,98370585.23146336,0.0,180712888459.97623
6,159975,-73065.0,5000,False,214.67563085180015,25.595143308780465,1.2863132825369024,11.262907028198242,159975,98364159.29464877,0.0,82915325293.40059
7,159976,-70440.0,5000,False,214.67563085180015,25.595143308780465,1.2863132825369024,11.262907028198242,159976,99747489.0138087,0.0,66970070429.28508
8,159977,-66745.0,5000,False,214.67563085180015,25.595143308780465,1.2863132825369024,11.262907028198242,159977,98362859.40330352,0.0,36142577691.99515
9,159978,-28300.0,5000,False,214.67563085180015,25.595143308780465,1.2863132825369024,11.262907028198242,159978,98395096.35540994,1063016990.941034,32953526719.172043
10,159979,-51840.0,5000,False,214.67563085180015,25.595143308780465,1.2863132825369024,11.262907028198242,159979,99815430.91039456,0.0,49961798574.22856
11,159980,-74495.0,5000,False,214.67563085180015,25.595143308780465,1.2863132825369024,11.262907028198242,159980,98417295.38960396,0.0,112679801039.74951
12,159981,-72760.0,5000,False,214.67563085180015,25.595143308780465,1.2863132825369024,11.262907028198242,159981,98421586.97351258,0.0,35079560701.05413
13,159982,-66325.0,5000,False,214.67563085180015,25.595143308780465,1.2863132825369024,11.262907028198242,159982,99620584.93870163,0.0,76537223347.7544
14,159983,-73280.0,5000,False,214.67563085180015,25.595143308780465,1.2863132825369024,11.262907028198242,159983,99756816.83786955,0.0,199847194296.91498
15,159984,-64160.0,5000,False,214.67563085180015,25.595143308780465,1.2863132825369024,11.262907028198242,159984,98562325.1986386,0.0,126499021921.983
16,159985,-95730.0,5000,False,214.67563085180015,25.595143308780465,1.2863132825369024,11.262907028198242,159985,99920145.4773038,0.0,65907053438.34408
17,159986,-47920.0,5000,False,214.67563085180015,25.595143308780465,1.2863132825369024,11.262907028198242,159986,98392224.95920439,0.0,122246953958.21909
18,159987,-93390.0,5000,False,214.67563085180015,25.595143308780465,1.2863132825369024,11.262907028198242,159987,98370287.48277055,0.0,192406075360.32758
19,159988,-74655.0,5000,False,214.67563085180015,25.595143308780465,1.2863132825369024,11.262907028198242,159988,99898051.2290679,0.0,46772747601.40547
20,159989,-28035.0,5000,False,214.67563085180015,25.595143308780465,1.2863132825369024,11.262907028198242,159989,98363293.24326545,0.0,14882237873.174477
21,159990,-73075.0,5000,False,214.67563085180015,25.595143308780465,1.2863132825369024,11.262907028198242,159990,98377827.96113975,0.0,144570310767.98062
22,159991,-47990.0,5000,False,214.67563085180015,25.595143308780465,1.2863132825369024,11.262907028198242,159991,98379050.54573359,0.0,83978342284.34169
23,159992,-47965.0,5000,False,214.67563085180015,25.595143308780465,1.2863132825369024,11.262907028198242,159992,98414819.72937557,0.0,34016543710.113094
25,159994,-29685.0,5000,False,214.67563085180015,25.595143308780465,1.2863132825369024,11.262907028198242,159994,98363215.40675536,0.0,111616784048.8086
26,159995,-71495.0,5000,False,214.67563085180015,25.595143308780465,1.2863132825369024,11.262907028198242,159995,99604843.1466332,0.0,114805835021.63168
27,159996,-49285.0,5000,False,214.67563085180015,25.595143308780465,1.2863132825369024,11.262907028198242,159996,98369044.74740246,0.0,30827492737.289986
28,159997,-51780.0,5000,False,214.67563085180015,25.595143308780465,1.2863132825369024,11.262907028198242,159997,99803332.12022333,0.0,58465934501.75682
29,159998,-76410.0,5000,False,214.67563085180015,25.595143308780465,1.2863132825369024,11.262907028198242,159998,98369088.83579074,0.0,115868852012.5726
31,160000,-72230.0,5000,False,214.67563085180015,25.595143308780465,1.2863132825369024,11.262907028198242,160000,98381786.94945188,0.0,59528951492.69787
36,183265,-4750.0,728,True,213.0120894568307,35.84104969737294,1.5152013188043794,15.491657257080078,183265,99866953.854912,1063016990.941034,22323356809.761715
32,185401,-9813.0,1416,True,235.81058339479952,29.871202116800568,1.497936356370732,15.930806159973145,185401,99680429.49327612,1063016990.941034,44646713619.52341
39,186245,-7315.0,821,True,206.8519787619959,36.23773016970282,1.5174858550496861,16.114274978637695,186245,99950008.01354727,1063016990.941034,78663257329.63647
40,186983,-5297.0,844,True,205.27838263127475,36.39772546008865,1.5180522511355685,16.270708084106445,186983,99827095.86060387,5315084954.70517,53150849547.051704
49,187344,-6612.0,855,True,204.5057491012484,36.446114740315934,1.5183243331853409,16.34550666809082,187344,99851488.31673317,3189050972.823102,62718002465.521
41,187560,-7596.0,862,True,204.02751511044957,36.499108609356625,1.5184819194944166,16.39387321472168,187560,99822793.93642879,2126033981.882068,71222138393.04924
63,189152,-12383.0,911,True,200.58623859727945,36.8090784426709,1.5196341298414244,16.736143112182617,189152,99975440.43180218,3189050972.823102,110553767057.86755
44,190763,-5912.0,962,True,196.91985366250273,37.16382233714859,1.5208006537753678,17.09964370727539,190763,99729248.15365653,1063016990.941034,34016543710.11309
53,191188,-9025.0,975,True,195.9643634815705,37.22640072553586,1.5210982749400994,17.192920684814453,191188,99887049.55699944,3189050972.823102,119057902985.39572
68,191984,-1328.0,145,True,132.92657707477437,43.25400214688531,1.5413584585847526,17.374229431152344,191984,99976108.06580599,1063016990.941034,14882237873.174477
62,192766,-11569.0,1024,True,192.34605623036623,37.589241944719106,1.5222002435475588,17.549610137939453,192766,9999660848.194315,5315084954.70517,147759361740.8039
37,193954,-6349.0,1062,True,189.47160523265543,37.87773130932321,1.523029152900261,17.832050323486328,193954,99805311.61437939,8504135927.528273,63781019456.462036
33,194051,-6598.0,1422,True,207.08583999719633,34.16699199099749,1.512786932761156,17.854904174804688,194051,99667229.22913915,1063016990.941034,25512407782.584816
52,197011,-10360.0,1157,True,182.11362270991557,38.66329105166186,1.525003019704217,18.56281280517578,197011,99743025.14769833,1063016990.941034,76537223347.75446
66,201349,-3972.0,472,True,108.50853519520517,46.849515594668304,1.5453886957996983,19.667091369628906,201349,99918152.10128859,1063016990.941034,24449390791.643784
57,201752,-12489.0,1305,True,169.94502134505817,40.22310175475489,1.527897512821402,19.767988204956055,201752,99745271.3697478,2126033981.882068,133940140858.57018
67,205383,-5578.0,575,True,93.50652349223262,49.167805852475375,1.5475308210953422,20.75263214111328,205383,99933808.15939128,5315084954.70517,48898781583.28757
42,206153,-15106.0,1443,True,157.83028717067452,41.865457037134625,1.5304358859733005,20.96501350402832,206153,99675212.2591962,1063016990.941034,145633327758.92178
50,208241,-19237.0,1508,True,151.85705483007177,42.690860919041725,1.5315842855751356,21.55371856689453,208241,99538650.4917542,1063016990.941034,230674687034.2049
76,212067,-6814.0,563,True,47.75236087508142,55.94286482202858,1.5536228841829045,22.683446884155273,212067,99846261.55665706,3189050972.823102,53150849547.0517
45,212588,-14732.0,1644,True,138.7207260796406,44.400782814861216,1.5339095402518037,22.839630126953125,212588,99660442.93300976,3189050972.823102,164767633595.86023
61,216509,-13374.0,1766,True,126.23970932629074,46.37306252530315,1.5359017029489017,24.059032440185547,216509,99634810.46883479,8504135927.528273,145633327758.92154
59,223163,-15765.0,1974,True,103.36083377413112,50.03919728017264,1.539070790631672,26.31184196472168,223163,99578595.03429835,9567152918.469307,179649871469.03476
71,225611,-8103.0,1089,True,3.725727547681912,64.26834083107002,1.5573345565051524,27.194007873535156,225611,99893048.73703748,8504135927.528273,111616784048.80853
64,228545,-12886.0,1415,True,16.406394651542705,62.59398336174631,1.5550297136862792,28.2938289642334,228545,99554583.61801678,5315084954.70517,119057902985.39575
75,230210,-7707.0,1133,True,-29.003319371988155,70.47719083964456,1.5601921158876444,28.938982009887695,230210,99717454.19536348,1063016990.941034,73348172374.93134
84,230540,-6385.0,561,True,-110.01185374336447,85.9921474422788,1.5670690951925335,29.065645217895508,230540,99993399.86793151,1063016990.941034,48898781583.287575
65,233369,-8050.0,1499,True,-12.481932773957498,67.76587511588129,1.557658527277564,30.196578979492188,233369,99531783.6317923,5315084954.70517,77600240338.69545
51,233714,-21575.0,2304,True,62.649583180978276,57.18875890680485,1.5436647966918018,30.342727661132812,233714,99503509.2095907,3189050972.823102,274258383662.7871
35,236166,-22413.0,2408,True,54.53408273611453,58.83410059395818,1.5440858557226254,31.37162208557129,236166,99296292.54969989,2126033981.882068,262565196762.43585
55,236918,-12940.0,2404,True,49.236980768512566,59.88214810557056,1.544963054495326,31.685970306396484,236918,99273125.40548684,6378101945.646204,124372987940.10092
89,240290,-4779.0,315,True,-260.0984460255456,118.96075178782145,1.5747590123660982,33.1722526550293,240290,99986733.05388968,3189050972.823102,39331628664.81827
56,241975,-19748.0,2562,True,26.946260873853557,64.46693130250465,1.5469331332801564,33.931888580322266,241975,99272176.3474602,5315084954.70517,241304856943.61493
87,242891,-5394.0,540,True,-249.37423799302843,119.03316314838551,1.574211566094999,34.357730865478516,242891,9999821139.140062,1063016990.941034,28701458755.40792
47,243374,-15963.0,2606,True,20.487212186420503,66.16215130263626,1.5474690507442697,34.580482482910156,243374,99156392.61223887,20197322827.879646,181775905450.9167
74,243550,-12833.0,1587,True,-91.62194739093403,84.85561790087723,1.5638737738996311,34.65425491333008,243550,99610078.61843522,15945254864.115513,148822378731.7447
38,243748,-18322.0,2618,True,18.71031451263985,66.69834291743722,1.5476143557529944,34.75849533081055,243748,99242199.4992624,13819220882.233444,267880281717.14102
69,245576,-16786.0,1813,True,-82.01892652445187,84.85029181050649,1.5624695856533062,35.62331771850586,245576,99516675.72560586,3189050972.823102,139255225813.27533
88,245921,-5161.0,543,True,-286.36585151293,133.8238497430229,1.5757517097843725,35.793331146240234,245921,99974868.05776031,2126033981.882068,23386373800.702747
43,246474,-19169.0,2703,True,5.888885255504704,70.54076850339301,1.548623439915481,36.05682373046875,246474,99311204.76582924,7441118936.587238,223233568097.6173
78,250245,-10990.0,1528,True,-167.9227396489672,105.7484171016054,1.5688682634636995,37.93731689453125,250000,99519064.83759823,4252067963.764136,128625055903.86505
73,250672,-21009.0,1834,True,-128.55606162687815,97.73977947755104,1.565657225403947,38.14875411987305,250000,99399304.69061294,2126033981.882068,158389531650.214
92,250834,-5450.0,535,True,-352.07191276193777,160.53738764290497,1.5782930766310648,38.23120880126953,250000,99898756.96705648,3189050972.823102,40394645655.7593
86,253147,-8862.0,937,True,-302.7914155412509,143.75289868443346,1.5761347643975387,39.424171447753906,250000,99773808.16397986,6378101945.646204,95671529184.69302
46,259245,-15696.0,3102,True,-60.71506145073859,90.62745218043324,1.5531244285255768,42.66556930541992,250000,99070181.27751225,11693186900.351376,207288313233.50162
34,259295,-16620.0,3340,True,-38.48246179895843,85.9276633027071,1.548367100882673,42.68292236328125,250000,99077354.59789288,13819220882.233444,163704616604.9191
100,261924,-4136.0,568,True,-513.4002441889803,235.78553075857565,1.583631961908139,44.139915466308594,250000,99956307.66960053,1063016990.941034,43583696628.5824
101,262088,-3934.0,516,True,-529.3905871783116,240.31941389298254,1.5841236418300821,44.22944641113281,250000,9999829169.800108,1063016990.941034,51024815565.16964
91,262649,-8480.0,915,True,-442.0838369817682,200.88217971155552,1.5812102723642776,44.532196044921875,250000,99759735.0497858,2126033981.882068,55276883528.93377
103,264138,-6308.0,552,True,-554.7881888790407,251.93215009613314,1.5848786557714145,45.3790168762207,250000,99846046.81460758,1063016990.941034,51024815565.16964
54,264149,-26830.0,3255,True,-89.1936784686947,101.30207192557198,1.5547717898855196,45.3790168762207,250000,98964775.66874386,11693186900.351376,332724318164.5442
83,267491,-9931.0,1732,True,-344.5971210658137,171.5244172720656,1.5767371885426875,47.345699310302734,250000,99719471.79350431,13819220882.233444,156263497668.3319
58,269338,-19326.0,3417,True,-121.07776297312715,115.12432748042669,1.556434168308354,48.45102310180664,250000,99042622.93356569,28701458755.407906,218981500133.85284
106,274482,-9170.0,739,True,-689.2342904468995,340.4439512131501,1.5880417073692457,51.72932815551758,250000,99926917.07730377,1063016990.941034,59528951492.697876
81,275401,-9708.0,2164,True,-373.47432415473816,196.14164696162817,1.5768510426864606,52.35055160522461,250000,99400639.95862055,13819220882.233444,142444276786.0985
112,276121,-5766.0,421,True,-816.7056877516794,430.47973585015524,1.5906333206951477,52.821495056152344,250000,99937070.12144075,1063016990.941034,37205594682.936195
60,277148,-25812.0,3661,True,-172.74738916311065,140.34138389468617,1.5587885630029825,53.51786422729492,250000,98861792.10581939,18071288845.99758,271069332689.96384
105,277488,-8739.0,838,True,-717.9388519869784,359.70803404992404,1.5885053321825862,53.75994873046875,250000,99837124.25252007,2126033981.882068,62718002465.521
104,280773,-9998.0,954,True,-748.0636070459394,389.79121470201443,1.5889336199380566,56.089542388916016,250000,99808859.35631466,2126033981.882068,59528951492.69791
98,281422,-12431.0,1189,True,-693.1011541060183,359.8407002947128,1.5874876492759378,56.55458450317383,250000,99622620.77456458,2126033981.882068,128625055903.86504
48,283343,-23482.0,3855,True,-217.13176761519276,166.24996538867282,1.5605361983469952,57.97958755493164,250000,98820502.76927145,31890509728.231003,335913369137.36694
115,283939,-4346.0,514,True,-953.7388332975514,552.5147097268457,1.5923583722068178,58.44282913208008,250000,99975807.58979076,1063016990.941034,35079560701.05412
111,283976,-8464.0,684,True,-897.3534832781519,502.84660512801497,1.5916004516402182,58.46704864501953,250000,99825764.94845922,1063016990.941034,45709730610.46447
113,286186,-7579.0,689,True,-943.9154493445409,547.2946347595126,1.5921556845804776,60.1730842590332,250000,99893134.47100322,4252067963.764136,58465934501.756874
85,286301,-9005.0,2181,True,-535.1786113924414,288.09880349746487,1.5819164316679348,60.2484245300293,250000,99317470.67376068,5315084954.70517,130751089885.7471
72,286772,-13654.0,2987,True,-386.1750145761273,230.0570682874283,1.5746275636117755,60.628578186035156,250000,99066037.75367977,2126033981.882068,161578582623.03702
96,287575,-9343.0,1425,True,-745.3356803171258,406.94104062599047,1.5881448894634582,61.280303955078125,250000,99643522.64473577,12756203891.29241,110553767057.86752
90,288268,-7600.0,1804,True,-657.8733892081318,356.4673759213044,1.58568375919452,61.846866607666016,250000,99469607.1212026,7441118936.587238,115868852012.57266
117,290386,-5396.0,497,True,-1110.2263699997839,715.7363162434077,1.5939703812781474,63.568389892578125,250000,9999835469.456173,3189050972.823102,31890509728.231018
99,293854,-10078.0,1572,True,-829.1143943262464,491.2312237779603,1.5894008970063456,66.50350189208984,250000,99518745.30959062,7441118936.587238,106301699094.10336
116,294202,-5697.0,777,True,-1098.5906936468766,726.9567415919851,1.593780468176077,66.80789947509766,250000,99804882.13028042,1063016990.941034,59528951492.697914
171,302747,-3928.0,417,True,-2618.0737175207873,3443.339932430249,1.6013369685253844,141.56915283203125,250000,99912314.86318584,2126033981.882068,37205594682.936195
170,303866,-4502.0,487,True,-2858.7467283712003,4117.0070163507025,1.6018196752471199,159.18687438964844,250000,99852384.57464561,2126033981.882068,21260339818.82068
174,306094,-6347.0,626,True,-3403.5798720947264,5917.501320767212,1.6026501972913743,201.37667846679688,250000,99873295.97081299,4252067963.764136,46772747601.405495
168,308696,-5044.0,789,True,-4179.249109355326,9081.051653184262,1.6034069675479443,270.4381103515625,250000,99798811.0981358,1063016990.941034,47835764592.346535
180,312308,-8956.0,1014,True,-5587.974949873447,17316.162909531286,1.6041292623935777,433.1689758300781,250000,99724164.28352332,6378101945.646204,62718002465.521
187,316676,-3953.0,273,True,-17728.241473858172,119063.91963265667,1.606588106779825,832.0906372070312,250000,99939421.12944835,1063016990.941034,25512407782.584816
188,338004,-12443.0,1333,True,-167964.29880065232,16150739.834741797,1.6062933462102522,20153.43359375,250000,99695565.16318087,1063016990.941034,90356444229.98784
175,348159,-18834.0,3255,True,-317372.7283572271,131571561.84805991,1.6057862510335688,84412.1640625,250000,98979119.8666943,34016543710.113068,186027973414.68085
176,359968,-23623.0,3993,True,-1371166.2016797764,3074628924.7745395,1.6061839865994656,404215.8125,250000,98737614.90843442,14882237873.174479,209414347215.3835
173,361037,-26994.0,4060,True,-1561955.0359646876,4094273916.0906534,1.606221474415271,464970.09375,250000,98713198.2301795,26575424773.52584,223233568097.617
186,361096,-22130.0,3275,True,-1951880.2895595406,5134766219.8568735,1.606901477270454,468756.375,250000,99118179.88794976,11693186900.351376,137129191831.39331
178,363170,-22828.0,4193,True,-2020587.6641175256,7061925819.087777,1.6062953889490823,612600.9375,250000,98658861.85970396,23386373800.702744,221107534115.73492
179,364627,-28584.0,4284,True,-2407865.995851195,10343542342.294645,1.6063452729124237,740292.0625,250000,98802085.27105457,23386373800.702744,209414347215.38354
169,365481,-28138.0,4338,True,-2671220.5314112674,12845511467.299969,1.6063746354781676,827578.125,250000,98718301.1523051,35079560701.0541,211540381197.26562
183,369739,-26040.0,4187,True,-4885922.589518553,41989005475.35194,1.6070293985504736,1438000.75,250000,98749203.65067418,25512407782.58481,240241839952.67365
191,369920,-7564.0,622,True,-24869295.423432477,277338023906.6945,1.6086812112061157,1471113.875,250000,99846442.55058473,1063016990.941034,39331628664.81826
189,370388,-14784.0,2024,True,-10888502.688553762,103678844237.08951,1.607892109427174,1562399.125,250000,99436277.40685637,2126033981.882068,103112648121.28026
185,371390,-25370.0,4081,True,-6237089.027091548,67498268273.335365,1.607167304653918,1781789.0,250000,98695095.90410727,19134305836.938614,199847194296.91425
190,371487,-20304.0,1458,True,-16974265.64945559,193595055709.8178,1.6083204456910347,1804620.5,250000,99908890.95920108,4252067963.764136,85041359275.2827
184,373866,-34267.0,4375,True,-8073399.942187584,125379596022.60081,1.6071798649447304,2463126.0,250000,98564037.96490125,32953526719.172035,217918483142.9118
167,376071,-29174.0,5000,False,-9447530.109017937,197094603590.04282,1.606710135972507,3267287.75,250000,98520783.83032668,14882237873.174479,279573468617.49176
172,376076,-32553.0,5000,False,-9447530.109017937,197094603590.04282,1.606710135972507,3267287.75,250000,98628407.89742623,46772747601.40546,283825536581.25586
177,376081,-31784.0,5000,False,-9447530.109017937,197094603590.04282,1.606710135972507,3267287.75,250000,98485060.64812511,44646713619.52339,300833808436.31244
181,376085,-29398.0,5000,False,-9447530.109017937,197094603590.04282,1.606710135972507,3267287.75,250000,98507522.05434959,36142577691.99513,255124077825.84796
182,376086,-29068.0,5000,False,-9447530.109017937,197094603590.04282,1.606710135972507,3267287.75,250000,98412264.31958495,31890509728.231003,290203638526.9021
196,379257,-7607.0,861,True,-69791185.85394889,2631617553454.588,1.6089521009782188,4933631.0,250000,99858178.53863035,1063016990.941034,40394645655.7593
197,383035,-8798.0,831,True,-116505079.58844766,7351063735829.603,1.6090629791704183,7947292.5,250000,9999724955.754917,2126033981.882068,41457662646.70033
192,384605,-11872.0,1473,True,-93274483.64154786,6475577784025.371,1.6089408170262407,9716003.0,250000,99557950.36602437,5315084954.70517,60591968483.63895
195,384675,-14156.0,1253,True,-107435988.26077414,7720588968710.984,1.6090046809800416,9799382.0,250000,99819817.75426511,4252067963.764136,39331628664.81826
198,386192,-10689.0,1017,True,-152888545.3141593,14330585916040.117,1.6090966928585442,11900255.0,250000,99812650.41828799,1063016990.941034,42520679637.641365
203,387671,-5767.0,725,True,-229781173.13655174,29144041033012.79,1.6091780647738227,14447893.0,250000,99778276.38595319,4252067963.764136,48898781583.28756
205,387761,-6566.0,730,True,-231248535.70958903,29496432984767.65,1.6091787237214716,14598919.0,250000,99773783.94185424,3189050972.823102,40394645655.75929
200,387982,-15553.0,1037,True,-189896684.49566057,22747887415052.96,1.6091299807381607,15058173.0,250000,99903449.45707549,3189050972.823102,44646713619.52344
208,389161,-6037.0,619,True,-302778316.15185785,49686690942464.0,1.6092175521883325,17522414.0,250000,99835865.19248201,1063016990.941034,26575424773.52585
193,391768,-11652.0,1917,True,-185851295.42533907,34652069755823.0,1.60901803605309,24553500.0,250000,99422084.81057476,6378101945.646204,99923597148.45718
207,392742,-10689.0,1041,True,-348912531.6503362,80728906714696.92,1.6092112278073711,27844582.0,250000,9999655473.374126,2126033981.882068,40394645655.75929
215,394846,-7650.0,429,True,-737860914.937063,288168093616829.75,1.6092972540077353,36695028.0,250000,9999857959.440434,1063016990.941034,15945254864.11551
202,397226,-16885.0,1460,True,-478082052.0089041,186427059152847.44,1.60921622012576,50390608.0,250000,99554116.02993304,5315084954.70517,57402917510.81584
199,397524,-14258.0,1696,True,-435666779.5793042,173734212713752.1,1.609183859501807,52293608.0,250000,99515373.3914498,3189050972.823102,71222138393.04929
213,398503,-7900.0,677,True,-962607630.7651403,529451684844088.75,1.609306613376785,59882004.0,250000,99886486.70895377,3189050972.823102,30827492737.289986
201,399695,-14736.0,1763,True,-557871491.6029495,294073101523799.75,1.6092057742233379,70419752.0,250000,99438953.11300482,6378101945.646204,68033087420.22618
219,401902,-7726.0,441,True,-1830579206.4580498,1807156586333609.0,1.6093323921062508,96228536.0,250000,99871245.43882062,2126033981.882068,21260339818.82068
194,402146,-19425.0,2436,True,-566810994.9683908,414916456197665.2,1.6091247437879663,99574456.0,250000,99712685.49737492,4252067963.764136,113742818030.69061
210,402461,-14542.0,1116,True,-1169412339.3763442,979655634473000.4,1.6093029064596982,104357704.0,250000,99879228.46887767,2126033981.882068,42520679637.64137
218,403350,-8344.0,663,True,-1834470367.3001509,1939994224045851.5,1.6093300088093832,117840056.0,250000,99862065.67483589,2126033981.882068,32953526719.17206
214,408401,-19410.0,1290,True,-2313558842.837209,4291451808987228.0,1.609319865149121,257009616.0,250000,99919573.10326193,4252067963.764136,62718002465.521
204,409532,-17351.0,2091,True,-1767288967.2042086,3683363973032214.0,1.609269911716396,311770336.0,250000,99334758.12002325,15945254864.115513,94608512193.75203
209,410971,-17895.0,1746,True,-2555659648.268041,6370887773072016.0,1.6093024271118954,405503680.0,250000,99446382.8210124,5315084954.70517,70159121402.10825
220,411722,-13703.0,906,True,-4818754182.516557,1.4611123119363956e+16,1.6093170683477362,479028352.0,250000,99958668.20360433,4252067963.764136,43583696628.5824
217,412152,-14893.0,1274,True,-3976649274.8759813,1.1915860651292032e+16,1.609312228144993,533696992.0,250000,99691692.72310476,3189050972.823102,48898781583.28757
225,412754,-8673.0,663,True,-6839892827.945702,2.583652740342929e+16,1.6092780182534214,623681344.0,250000,99803022.11821191,1063016990.941034,35079560701.05412
211,412947,-13988.0,1767,True,-3368214969.72043,1.0862276866500902e+16,1.6092899152719171,657864896.0,250000,99541941.03179225,8504135927.528273,85041359275.2827
212,413840,-19460.0,1728,True,-3943661129.013889,1.5170484764835594e+16,1.60926294606179,859978816.0,250000,99475129.1871607,3189050972.823102,63781019456.462036
216,441369,-31882.0,3263,True,-63254395535.53294,6.730475059218178e+20,1.603289271493357,76160909312.0,250000,99032116.61329928,17008271855.056547,113742818030.69063
222,445303,-19656.0,2925,True,-97942570784.03828,2.01649008214907e+21,1.6022898783184525,117721407488.0,250000,99086428.7616492,5315084954.70517,95671529184.69304
206,445669,-26683.0,4349,True,-67993158823.00299,1.4793743065833074e+21,1.6045521924203225,122354868224.0,250000,98635184.66755943,13819220882.233444,162641599613.9781
230,449787,-25168.0,2426,True,-168058628336.6991,7.236747739414239e+21,1.6006003738690386,190566416384.0,250000,99210967.94688952,3189050972.823102,66970070429.28513
221,452900,-22577.0,3461,True,-151756008935.10083,1.0545534103792524e+22,1.6031422507070592,262668582912.0,250000,99180428.25064605,5315084954.70517,92482478211.86993
231,454042,-26039.0,2645,True,-215577059652.37958,1.8000837956314553e+22,1.6012143788806432,295434420224.0,250000,99399738.53057487,3189050972.823102,100986614139.3982
228,455441,-17814.0,2940,True,-216917438764.75647,2.2245179693798837e+22,1.6020030107526553,340281032704.0,250000,99087826.3557672,10630169909.410341,124372987940.10092
224,456878,-22562.0,3436,True,-208186415733.65308,2.6321686554513454e+22,1.6030464191358358,393602170880.0,250000,98905140.68608563,8504135927.528273,98860580157.51614
227,458038,-20969.0,3418,True,-228823271783.98596,3.4203349273052073e+22,1.6030036825893774,442054574080.0,250000,98893161.37800194,21260339818.82068,181775905450.9167
223,459631,-22607.0,3746,True,-236707679766.11212,4.440019386602965e+22,1.6035488429859686,518868598784.0,250000,98854681.11154915,10630169909.410341,158389531650.21396
234,460755,-28198.0,2988,True,-322234291004.6158,7.107296226657506e+22,1.6020892927325874,580449468416.0,250000,99082323.3418015,2126033981.882068,96734546175.63405
229,463564,-20838.0,3377,True,-357069395186.94226,1.1533664298795732e+23,1.6029023444746104,767973916672.0,250000,99173526.82829207,6378101945.646204,106301699094.10335
239,465291,-9763.0,969,True,-1006882468545.9154,5.6204799529671073e+23,1.6087796938739203,911546384384.0,250000,99864044.35472168,2126033981.882068,51024815565.16964
235,468432,-23238.0,3412,True,-521866995481.0598,3.179670871351308e+23,1.6029903516479072,1241384091648.0,250000,99376490.00825904,10630169909.410341,122246953958.21887
236,469289,-13998.0,1745,True,-980819776093.5977,7.425219574771384e+23,1.608170585125087,1351339606016.0,250000,99568613.45809284,1063016990.941034,70159121402.10825
232,470504,-44208.0,3647,True,-579697075613.9731,4.575190531871396e+23,1.603378837251454,1522778243072.0,250000,99196189.09470688,9567152918.469307,114805835021.63164
244,471222,-9736.0,824,True,-1775067725118.136,2.1989126663428382e+24,1.6092081107199192,1630881841152.0,250000,9999727411.548874,1063016990.941034,32953526719.172054
248,471291,-6144.0,375,True,-2328941424279.552,3.729620344355007e+24,1.6093169569174448,1643622825984.0,250000,99933808.15939128,1063016990.941034,20197322827.879646
226,472845,-24938.0,4399,True,-584421890277.5503,6.126199501120145e+23,1.604392730287325,1911471341568.0,250000,98652600.30763547,29764475746.348938,176460820496.21152
242,473937,-15103.0,1156,True,-1882582450558.6714,2.8540417774591053e+24,1.609178662635257,2124864946176.0,250000,99742104.66766027,8504135927.528273,52087832556.11067
238,475189,-18722.0,1845,True,-1535593895748.4055,2.3467664707806958e+24,1.608757455982167,2398318231552.0,250000,99512417.07554878,5315084954.70517,77600240338.69547
247,475980,-11514.0,776,True,-2755346212927.3403,6.068051688424451e+24,1.6093302759313093,2589750198272.0,250000,99794070.97813582,1063016990.941034,13819220882.233444
240,476436,-8929.0,1471,True,-2006224656332.4868,3.768652120903324e+24,1.6091344763862285,2702159642624.0,250000,99605595.70033246,8504135927.528273,77600240338.69547
249,477280,-7083.0,553,True,-3524020194520.651,9.998514291186879e+24,1.6093737203324683,2924887146496.0,250000,9999816899.541983,1063016990.941034,28701458755.40792
233,477410,-28410.0,4041,True,-933249944012.7493,1.6790592538002895e+24,1.6039684333923103,2959726346240.0,250000,98697441.74198164,7441118936.587238,128625055903.86505
237,477783,-27863.0,2030,True,-1780768586194.0964,3.6046917720271974e+24,1.6087858194127458,3065775652864.0,250000,99810451.82621948,5315084954.70517,58465934501.756874
246,482515,-13916.0,1360,True,-3566472761596.9883,1.3189734174206837e+25,1.6093329291023752,4652210323456.0,250000,99577755.11809279,6378101945.646204,52087832556.11067
255,484609,-7590.0,667,True,-6184771109232.456,3.5017986363305685e+25,1.6094140317709906,5574385205248.0,250000,99813279.94830702,1063016990.941034,31890509728.23102
254,484813,-11254.0,748,True,-6006079865401.497,3.3503274002464004e+25,1.6094114229999443,5674862379008.0,250000,99899348.39309074,1063016990.941034,34016543710.11309
261,486903,-8945.0,570,True,-7932149887852.6875,5.828198231471835e+25,1.6094244487714349,6794602610688.0,250000,9999811315.149899,1063016990.941034,12756203891.292408
245,488687,-20444.0,1816,True,-4894113684637.886,3.056566194688513e+25,1.6093432519108977,7913616179200.0,250000,99428098.68674222,10630169909.410341,78663257329.63652
259,489312,-8250.0,752,True,-8728139172232.17,7.390826471377062e+25,1.6094255919389902,8350301945856.0,250000,99859032.33669506,5315084954.70517,40394645655.75929
241,490122,-17265.0,2255,True,-4635543572311.074,3.184199301555353e+25,1.609265896321136,8954585284608.0,250000,99259571.86522044,6378101945.646204,97797563166.5751
253,490923,-7376.0,1227,True,-7767924831793.656,6.583031372539836e+25,1.6094148789199272,9591085596672.0,250000,99620388.43437426,1063016990.941034,49961798574.22861
258,492852,-9768.0,1026,True,-10111320758132.273,1.0756275331010925e+26,1.609426629778586,11322982924288.0,250000,99693214.15517327,4252067963.764136,39331628664.81827
252,493542,-16461.0,1395,True,-8908798830170.654,9.237604858795206e+25,1.6094171124119911,12011712806912.0,250000,99596906.93228683,4252067963.764136,42520679637.641365
243,493630,-21640.0,2297,True,-6128069635930.163,5.786692446848367e+25,1.6093255008271221,12115067797504.0,250000,99428962.01080312,8504135927.528273,92482478211.86993
260,500434,-17261.0,1439,True,-15612966560170.963,2.9881871890240325e+26,1.6094308228149772,22021945688064.0,250000,99549724.01592925,8504135927.528273,61654985474.57998
262,500947,-14902.0,1152,True,-18748661402396.445,3.9946438872822465e+26,1.6094343064922012,23054293925888.0,250000,99993728.92193532,1063016990.941034,51024815565.16963
257,502220,-19683.0,1640,True,-16601131183668.45,3.620196259030099e+26,1.6094298726901775,25638014550016.0,250000,99670047.01096022,1063016990.941034,81852308302.4596
270,505076,-9711.0,764,True,-33066493639503.08,1.1561087692713682e+27,1.60943703014033,33411114729472.0,250000,99851115.98861136,3189050972.823102,31890509728.23102
251,505992,-22382.0,2218,True,-18143822576038.895,5.296363858167122e+26,1.6094229595955694,35831016325120.0,250000,99376470.95626666,8504135927.528273,81852308302.4596
250,506025,-22633.0,2296,True,-17665768300872.25,5.1467010354267014e+26,1.6094203918834804,35925111341056.0,250000,99531616.51972379,18071288845.99758,136066174840.4523
265,510775,-13708.0,1492,True,-37737343148932.46,1.883828480707903e+27,1.6094365364524859,60728392286208.0,250000,99563772.9079977,5315084954.70517,73348172374.93135
269,511051,-12193.0,1258,True,-43428431404678.305,2.3328776790063093e+27,1.6094370833664706,62953562832896.0,250000,99648601.34473574,3189050972.823102,41457662646.70033
273,513170,-7735.0,796,True,-69996037290797.02,5.513276286228226e+27,1.6094376279892932,83977431941120.0,250000,99844506.33054668,2126033981.882068,44646713619.52342
268,513450,-17753.0,1458,True,-50356424875301.58,3.4920030700181025e+27,1.6094370724017564,87304060272640.0,250000,99616406.85247706,1063016990.941034,68033087420.22618
267,514144,-18930.0,1552,True,-51858628034475.55,3.8787635552150706e+27,1.6094370047686641,95217000644608.0,250000,99694191.7911885,1063016990.941034,51024815565.16964
266,514991,-20924.0,1644,True,-54442630557925.22,4.480905912014794e+27,1.6094369588016448,103000865505280.0,250000,99467089.00112648,2126033981.882068,79726274320.57753
276,516948,-8284.0,742,True,-109785423281469.4,1.359114409450651e+28,1.609437742142504,112288086360064.0,250000,99835650.45043252,2126033981.882068,39331628664.81826
275,517244,-10392.0,939,True,-99529608865532.45,1.182565915003792e+28,1.609437706736457,113076858781696.0,250000,99774742.52587707,7441118936.587238,41457662646.70033
272,518078,-13007.0,1528,True,-77773382696531.1,8.713884652944151e+27,1.6094374502204476,115613649338368.0,250000,99507829.3714879,8504135927.528273,61654985474.57998
264,518845,-16609.0,2127,True,-63751929453047.58,7.096698835639335e+27,1.6094365113348708,117625296257024.0,250000,99626869.89862546,4252067963.764136,98860580157.51614
256,519765,-35064.0,2786,True,-53994872669536.12,6.162404781172489e+27,1.6094323967697803,119467593957376.0,250000,99111593.63774043,2126033981.882068,87167393257.16473
274,521715,-13097.0,1298,True,-115647109894137.69,1.6435499803154631e+28,1.6094377388939467,123695611772928.0,250000,99639011.14864443,2126033981.882068,43583696628.5824
280,523323,-12018.0,767,True,-171488774091302.06,2.9810991654085174e+28,1.6094378575468933,126746405896192.0,250000,99801763.05817385,1063016990.941034,30827492737.28999
288,523917,-3380.0,317,True,-198374976422198.1,3.878550273879775e+28,1.6094379326334511,127774605967360.0,250000,99936326.2794674,2126033981.882068,23386373800.70275
271,526054,-23210.0,2032,True,-107656514179620.28,1.6262718787175746e+28,1.6094375643879175,131272068300800.0,250000,99518382.507465,2126033981.882068,72285155383.9903
263,526225,-17298.0,2601,True,-87973018330678.53,1.2931701218329652e+28,1.6094367301656576,131272068300800.0,250000,99265266.21338029,10630169909.410341,116931869003.5137
283,528288,-11134.0,884,True,-195468397980973.2,3.7886256427439538e+28,1.6094379174729547,135211442503680.0,250000,99724793.81354235,4252067963.764136,43583696628.5824
279,530935,-12594.0,1260,True,-186926574048441.28,3.548272807524118e+28,1.609437886164302,137857209466880.0,250000,9999582896.14336,1063016990.941034,51024815565.16964
277,531128,-14429.0,1571,True,-165855871519894.56,2.989633398571511e+28,1.6094378518933024,138030862041088.0,250000,99653947.5868994,11693186900.351376,73348172374.93135
281,531298,-12142.0,1133,True,-196996580655494.44,3.8668057553301354e+28,1.609437910966503,138887045316608.0,250000,99975516.63977173,4252067963.764136,72285155383.9903
287,531566,-13892.0,843,True,-207988009161602.88,4.273819123925704e+28,1.609437935752518,138887045316608.0,250000,99840510.05252005,1063016990.941034,22323356809.761715
291,534267,-9125.0,684,True,-218363903143816.22,4.703591591067992e+28,1.609437939280655,142316845137920.0,250000,99804300.23024236,2126033981.882068,27638441764.466885
292,536141,-8699.0,764,True,-220972591596806.7,4.81726179887309e+28,1.6094379397547993,144219817639936.0,250000,99804018.80621952,2126033981.882068,39331628664.81826
282,536874,-10977.0,1464,True,-205370476240045.47,4.202770374712778e+28,1.6094379205297413,145286647250944.0,250000,99564354.80803576,1063016990.941034,39331628664.81826
290,538003,-9123.0,1018,True,-220026308598439.97,4.780874038125059e+28,1.6094379393431433,145699014443008.0,250000,99689556.45714664,1063016990.941034,32953526719.17205
293,540166,-9614.0,882,True,-226624994658670.88,5.066698879631045e+28,1.6094379405788823,146804230324224.0,250000,99777947.33194938,1063016990.941034,23386373800.70275
285,541172,-14404.0,1514,True,-216420103271054.72,4.640943543419983e+28,1.609437937042436,147051392270336.0,250000,99510180.3794955,6378101945.646204,59528951492.6979
289,542357,-19640.0,1412,True,-221159595076808.16,4.837226462968365e+28,1.6094379391489555,148012072435712.0,250000,99793255.28405589,2126033981.882068,36142577691.99516
294,544001,-17708.0,1111,True,-229367174053696.28,5.191320630127382e+28,1.6094379408283346,149286234882048.0,250000,99680090.09900585,5315084954.70517,53150849547.0517
286,544972,-16659.0,1733,True,-220022102774948.84,4.797869823444464e+28,1.609437937878902,150623060230144.0,250000,99438695.09683733,8504135927.528273,62718002465.52102
298,545874,-13448.0,911,True,-234682529042022.84,5.431550347575458e+28,1.6094379414416826,151049419620352.0,250000,99911184.81123152,1063016990.941034,46772747601.4055
296,547239,-14442.0,1019,True,-235169155726475.7,5.454746378315575e+28,1.609437941452004,151049419620352.0,250000,9999662674.458248,3189050972.823102,52087832556.110664
302,550330,-13084.0,841,True,-240009617826542.03,5.6797406680929015e+28,1.6094379420264864,151330303770624.0,250000,99786211.78602928,3189050972.823102,26575424773.525852
278,551689,-30003.0,2854,True,-198059262847918.9,4.14450781298464e+28,1.6094378924183939,152367169273856.0,250000,99107387.78779756,9567152918.469307,96734546175.6341
300,556123,-19703.0,1366,True,-240666990362360.12,5.712271874016835e+28,1.6094379418721834,154916635017216.0,250000,99736248.37756513,1063016990.941034,30827492737.28999
310,561175,-11532.0,871,True,-247212953507640.12,6.025854559448993e+28,1.609437942196937,155720649539584.0,250000,99858226.16861132,2126033981.882068,35079560701.05412
284,562159,-23373.0,2948,True,-227695511952752.2,5.155864397083143e+28,1.60943793706606,155720649539584.0,250000,99042306.94715077,6378101945.646204,114805835021.63162
304,563414,-13242.0,1453,True,-245561031410780.3,5.946539828073523e+28,1.6094379421151759,156089379192832.0,250000,99631719.9747168,5315084954.70517,73348172374.93134
305,563556,-22057.0,1399,True,-245993499422061.25,5.967265571172245e+28,1.609437942110785,156089379192832.0,250000,99564612.00993298,4252067963.764136,72285155383.99028
306,563973,-14029.0,1351,True,-246547060051231.28,5.9939238724873466e+28,1.6094379421409017,156089379192832.0,250000,99570287.30610044,4252067963.764136,78663257329.6365
299,564190,-15117.0,2039,True,-242019990730212.62,5.779787728074991e+28,1.6094379418910048,156089379192832.0,250000,99471404.80716072,9567152918.469307,102049631130.33923
311,565066,-12601.0,921,True,-248992124956142.78,6.1129023534120795e+28,1.6094379422136549,156089379192832.0,250000,99726920.55350427,1063016990.941034,37205594682.93619
297,565288,-16808.0,2135,True,-242098522780781.84,5.783996290511015e+28,1.6094379419046487,156089379192832.0,250000,99315744.02563888,10630169909.410341,64844036447.40309
316,568982,-5593.0,348,True,-252436936745242.47,6.282904567590897e+28,1.6094379423764245,156997060132864.0,250000,99922496.4853114,1063016990.941034,17008271855.056545
314,569687,-7032.0,532,True,-252134622607067.44,6.2678396571868494e+28,1.609437942392844,156997060132864.0,250000,9999823943.040014,2126033981.882068,19134305836.93861
315,570063,-6793.0,494,True,-252318328729649.75,6.276962742361163e+28,1.6094379423842256,156997060132864.0,250000,9999836389.93622,3189050972.823102,36142577691.995155
307,570801,-13578.0,1675,True,-248491703413060.0,6.089052995511958e+28,1.6094379422379963,156997060132864.0,250000,99561283.36591016,7441118936.587238,72285155383.99031
312,571929,-18182.0,1265,True,-250697194900335.1,6.196987511901886e+28,1.6094379422575118,158331050131456.0,250000,99692207.94116947,2126033981.882068,30827492737.289986
301,572749,-25075.0,2288,True,-246291377875130.2,5.983954244283748e+28,1.6094379421076053,158984707244032.0,250000,99490089.03327101,4252067963.764136,86104376266.22374
303,572915,-21935.0,2182,True,-246992762254419.53,6.01750241212712e+28,1.609437942142939,159158854746112.0,250000,99299110.33152096,11693186900.351376,111616784048.80853
309,574930,-19562.0,1816,True,-249901326068370.6,6.158596628701029e+28,1.6094379422669238,159158854746112.0,250000,99584102.40412702,6378101945.646204,66970070429.28514
322,575462,-5577.0,405,True,-255003529701370.94,6.411413034895703e+28,1.609437942247332,159158854746112.0,250000,99931466.67737988,1063016990.941034,26575424773.52585
319,577886,-11208.0,856,True,-254567658896336.16,6.389738814709843e+28,1.6094379422959881,159758019461120.0,250000,99794843.39809775,1063016990.941034,29764475746.348953
295,578608,-27315.0,3145,True,-244312099769736.34,5.894764163579514e+28,1.6094379419126268,159758019461120.0,250000,98966467.75447358,15945254864.115513,124372987940.10092
324,579327,-3950.0,579,True,-256228714978776.22,6.473245950160392e+28,1.6094379422732585,159758019461120.0,250000,99835488.50849724,2126033981.882068,30827492737.28999
313,581115,-27515.0,1562,True,-253710958050929.4,6.347118678394172e+28,1.609437942352246,159758019461120.0,250000,99520586.26966675,1063016990.941034,32953526719.172054
317,581220,-7979.0,1104,True,-255009959478672.7,6.412061090852076e+28,1.6094379423429137,159758019461120.0,250000,99731751.57760322,4252067963.764136,62718002465.52101
318,584277,-20172.0,1269,True,-255550670132926.84,6.439323529283003e+28,1.6094379423404885,160402868535296.0,250000,99769091.45183523,1063016990.941034,41457662646.70033
330,585558,-12146.0,631,True,-257776424017335.78,6.551532823610963e+28,1.6094379424104222,160402868535296.0,250000,99841421.00656192,1063016990.941034,30827492737.289986
329,587826,-8197.0,806,True,-257912645371035.0,6.558472185955318e+28,1.609437942393956,161136989175808.0,250000,99925787.02534945,4252067963.764136,35079560701.05412
328,590083,-9056.0,1073,True,-257985671430785.3,6.562253912800526e+28,1.6094379424215586,161136989175808.0,250000,99722833.37137868,2126033981.882068,47835764592.346535
331,590558,-9511.0,792,True,-258471563619152.16,6.58694740563048e+28,1.6094379424296243,161136989175808.0,250000,99931776.6793913,3189050972.823102,30827492737.289986
321,592200,-19267.0,1682,True,-256878910268843.38,6.506495456288477e+28,1.6094379423454173,161918287347712.0,250000,99474537.76112644,4252067963.764136,64844036447.40307
334,594363,-11759.0,828,True,-259344643758742.88,6.631562513309306e+28,1.6094379423969034,161918287347712.0,250000,99782291.7159722,1063016990.941034,49961798574.22861
327,595453,-15300.0,1419,True,-258605510572105.6,6.593919251628605e+28,1.6094379424208733,161918287347712.0,250000,99575833.59418416,5315084954.70517,70159121402.10825
335,596260,-10473.0,940,True,-259560098059233.5,6.642592389415926e+28,1.6094379424097691,161918287347712.0,250000,99849771.19460756,2126033981.882068,44646713619.52343
333,596719,-12348.0,1087,True,-259372812116729.16,6.633028608501529e+28,1.6094379424226317,161918287347712.0,250000,99667676.95096023,5315084954.70517,47835764592.346535
340,596990,-4192.0,402,True,-260794067420603.22,6.70576345127823e+28,1.6094379424307477,161918287347712.0,250000,9999866853.424555,3189050972.823102,31890509728.231018
337,598054,-9258.0,781,True,-260215882291055.78,6.67612936040296e+28,1.6094379424285645,161918287347712.0,250000,99755776.87574394,2126033981.882068,30827492737.28999
320,598538,-15968.0,2092,True,-257617249635639.3,6.544115170836297e+28,1.60943794237667,161918287347712.0,250000,99383666.87023236,7441118936.587238,63781019456.46205
332,599552,-12236.0,1309,True,-259523589237022.3,6.640746991274426e+28,1.609437942436581,161918287347712.0,250000,99829489.3284592,3189050972.823102,58465934501.756874
339,599619,-5087.0,596,True,-260786984528627.97,6.705359948254327e+28,1.6094379424548788,161918287347712.0,250000,99847854.02656189,5315084954.70517,42520679637.64136
336,603349,-15842.0,1192,True,-260311139390402.16,6.680969949201743e+28,1.6094379424548788,161918287347712.0,250000,99710401.17134067,1063016990.941034,42520679637.64136
347,609302,-7848.0,703,True,-262097049059467.84,6.7730248037469275e+28,1.6094379423353105,164592391028736.0,250000,9999767446.18133,1063016990.941034,19134305836.93861
308,609324,-33381.0,4022,True,-255241238183267.94,6.426717611449533e+28,1.6094379423307519,164603698872320.0,250000,98852692.0913969,27638441764.466873,166893667577.74225
325,610049,-17418.0,2453,True,-259697374722145.7,6.650060873172114e+28,1.6094379423651655,164603698872320.0,250000,99865031.5167331,3189050972.823102,105238682103.16232
326,610633,-21825.0,2419,True,-259938936706542.84,6.66240453061826e+28,1.6094379423878418,164603698872320.0,250000,99302210.35163514,11693186900.351376,126499021921.983
343,610781,-12056.0,958,True,-262215794426950.56,6.779259703555596e+28,1.6094379423804472,164603698872320.0,250000,99771065.77585806,3189050972.823102,30827492737.289986
323,611015,-22853.0,2583,True,-259651727166500.06,6.647876711196758e+28,1.6094379423721974,164603698872320.0,250000,99460068.91095522,4252067963.764136,103112648121.28024
338,612002,-21832.0,1511,True,-261787804137373.06,6.757227840730983e+28,1.609437942406265,164603698872320.0,250000,9999499913.022383,3189050972.823102,38268611673.87723
346,612510,-12888.0,970,True,-262681646629066.7,6.803436906329321e+28,1.6094379423819867,164603698872320.0,250000,99876200.30087008,1063016990.941034,30827492737.289986
351,615029,-8090.0,730,True,-264175028056254.78,6.880946135318906e+28,1.6094379423415823,164603698872320.0,250000,99806021.70823093,1063016990.941034,25512407782.584816
358,615714,-2930.0,232,True,-265289634089171.88,6.938995374083573e+28,1.6094379425048828,164603698872320.0,250000,9999923173.645159,1063016990.941034,15945254864.115509
344,617156,-17886.0,1306,True,-263200363025657.34,6.830405732729575e+28,1.6094379424136047,164603698872320.0,250000,99877731.25893478,1063016990.941034,55276883528.93375
348,617178,-14712.0,1165,True,-263478120817673.66,6.844814917933766e+28,1.6094379424025573,164603698872320.0,250000,99931466.67737988,2126033981.882068,45709730610.46447
349,617952,-14556.0,1150,True,-263691312883587.34,6.855878718380448e+28,1.6094379424012226,164603698872320.0,250000,99658868.70082705,1063016990.941034,34016543710.11309
345,619007,-13966.0,1393,True,-263420867951569.7,6.841841137130585e+28,1.6094379424193055,164603698872320.0,250000,99643789.37262918,4252067963.764136,56339900519.8748
355,619193,-10190.0,535,True,-265289696852392.9,6.938933804539611e+28,1.6094379425048828,164603698872320.0,250000,9999822984.455986,1063016990.941034,13819220882.233442
350,619939,-10179.0,1270,True,-263855981396690.44,6.86442222837595e+28,1.6094379424110172,164603698872320.0,250000,99615052.53247707,6378101945.646204,42520679637.641365
342,621227,-22779.0,1679,True,-263360740136319.62,6.838736526273931e+28,1.6094379424338827,164603698872320.0,250000,99480789.78719874,2126033981.882068,71222138393.04926
341,623288,-20889.0,1943,True,-263358274827890.62,6.838654534817062e+28,1.6094379424358605,165028716085248.0,250000,99506708.84552978,12756203891.29241,86104376266.22374
363,624954,-7509.0,486,True,-265579518413920.9,6.954091790475473e+28,1.609437942474222,165028716085248.0,250000,99866328.68075593,1063016990.941034,15945254864.11551
352,626870,-13353.0,1098,True,-265558079004567.56,6.9530307812163675e+28,1.6094379424777405,165447257292800.0,250000,99859079.96667603,2126033981.882068,53150849547.05171
361,628738,-14241.0,814,True,-265847003528531.66,6.968176794509039e+28,1.6094379424682705,165447257292800.0,250000,99896978.33309075,2126033981.882068,41457662646.70033
353,629356,-12860.0,1252,True,-265694294294161.6,6.960184701472099e+28,1.609437942481079,165447257292800.0,250000,99671773.65908203,2126033981.882068,61654985474.57996
366,629865,-8465.0,667,True,-266114339133215.84,6.982259191871219e+28,1.6094379424602017,165447257292800.0,250000,99876219.35286246,1063016990.941034,26575424773.525852
359,631838,-11121.0,1208,True,-265912548823935.16,6.971653289878502e+28,1.6094379424678766,165871938961408.0,250000,99664858.35486889,4252067963.764136,54213866537.99274
357,632247,-12847.0,1327,True,-265896681349471.88,6.97082400320538e+28,1.609437942471195,165871938961408.0,250000,99606430.44640478,6378101945.646204,54213866537.99273
372,634002,-3358.0,329,True,-267372669870154.7,7.048589709355262e+28,1.609437942369006,166528129433600.0,250000,99960661.57961954,2126033981.882068,20197322827.879646
354,634513,-21117.0,1529,True,-266100584364869.16,6.981592250861518e+28,1.6094379424464087,166889326116864.0,250000,99655134.79483087,1063016990.941034,64844036447.40307
365,636847,-11540.0,1115,True,-266885171002995.25,7.022936615913024e+28,1.6094379424246972,166897614061568.0,250000,99680953.42306675,2126033981.882068,41457662646.70033
367,638531,-9497.0,1162,True,-267172652575336.88,7.038119662983149e+28,1.6094379424151168,167306860691456.0,250000,99740874.18561079,8504135927.528273,70159121402.10825
362,639604,-9589.0,1403,True,-267057023517956.56,7.032041482262305e+28,1.6094379424305363,167306860691456.0,250000,99577950.80814989,8504135927.528273,74411189365.87238
364,641872,-14288.0,1495,True,-267361548384561.5,7.048147318912247e+28,1.6094379424351115,167306860691456.0,250000,99622601.7225722,3189050972.823102,85041359275.28268
371,641958,-8862.0,943,True,-268284854831314.66,7.096902277130867e+28,1.6094379424258736,167306860691456.0,250000,99861693.34671408,1063016990.941034,36142577691.99516
373,643116,-8625.0,860,True,-268696922495538.0,7.118720137642989e+28,1.6094379424182481,167306860691456.0,250000,99775653.47991894,2126033981.882068,40394645655.7593
356,646477,-23892.0,2231,True,-267239742224250.9,7.041795809234203e+28,1.6094379424581289,167306860691456.0,250000,99361912.01626673,4252067963.764136,95671529184.69302
376,647927,-12742.0,980,True,-269364317971936.66,7.154091914190693e+28,1.6094379424288565,167738857226240.0,250000,99736033.63551565,1063016990.941034,43583696628.5824
360,647957,-33200.0,2058,True,-267623842760200.47,7.062081908601466e+28,1.609437942446958,167738857226240.0,250000,99672049.91297163,6378101945.646204,66970070429.28514
369,649288,-17718.0,1625,True,-268463793290830.47,7.106451197683028e+28,1.6094379424406933,167738857226240.0,250000,99508158.4254917,6378101945.646204,63781019456.46205
374,651561,-12221.0,1356,True,-269267659550272.94,7.149007942018431e+28,1.6094379424389484,167738857226240.0,250000,99589019.1621917,2126033981.882068,74411189365.87238
381,653332,-10169.0,858,True,-269974708976671.03,7.18658158448107e+28,1.6094379424875156,167738857226240.0,250000,99736286.4815499,2126033981.882068,35079560701.05412
370,653658,-17878.0,1794,True,-268893054174791.34,7.12921034768665e+28,1.60943794244674,167738857226240.0,250000,99618242.64241995,11693186900.351376,68033087420.2262
368,654795,-14727.0,2098,True,-268608812126079.16,7.114200362766302e+28,1.6094379424480623,167738857226240.0,250000,99577745.5920966,11693186900.351376,104175665112.22131
377,655522,-17080.0,1345,True,-269789125231700.5,7.17672158659717e+28,1.609437942471646,167738857226240.0,250000,99626626.5785874,4252067963.764136,59528951492.697914
382,655856,-11823.0,874,True,-270094296487040.88,7.192974839741223e+28,1.6094379424878333,167738857226240.0,250000,99840791.47654289,3189050972.823102,23386373800.702747
386,656311,-5759.0,524,True,-270336218207865.16,7.2058946482796e+28,1.6094379425048828,167738857226240.0,250000,9999826451.634113,3189050972.823102,25512407782.584816
380,658835,-11944.0,1269,True,-270131387532735.84,7.194959954641316e+28,1.6094379424813978,168171961057280.0,250000,99656651.05676615,4252067963.764136,61654985474.57997
379,659183,-18924.0,1396,True,-270074457193087.62,7.191926958621026e+28,1.6094379424728602,168171961057280.0,250000,99551926.96386072,3189050972.823102,71222138393.04929
375,660766,-13621.0,1808,True,-269866424946506.75,7.180877291067709e+28,1.6094379424554321,168171961057280.0,250000,99550744.1117922,6378101945.646204,48898781583.28757
378,661185,-16276.0,1667,True,-270050695956584.44,7.190672769434413e+28,1.609437942478066,168171961057280.0,250000,99492721.46530145,5315084954.70517,59528951492.697914
390,663108,-9234.0,611,True,-270799384207185.7,7.230650529103503e+28,1.6094379424804948,168171961057280.0,250000,99908037.16113637,1063016990.941034,31890509728.231026
392,665739,-10469.0,684,True,-271014314110472.97,7.242156134628345e+28,1.609437942461312,168605551427584.0,250000,99903559.41316685,2126033981.882068,35079560701.05412
395,666519,-7413.0,638,True,-271170338557964.84,7.250525169945148e+28,1.6094379424581706,168605551427584.0,250000,99913688.23517822,1063016990.941034,29764475746.348953
394,667232,-6493.0,711,True,-271171018799838.5,7.2505606634852125e+28,1.6094379424629668,168605551427584.0,250000,99883496.64493094,3189050972.823102,34016543710.11309
385,667517,-11432.0,1315,True,-270798165409119.2,7.23060963417233e+28,1.6094379424708878,168605551427584.0,250000,99625009.88655695,4252067963.764136,46772747601.4055
391,667594,-11095.0,871,True,-271054497724902.72,7.244328331012439e+28,1.6094379424706666,168605551427584.0,250000,99964610.2276652,2126033981.882068,32953526719.17206
384,669212,-19257.0,1631,True,-270709797745722.38,7.225874836399502e+28,1.609437942477474,168605551427584.0,250000,99660728.71289556,3189050972.823102,41457662646.70033
398,672158,-9297.0,712,True,-271518796823655.56,7.269127676403758e+28,1.6094379424839542,168605551427584.0,250000,99781452.61403692,1063016990.941034,40394645655.7593
388,672568,-17323.0,1455,True,-271064378319799.5,7.244828788467124e+28,1.6094379424844,168605551427584.0,250000,99746129.52367547,5315084954.70517,70159121402.10825
383,674662,-25386.0,2044,True,-270841548563826.72,7.232906733082747e+28,1.6094379424830123,168605551427584.0,250000,99481428.84321396,4252067963.764136,82915325293.40063
399,676337,-11111.0,947,True,-271590756892101.06,7.272931785291042e+28,1.6094379424891476,168605551427584.0,250000,99757965.94181626,3189050972.823102,55276883528.93376
405,677114,-11085.0,595,True,-271731397908201.2,7.280352927940648e+28,1.6094379425048828,168605551427584.0,250000,99902319.40512118,1063016990.941034,18071288845.997578
393,678546,-13929.0,1439,True,-271434177377118.47,7.264547435249789e+28,1.6094379424841723,168605551427584.0,250000,9999523757.326643,5315084954.70517,97797563166.5751
401,682715,-14460.0,1061,True,-271731556366577.28,7.280368051270406e+28,1.6094379425048828,168605551427584.0,250000,99907293.31916302,1063016990.941034,39331628664.81826
389,683785,-19359.0,2014,True,-271348035559887.7,7.259930917252592e+28,1.6094379424900853,168605551427584.0,250000,99487747.5512596,3189050972.823102,63781019456.462036
400,685188,-14081.0,1380,True,-271695825905206.9,7.278472125402181e+28,1.6094379424940848,168605551427584.0,250000,99555947.46401297,5315084954.70517,75474206356.81342
407,686686,-11691.0,908,True,-271731917114110.88,7.280301055468284e+28,1.6094379425048828,168605551427584.0,250000,99772859.10595322,3189050972.823102,52087832556.11067
403,688464,-13719.0,1327,True,-271737554380758.34,7.280608150188358e+28,1.6094379424936536,169040903405568.0,250000,99587445.74427927,1063016990.941034,62718002465.52101
387,688549,-22330.0,2537,True,-271307286950968.1,7.257712494770022e+28,1.6094379424872622,169040903405568.0,250000,99259986.65318999,13819220882.233444,109490750066.92648
402,691527,-16396.0,1563,True,-271858124664577.8,7.287072134377209e+28,1.6094379424858154,169457984995328.0,250000,99591284.43623357,3189050972.823102,75474206356.8134
409,692406,-17130.0,1109,True,-271976928161175.2,7.293389531715916e+28,1.6094379424780096,169457984995328.0,250000,99684749.65517332,2126033981.882068,35079560701.05412
397,692767,-25194.0,2099,True,-271771140247491.5,7.282486867361787e+28,1.6094379424835854,169457984995328.0,250000,99458543.12302375,10630169909.410341,104175665112.22131
396,693299,-18800.0,2154,True,-271784036750068.84,7.283177097264024e+28,1.6094379424841292,169457984995328.0,250000,99323717.52969974,4252067963.764136,100986614139.3982
408,694488,-16677.0,1370,True,-272061484206184.66,7.297921065997743e+28,1.6094379424831293,169457984995328.0,250000,99764651.80785048,5315084954.70517,52087832556.11067
411,694986,-10120.0,1117,True,-272174318659523.5,7.303953295219856e+28,1.6094379424782022,169457984995328.0,250000,99671897.49703254,5315084954.70517,39331628664.81826
410,696833,-15229.0,1281,True,-272240934570251.0,7.30752095743677e+28,1.6094379424816179,169457984995328.0,250000,99623288.40856838,1063016990.941034,45709730610.464455
423,698888,-5358.0,275,True,-273104994699599.12,7.353808608369083e+28,1.6094379425048828,169457984995328.0,250000,9999908976.692982,1063016990.941034,10630169909.41034
419,699111,-4968.0,474,True,-273104904043507.03,7.353819718286452e+28,1.6094379425048828,169457984995328.0,250000,99971472.73176414,1063016990.941034,26575424773.52585
412,701090,-16432.0,1409,True,-272453944645883.47,7.318929965420217e+28,1.6094379424837315,169457984995328.0,250000,99682336.32105532,3189050972.823102,57402917510.815834
415,706100,-12193.0,1307,True,-272839111311234.66,7.339526078293871e+28,1.6094379424820808,169457984995328.0,250000,99694916.58116946,4252067963.764136,58465934501.75687
406,706460,-20224.0,2328,True,-272367022980725.88,7.314289646091928e+28,1.609437942492081,169457984995328.0,250000,99359274.41410306,17008271855.056547,125436004931.04198
421,707711,-16960.0,934,True,-273105090181905.0,7.353755962204078e+28,1.6094379425048828,169457984995328.0,250000,99973194.20975271,1063016990.941034,28701458755.407917
416,709598,-14243.0,1432,True,-272952458965243.72,7.345571602961062e+28,1.6094379424840712,169457984995328.0,250000,99669856.49103636,6378101945.646204,56339900519.8748
418,712261,-14204.0,1482,True,-273148165201378.28,7.356117460920846e+28,1.6094379424747185,170150431031296.0,250000,99544001.08978082,4252067963.764136,79726274320.57755
424,714746,-13517.0,1235,True,-273354683046363.94,7.367230907908061e+28,1.6094379424807514,170150431031296.0,250000,99617694.4905037,2126033981.882068,65907053438.3441
414,715097,-26085.0,1957,True,-273036449319660.25,7.350155848359415e+28,1.6094379424744256,170150431031296.0,250000,99377891.95824,6378101945.646204,60591968483.63894
425,717761,-15110.0,1308,True,-273500958210442.56,7.375118902577801e+28,1.6094379424820981,170150431031296.0,250000,99657166.27483086,2126033981.882068,53150849547.0517
431,717983,-8122.0,642,True,-273935847975951.94,7.398611929992823e+28,1.6094379424584617,170150431031296.0,250000,99954981.92758912,2126033981.882068,40394645655.7593
430,719724,-9353.0,829,True,-273895014883021.66,7.396403718687805e+28,1.6094379424689331,170150431031296.0,250000,99766025.17984286,1063016990.941034,18071288845.997578
426,721464,-14925.0,1411,True,-273655333400921.44,7.383457294566778e+28,1.6094379424837615,170150431031296.0,250000,99554897.97589116,2126033981.882068,72285155383.99031
427,722855,-12351.0,1484,True,-273693610360699.5,7.385538743008385e+28,1.6094379424848004,170150431031296.0,250000,99621013.60853033,2126033981.882068,69096104411.16722
436,724193,-5579.0,402,True,-274219711229320.28,7.414011708945466e+28,1.6094379425048828,170150431031296.0,250000,9999867024.89247,3189050972.823102,29764475746.348953
435,724537,-9983.0,590,True,-274219686830329.94,7.413994043501875e+28,1.6094379425048828,170150431031296.0,250000,99986122.57586303,2126033981.882068,20197322827.879646
404,725965,-31295.0,3653,True,-272893124392626.44,7.34258389024401e+28,1.609437942488566,170150431031296.0,250000,99310345.7976313,19134305836.938614,138192208822.33435
434,727114,-10922.0,773,True,-274219680552305.6,7.413978548261962e+28,1.6094379425048828,170150431031296.0,250000,99816231.90834507,2126033981.882068,32953526719.17206
413,727803,-26089.0,2818,True,-273338826641300.44,7.366477036397965e+28,1.6094379424837315,170150431031296.0,250000,99724288.12147383,6378101945.646204,107364716085.04442
420,728454,-15889.0,2253,True,-273665358655875.25,7.384024573975011e+28,1.609437942491655,170150431031296.0,250000,99316135.40575308,5315084954.70517,109490750066.92645
437,729007,-8212.0,689,True,-274219683686242.47,7.413994403533092e+28,1.6094379425048828,170150431031296.0,250000,99840104.7905467,1063016990.941034,38268611673.87723
422,731107,-14532.0,2363,True,-273717577675700.16,7.386847255602471e+28,1.6094379424922707,170150431031296.0,250000,99334042.04176821,10630169909.410341,114805835021.63162
441,732449,-9925.0,516,True,-274219615584764.03,7.4139829316268775e+28,1.6094379425048828,170150431031296.0,250000,99987438.79187825,1063016990.941034,22323356809.761715
432,734846,-18293.0,1578,True,-274187519015527.2,7.412246736116942e+28,1.6094379424859966,170150431031296.0,250000,99505301.72541559,5315084954.70517,56339900519.87482
440,735303,-9546.0,778,True,-274219620772719.22,7.413968612774553e+28,1.6094379425048828,170150431031296.0,250000,9999742548.033089,1063016990.941034,42520679637.64136
443,737421,-7194.0,716,True,-274219596467880.75,7.413962352985298e+28,1.6094379425048828,170150431031296.0,250000,99828473.58845921,1063016990.941034,38268611673.87723
433,738245,-16563.0,1624,True,-274219638260034.84,7.413976386105146e+28,1.6094379425048828,170150431031296.0,250000,99491639.0433281,6378101945.646204,66970070429.28514
444,738474,-8892.0,710,True,-274219591279999.62,7.413960882352395e+28,1.6094379425048828,170150431031296.0,250000,99939459.23343313,1063016990.941034,48898781583.28757
438,740316,-11000.0,1287,True,-274219630372630.1,7.413954579944223e+28,1.6094379425048828,170150431031296.0,250000,99663452.04902497,1063016990.941034,71222138393.04927
428,741794,-16334.0,2544,True,-273966662819067.16,7.4002805784553e+28,1.609437942493168,170150431031296.0,250000,99309716.26761226,14882237873.174479,117994885994.45476
417,742112,-29630.0,3353,True,-273743388815053.38,7.388252417557824e+28,1.6094379424915504,170150431031296.0,250000,99024528.50494911,9567152918.469307,140318242804.21643
442,742185,-12920.0,1103,True,-274219605238658.66,7.4139481780747155e+28,1.6094379425048828,170150431031296.0,250000,99725747.22743195,1063016990.941034,53150849547.05171
447,742607,-10850.0,850,True,-274219590936706.1,7.4139355215346275e+28,1.6094379425048828,170150431031296.0,250000,99885537.65092713,1063016990.941034,29764475746.348953
448,742627,-11880.0,720,True,-274219597538554.3,7.413915356697945e+28,1.6094379425048828,170150431031296.0,250000,99861617.13874453,1063016990.941034,28701458755.40792
429,744804,-25584.0,2419,True,-274097784681374.22,7.407367907602689e+28,1.6094379424925627,170150431031296.0,250000,99730068.20359942,10630169909.410341,131814106876.68817
439,745240,-22824.0,1486,True,-274219616257345.12,7.413959105790446e+28,1.6094379425048828,170150431031296.0,250000,99543090.13573895,2126033981.882068,49961798574.22859
452,751997,-10694.0,911,True,-274219654504079.3,7.413949767667508e+28,1.6094379425048828,170150431031296.0,250000,99838545.25449342,1063016990.941034,35079560701.05412
451,753767,-10651.0,1154,True,-274219657028563.62,7.4139409608088424e+28,1.6094379425048828,170150431031296.0,250000,99632277.65262924,4252067963.764136,51024815565.16963
460,754387,-9120.0,735,True,-274219697017149.66,7.413969330288282e+28,1.6094379425048828,170150431031296.0,250000,99795153.40010917,1063016990.941034,46772747601.405495
450,754542,-13397.0,1231,True,-274219659402498.72,7.413948288474556e+28,1.6094379425048828,170150431031296.0,250000,99854978.90269127,6378101945.646204,57402917510.81584
453,754565,-14048.0,1020,True,-274219672061124.78,7.413944869163932e+28,1.6094379425048828,170150431031296.0,250000,9999662412.08621,5315084954.70517,34016543710.113087
445,756283,-17692.0,1780,True,-274219649306725.25,7.413945318608061e+28,1.6094379425048828,170150431031296.0,250000,99520609.6775221,5315084954.70517,109490750066.92645
457,757328,-10139.0,951,True,-274219716393026.75,7.413930274746564e+28,1.6094379425048828,170150431031296.0,250000,99706075.83931024,5315084954.70517,44646713619.52342
459,758527,-13208.0,995,True,-274219729484572.56,7.413938768896008e+28,1.6094379425048828,170150431031296.0,250000,99696590.42917706,1063016990.941034,40394645655.7593
449,759057,-11836.0,1663,True,-274219682308770.88,7.413931308501975e+28,1.6094379425048828,170150431031296.0,250000,99507576.52545364,8504135927.528273,85041359275.28271
462,761064,-15281.0,989,True,-274219789634420.22,7.41391349556542e+28,1.6094379425048828,170150431031296.0,250000,99719152.2654967,2126033981.882068,35079560701.05412
455,762764,-16504.0,1403,True,-274219766866334.56,7.413917115666094e+28,1.6094379425048828,170150431031296.0,250000,99725475.32940531,3189050972.823102,68033087420.226166
458,762969,-14448.0,1299,True,-274219784032612.3,7.4139036852130125e+28,1.6094379425048828,170150431031296.0,250000,99591732.15805465,2126033981.882068,52087832556.11067
461,765796,-17291.0,1312,True,-274219849526996.28,7.413873903206657e+28,1.6094379425048828,170150431031296.0,250000,99836194.24648581,1063016990.941034,45709730610.46446
456,768434,-16666.0,1665,True,-274239601972811.34,7.414949888421646e+28,1.609437942495933,170589759209472.0,250000,99468810.47911505,3189050972.823102,62718002465.520996
464,769031,-13346.0,954,True,-274282619509118.12,7.417219885498702e+28,1.609437942489263,170589759209472.0,250000,99800108.26215863,4252067963.764136,35079560701.05412
472,769160,-5746.0,506,True,-274349360983562.12,7.420828411048729e+28,1.609437942475434,170589759209472.0,250000,99871874.96883965,1063016990.941034,22323356809.761715
446,771750,-17844.0,2706,True,-274286021777609.3,7.417496468743468e+28,1.609437942499376,170589759209472.0,250000,99263258.14123565,20197322827.879646,158389531650.214
474,772825,-5424.0,616,True,-274589097217143.7,7.433867781383009e+28,1.6094379424806926,170589759209472.0,250000,99822607.77236788,2126033981.882068,29764475746.348957
473,772844,-10491.0,630,True,-274582017894198.44,7.433481657960629e+28,1.6094379424812302,170589759209472.0,250000,99945730.31149781,2126033981.882068,27638441764.46689
454,775466,-17177.0,2312,True,-274368635941048.25,7.421961431553354e+28,1.6094379424984377,170589759209472.0,250000,99341586.87600037,6378101945.646204,95671529184.69302
463,781245,-15999.0,1828,True,-274547759706622.88,7.431654499680743e+28,1.609437942496731,170589759209472.0,250000,99476078.24518734,10630169909.410341,88230410248.10582
469,782352,-18486.0,1564,True,-274634314134708.72,7.436365201615575e+28,1.6094379424953553,170589759209472.0,250000,9999482206.432268,2126033981.882068,54213866537.99274
470,788255,-15396.0,1858,True,-274709127248068.2,7.440474662275586e+28,1.6094379424968628,170589759209472.0,250000,99431937.37869652,9567152918.469307,63781019456.46205
481,788748,-12401.0,994,True,-274926877139487.94,7.4524021580523095e+28,1.6094379425048828,170589759209472.0,250000,99720740.37953857,2126033981.882068,46772747601.405495
478,790600,-15536.0,1340,True,-274926886702089.16,7.452368509262053e+28,1.6094379425048828,170589759209472.0,250000,99593597.3402564,4252067963.764136,43583696628.5824
465,791603,-21668.0,2326,True,-274674189806992.62,7.4385846073931445e+28,1.6094379424984764,170589759209472.0,250000,99262761.97516333,5315084954.70517,110553767057.8675
468,792539,-24803.0,2266,True,-274704626177442.47,7.4402529106622795e+28,1.6094379424983067,170589759209472.0,250000,99273129.7613498,5315084954.70517,98860580157.51613
475,794484,-15100.0,1793,True,-274880162969592.0,7.449848032734887e+28,1.6094379424965721,170589759209472.0,250000,99507810.31949551,11693186900.351376,117994885994.45474
467,795893,-23867.0,2583,True,-274702318632731.66,7.440129638744074e+28,1.6094379424991139,170589759209472.0,250000,99156154.46233404,13819220882.233444,129688072894.80609
484,796096,-10799.0,859,True,-274926705300452.6,7.452477116306076e+28,1.6094379425048828,170589759209472.0,250000,99797728.67616245,2126033981.882068,40394645655.75929
466,798414,-25576.0,2742,True,-274715066317234.7,7.440829758830902e+28,1.6094379424994485,170589759209472.0,250000,99141704.6641552,7441118936.587238,132877123867.6292
479,799766,-15793.0,1751,True,-274926786439398.4,7.45241442043275e+28,1.6094379425048828,170589759209472.0,250000,99438618.88886778,4252067963.764136,75474206356.81342
476,799810,-18635.0,1961,True,-274926813783081.25,7.452403394696207e+28,1.6094379425048828,170589759209472.0,250000,99374663.74431235,9567152918.469307,98860580157.51613
482,799930,-17735.0,1529,True,-274926751719461.5,7.452439001682463e+28,1.6094379425048828,170589759209472.0,250000,99596859.30230586,1063016990.941034,57402917510.815834
477,803159,-13003.0,2133,True,-274926786728656.12,7.452399940893161e+28,1.6094379425048828,170589759209472.0,250000,99529294.08970477,8504135927.528273,110553767057.86751
488,803491,-6532.0,743,True,-274926608898850.12,7.452438945960766e+28,1.6094379425048828,170589759209472.0,250000,9999754093.501238,1063016990.941034,32953526719.17206
490,804692,-8251.0,638,True,-274926592751712.3,7.452410887269276e+28,1.6094379425048828,170589759209472.0,250000,9999788710.853695,1063016990.941034,24449390791.643784
471,805857,-22282.0,2925,True,-274796437991923.94,7.445264576615661e+28,1.6094379424997884,170589759209472.0,250000,99328816.09596238,19134305836.938614,174334786514.32947
486,808604,-11664.0,1241,True,-275000615219612.56,7.456428585065062e+28,1.6094379424928755,171030228238336.0,250000,99678497.62910102,1063016990.941034,38268611673.87723
491,812021,-13310.0,1008,True,-275218066381937.78,7.468213290014693e+28,1.609437942475317,171465949315072.0,250000,99736491.6976032,1063016990.941034,40394645655.7593
499,812372,-7458.0,480,True,-275603331922875.72,7.489081025222927e+28,1.6094379424427947,171465949315072.0,250000,99855393.69066082,3189050972.823102,24449390791.64378
485,815231,-27440.0,1686,True,-275268995170595.53,7.4710223790856895e+28,1.6094379424872065,171465949315072.0,250000,99479750.6393434,1063016990.941034,57402917510.81583
494,817478,-13265.0,1107,True,-275626387170723.03,7.490432172143599e+28,1.609437942477961,171465949315072.0,250000,99827515.00443637,1063016990.941034,34016543710.11309
493,817694,-13232.0,1205,True,-275585856714774.1,7.488242772164538e+28,1.6094379424801506,171465949315072.0,250000,99748685.74773636,1063016990.941034,47835764592.346535
489,818027,-14782.0,1593,True,-275443877309191.22,7.480531186803424e+28,1.6094379424861744,171465949315072.0,250000,99505516.46746507,3189050972.823102,64844036447.403076
480,818793,-17588.0,2873,True,-275237075564487.7,7.4692850764146025e+28,1.6094379424945096,171465949315072.0,250000,99204777.43265735,9567152918.469307,113742818030.69061
487,819384,-15432.0,1799,True,-275451271522883.44,7.4809448865289475e+28,1.6094379424883167,171465949315072.0,250000,99454937.41084105,4252067963.764136,81852308302.45961
500,821537,-9182.0,980,True,-276114011681787.8,7.516991718275834e+28,1.609437942459267,171908700045312.0,250000,99825841.15642877,4252067963.764136,51024815565.16964
483,822781,-25673.0,2596,True,-275438666378714.9,7.480290471393591e+28,1.6094379424876626,171908700045312.0,250000,99149277.26210567,5315084954.70517,103112648121.28027
495,823986,-15023.0,1511,True,-275911651704625.97,7.506002507792901e+28,1.6094379424752974,171908700045312.0,250000,99583978.5661765,2126033981.882068,53150849547.0517
496,824650,-18431.0,1545,True,-275947675264921.94,7.507965196340681e+28,1.6094379424759486,171908700045312.0,250000,99608366.66644284,2126033981.882068,48898781583.287575
504,824655,-8469.0,589,True,-276624915284329.62,7.544921140162126e+28,1.6094379424795837,171908700045312.0,250000,99843657.7026152,3189050972.823102,29764475746.348953
498,827859,-13570.0,1523,True,-276241158337832.5,7.523978382014524e+28,1.6094379424755305,171908700045312.0,250000,99585576.20621456,4252067963.764136,76537223347.75444
501,828220,-12965.0,1226,True,-276524525509921.0,7.539431708923279e+28,1.6094379424805743,171908700045312.0,250000,99601895.5424581,2126033981.882068,47835764592.346535
509,830056,-7969.0,667,True,-276952250108189.56,7.562811079292957e+28,1.6094379424825422,171908700045312.0,250000,99909305.74717063,1063016990.941034,17008271855.056543
506,830206,-10559.0,782,True,-276869919826820.9,7.558304437625654e+28,1.6094379424858276,171908700045312.0,250000,99847787.34458853,1063016990.941034,42520679637.641365
497,830567,-15411.0,1713,True,-276305994595577.28,7.527517584965668e+28,1.6094379424787861,171908700045312.0,250000,99520829.58970481,6378101945.646204,61654985474.57997
492,831376,-19518.0,2205,True,-276046338274693.62,7.513387197053815e+28,1.609437942484609,171908700045312.0,250000,99316383.0816541,9567152918.469307,100986614139.3982
510,832193,-11914.0,666,True,-277049145533375.44,7.568129710501463e+28,1.6094379425048828,171908700045312.0,250000,9999779525.91955,1063016990.941034,18071288845.99758
516,832588,-3492.0,273,True,-277049123100949.56,7.568048916879672e+28,1.6094379425048828,171908700045312.0,250000,9999909682.430967,1063016990.941034,15945254864.115509
512,833106,-6503.0,570,True,-277049132828751.03,7.568109525974852e+28,1.6094379425048828,171908700045312.0,250000,99835073.7205277,1063016990.941034,17008271855.056545
503,833940,-12015.0,1348,True,-276769185891373.6,7.552824205397594e+28,1.6094379424938285,171908700045312.0,250000,99780541.65999505,10630169909.410341,80789291311.51859
505,834054,-10977.0,1036,True,-276904230463116.34,7.560199725599155e+28,1.6094379424904994,171908700045312.0,250000,99703877.24724174,5315084954.70517,45709730610.46446
507,836011,-18130.0,1124,True,-276937772256857.28,7.5620199070623745e+28,1.6094379424916256,171908700045312.0,250000,99939654.92349023,3189050972.823102,40394645655.7593
515,836851,-10004.0,562,True,-277049172791981.1,7.568080680120652e+28,1.6094379425048828,171908700045312.0,250000,9999814109.523855,1063016990.941034,9567152918.469307
513,842682,-12044.0,1127,True,-277049226799302.06,7.568091944320641e+28,1.6094379425048828,171908700045312.0,250000,99682183.90511623,1063016990.941034,32953526719.17206
520,843520,-10506.0,759,True,-277049286028184.12,7.568061243394411e+28,1.6094379425048828,171908700045312.0,250000,99977152.38379456,1063016990.941034,31890509728.23102
502,844341,-18068.0,2020,True,-276854621705611.4,7.5574528335230075e+28,1.609437942497506,171908700045312.0,250000,99400663.3664759,4252067963.764136,72285155383.9903
511,844605,-11780.0,1364,True,-277049231392623.84,7.568074520314781e+28,1.6094379425048828,171908700045312.0,250000,99743034.67369452,6378101945.646204,65907053438.34412
519,845511,-8389.0,934,True,-277049281720311.22,7.568037696976319e+28,1.6094379425048828,171908700045312.0,250000,9999690844.094545,1063016990.941034,48898781583.28757
508,847177,-14806.0,1774,True,-276997936515092.78,7.565265234504365e+28,1.609437942496483,171908700045312.0,250000,99565952.44807382,8504135927.528273,73348172374.93135
514,847535,-18336.0,1430,True,-277049248652544.34,7.568056333358788e+28,1.6094379425048828,171908700045312.0,250000,99542212.9298189,2126033981.882068,49961798574.2286
526,848043,-7610.0,752,True,-277049341353461.1,7.568014162695701e+28,1.6094379425048828,171908700045312.0,250000,99927179.44933422,5315084954.70517,48898781583.28757
525,848246,-10413.0,887,True,-277049324959834.06,7.568016251361651e+28,1.6094379425048828,171908700045312.0,250000,99794972.4061815,5315084954.70517,47835764592.346535
532,849703,-3802.0,262,True,-277049307041698.2,7.568037935662237e+28,1.6094379425048828,171908700045312.0,250000,9999913321.07701,1063016990.941034,17008271855.056545
527,851811,-10766.0,935,True,-277049320291808.78,7.568015714359834e+28,1.6094379425048828,171908700045312.0,250000,9999690505.514545,2126033981.882068,45709730610.46447
521,852097,-18107.0,1244,True,-277049293610191.44,7.568042889112484e+28,1.6094379425048828,171908700045312.0,250000,99848068.76861137,4252067963.764136,56339900519.87482
523,853602,-16356.0,1281,True,-277049292904021.12,7.568032797346612e+28,1.6094379425048828,171908700045312.0,250000,99636302.50864445,4252067963.764136,48898781583.287575
528,854202,-9205.0,720,True,-277049271741462.75,7.567978088759325e+28,1.6094379425048828,171908700045312.0,250000,99850185.9825771,1063016990.941034,32953526719.17206
522,854252,-12530.0,1354,True,-277049285678187.4,7.568028136565752e+28,1.6094379425048828,171908700045312.0,250000,99610321.93847328,2126033981.882068,40394645655.759285
518,858798,-12339.0,1787,True,-277049271504934.97,7.568020095298354e+28,1.6094379425048828,171908700045312.0,250000,99606769.02640478,6378101945.646204,91419461220.9289
537,859575,-7517.0,617,True,-277049257113072.22,7.567960027159084e+28,1.6094379425048828,171908700045312.0,250000,99818115.32826893,1063016990.941034,26575424773.52585
533,860425,-11411.0,828,True,-277049270854225.62,7.567972384405818e+28,1.6094379425048828,171908700045312.0,250000,99767155.23179717,1063016990.941034,20197322827.879646
517,860456,-14680.0,1900,True,-277049277760350.3,7.568014533061703e+28,1.6094379425048828,171908700045312.0,250000,99590673.95820692,5315084954.70517,102049631130.3392
529,861360,-13121.0,1115,True,-277049292508570.53,7.567954689317225e+28,1.6094379425048828,171908700045312.0,250000,99683013.48105532,1063016990.941034,42520679637.641365
535,862683,-11786.0,915,True,-277049297363866.16,7.567958986104137e+28,1.6094379425048828,171908700045312.0,250000,99710138.79931022,2126033981.882068,44646713619.52343
530,865365,-15433.0,1314,True,-277049318398865.34,7.567974954032507e+28,1.6094379425048828,171908700045312.0,250000,99687958.81710859,4252067963.764136,86104376266.22371
544,868167,-11307.0,537,True,-277049411898224.97,7.568026512595201e+28,1.6094379425048828,171908700045312.0,250000,99870682.59077494,1063016990.941034,17008271855.056545
538,869139,-10431.0,1083,True,-277049339331997.2,7.567983947806796e+28,1.6094379425048828,171908700045312.0,250000,99776922.0659532,3189050972.823102,41457662646.700325
541,869482,-12795.0,955,True,-277049361149158.53,7.567990313333993e+28,1.6094379425048828,171908700045312.0,250000,99831859.38845919,2126033981.882068,38268611673.87723
531,869741,-10409.0,1571,True,-277049321828891.7,7.56799615521433e+28,1.6094379425048828,171908700045312.0,250000,99643522.64473577,6378101945.646204,89293427239.04684
545,869977,-7401.0,597,True,-277049384399595.84,7.568032579567081e+28,1.6094379425048828,171908700045312.0,250000,99809679.40625755,2126033981.882068,26575424773.525856
524,871828,-19101.0,2368,True,-277049317103671.34,7.5679942351755775e+28,1.6094379425048828,171908700045312.0,250000,99293344.9455248,18071288845.99758,144570310767.98056
543,872014,-10596.0,826,True,-277049361112988.8,7.567985490340644e+28,1.6094379425048828,171908700045312.0,250000,99817247.64834507,5315084954.70517,53150849547.051704
542,872588,-19901.0,1146,True,-277049339028413.88,7.567975885860522e+28,1.6094379425048828,171908700045312.0,250000,99646641.71684234,1063016990.941034,45709730610.46447
547,873968,-10359.0,788,True,-277049329180214.6,7.56801627505689e+28,1.6094379425048828,171908700045312.0,250000,99846809.70857331,3189050972.823102,43583696628.5824
540,875234,-14800.0,1352,True,-277049318899324.22,7.567960105872881e+28,1.6094379425048828,171908700045312.0,250000,99565532.48997104,6378101945.646204,56339900519.8748
546,877000,-10982.0,1034,True,-277049313480252.4,7.5679920009557726e+28,1.6094379425048828,171908700045312.0,250000,99720911.84747005,1063016990.941034,31890509728.231018
553,879389,-7188.0,603,True,-277049215483795.3,7.567923475046153e+28,1.6094379425048828,171908700045312.0,250000,99823952.56637168,2126033981.882068,31890509728.231018
554,881513,-11026.0,721,True,-277049209721553.5,7.56794907115953e+28,1.6094379425048828,171908700045312.0,250000,99773078.20386566,2126033981.882068,23386373800.702747
552,883354,-10493.0,867,True,-277049202243591.1,7.567958700795277e+28,1.6094379425048828,171908700045312.0,250000,99752429.17972873,1063016990.941034,29764475746.348953
550,883943,-10036.0,986,True,-277049205182256.28,7.5679716457237925e+28,1.6094379425048828,171908700045312.0,250000,99781500.24401788,3189050972.823102,57402917510.81584
534,886031,-21069.0,2406,True,-277049264613078.1,7.567991978410747e+28,1.6094379425048828,171908700045312.0,250000,99251741.25110248,13819220882.233444,130751089885.74713
556,888030,-8885.0,1001,True,-277049177501896.5,7.568009437903738e+28,1.6094379425048828,171908700045312.0,250000,99778152.54800268,3189050972.823102,54213866537.99275
559,889570,-11650.0,896,True,-277142078078976.0,7.573130698063529e+28,1.6094379424716212,172611145302016.0,250000,99817691.01430319,2126033981.882068,23386373800.702747
548,893131,-21674.0,1903,True,-277225436628605.66,7.577698214552047e+28,1.609437942489222,172611145302016.0,250000,99424269.52078411,4252067963.764136,57402917510.81585
539,893185,-23179.0,2568,True,-277181149830887.28,7.575236229287801e+28,1.6094379424932777,172611145302016.0,250000,99394382.76241502,10630169909.410341,103112648121.28027
558,893904,-14248.0,1246,True,-277361842598433.7,7.5851926778489235e+28,1.6094379424809644,172611145302016.0,250000,99602491.32435532,5315084954.70517,58465934501.75688
564,895895,-10073.0,747,True,-277759836204041.6,7.607073692808219e+28,1.6094379424649867,172611145302016.0,250000,99761737.9517972,1063016990.941034,38268611673.87723
536,896390,-24002.0,3009,True,-277236942089375.6,7.578308095374659e+28,1.6094379424949785,172611145302016.0,250000,99084287.32555786,19134305836.938614,128625055903.86508
555,897252,-22210.0,1589,True,-277443023284006.2,7.589650567307079e+28,1.6094379424861274,172611145302016.0,250000,99727011.45760325,2126033981.882068,46772747601.405495
560,898040,-9665.0,1315,True,-277568056582461.72,7.596527249361121e+28,1.6094379424822194,172611145302016.0,250000,99610059.56644283,2126033981.882068,62718002465.521
549,898421,-23564.0,2066,True,-277392054879413.4,7.586839587907396e+28,1.6094379424904577,172611145302016.0,250000,99362364.90822105,6378101945.646204,81852308302.45958
551,901395,-18188.0,2016,True,-277504826228996.06,7.593025725800101e+28,1.6094379424901,172611145302016.0,250000,99914308.23920105,9567152918.469307,87167393257.16478
565,903919,-11910.0,1118,True,-278030551867142.88,7.621909436768193e+28,1.609437942478226,172611145302016.0,250000,99659007.23490699,3189050972.823102,44646713619.52342
561,904285,-19389.0,1556,True,-277771004652483.47,7.607664125987545e+28,1.6094379424857297,172611145302016.0,250000,99694701.83911997,4252067963.764136,59528951492.6979
563,908202,-14058.0,1553,True,-277950716893338.28,7.617535704608774e+28,1.6094379424856926,172611145302016.0,250000,99577540.3760433,9567152918.469307,79726274320.57755
571,908535,-8458.0,790,True,-278179513379858.16,7.630077115400697e+28,1.6094379425048828,172611145302016.0,250000,99856209.38474075,2126033981.882068,24449390791.643784
562,908889,-15688.0,1711,True,-277895867380197.97,7.614523327554836e+28,1.6094379424874647,172611145302016.0,250000,99581045.65813084,6378101945.646204,81852308302.45961
569,910209,-11424.0,1064,True,-278179496343013.06,7.630080015591797e+28,1.6094379425048828,172611145302016.0,250000,99732957.83752708,2126033981.882068,41457662646.70033
566,913150,-15038.0,1570,True,-278163410681814.25,7.629218716045115e+28,1.6094379424859004,172611145302016.0,250000,99571975.0359672,6378101945.646204,62718002465.521
557,913660,-19130.0,2567,True,-277744740650301.12,7.606220853887454e+28,1.609437942493273,172611145302016.0,250000,99211434.72070299,11693186900.351376,116931869003.5137
567,914786,-12087.0,1576,True,-278179496363813.7,7.630102750683506e+28,1.6094379425048828,172611145302016.0,250000,99579634.18215369,5315084954.70517,44646713619.52343
576,916627,-12173.0,952,True,-278179461135833.28,7.630090353023164e+28,1.6094379425048828,172611145302016.0,250000,99745752.8396907,2126033981.882068,53150849547.0517
572,919670,-17511.0,1455,True,-278270994457685.16,7.63514891274594e+28,1.6094379424946414,173056848822272.0,250000,99638501.10071295,4252067963.764136,69096104411.16722
570,920256,-19369.0,1647,True,-278276438342317.16,7.635450416371899e+28,1.6094379424958354,173056848822272.0,250000,99709752.58932926,2126033981.882068,64844036447.403076
578,921853,-13023.0,1098,True,-278390207588557.2,7.64177231291364e+28,1.6094379424913117,173056848822272.0,250000,99823604.46037549,2126033981.882068,44646713619.52343
575,923109,-11768.0,1543,True,-278365702257541.22,7.640390313887457e+28,1.6094379424952256,173056848822272.0,250000,99526985.5415449,9567152918.469307,95671529184.69304
574,924616,-16103.0,1661,True,-278393489035606.78,7.641917665195121e+28,1.6094379424959115,173056848822272.0,250000,99481491.16932435,5315084954.70517,81852308302.45961
581,927145,-8544.0,1141,True,-278590302119934.22,7.652814163699286e+28,1.609437942491823,173056848822272.0,250000,99661992.12879658,5315084954.70517,82915325293.40062
586,927155,-10434.0,658,True,-278891909196392.28,7.669480985764209e+28,1.6094379424822367,173056848822272.0,250000,99966865.97571087,2126033981.882068,37205594682.936195
568,927387,-20550.0,2141,True,-278403454542723.16,7.642466791451447e+28,1.6094379424979228,173056848822272.0,250000,99376742.8542933,4252067963.764136,110553767057.8675
577,931823,-22385.0,1744,True,-278568315246009.53,7.6515821472079206e+28,1.6094379424963385,173056848822272.0,250000,99446730.92700858,4252067963.764136,52087832556.11067
579,933594,-21726.0,1587,True,-278656932446414.47,7.656481673896025e+28,1.6094379424954932,173056848822272.0,250000,99589562.958245,2126033981.882068,55276883528.93377
580,935767,-24356.0,1702,True,-278681968659945.75,7.657858210637691e+28,1.6094379424961278,173056848822272.0,250000,99621662.19054174,1063016990.941034,58465934501.75687
573,937236,-21860.0,2499,True,-278547831237448.03,7.650429212626585e+28,1.60943794249892,173056848822272.0,250000,99629669.44272442,10630169909.410341,112679801039.74957
582,937601,-21122.0,1712,True,-278726785355814.28,7.66031756191836e+28,1.6094379424961789,173056848822272.0,250000,99511353.70556782,2126033981.882068,64844036447.40305
584,938108,-18877.0,1528,True,-278807715781326.4,7.664774882853502e+28,1.6094379424951308,173056848822272.0,250000,99503899.77543463,6378101945.646204,48898781583.28757
587,940534,-14826.0,1304,True,-278896552191409.47,7.669681644602008e+28,1.6094379425048828,173056848822272.0,250000,99631347.64659499,2126033981.882068,32953526719.17206
590,941333,-14688.0,1139,True,-278896533570456.62,7.669666778458981e+28,1.6094379425048828,173056848822272.0,250000,99735871.69358036,3189050972.823102,47835764592.346535
597,941607,-4462.0,365,True,-278896499518107.72,7.669586653491046e+28,1.6094379425048828,173056848822272.0,250000,99986771.15787445,1063016990.941034,18071288845.997578
593,941683,-11894.0,908,True,-278896518265869.53,7.669643520340674e+28,1.6094379425048828,173056848822272.0,250000,99764031.80382764,3189050972.823102,43583696628.5824
588,942992,-15724.0,1421,True,-278896545142243.53,7.669670701794862e+28,1.6094379425048828,173056848822272.0,250000,99775944.42993797,3189050972.823102,57402917510.81584
591,946616,-14640.0,1375,True,-278896516692419.3,7.669679359124319e+28,1.6094379425048828,173056848822272.0,250000,99648758.93080807,2126033981.882068,42520679637.64136
589,947037,-20868.0,1574,True,-278896525976353.5,7.669671571233293e+28,1.6094379425048828,173056848822272.0,250000,99627069.94454552,2126033981.882068,49961798574.22859
598,947332,-8202.0,631,True,-278896486267292.2,7.669682245434305e+28,1.6094379425048828,173056848822272.0,250000,99860377.13069886,3189050972.823102,27638441764.466885
601,948390,-6519.0,491,True,-278979460360529.84,7.67424514767476e+28,1.6094379424745342,173503693193216.0,250000,99862594.77475975,1063016990.941034,24449390791.643784
604,948755,-5931.0,442,True,-279026074416086.3,7.676842832088469e+28,1.6094379424711698,173503693193216.0,250000,99894393.53104128,1063016990.941034,31890509728.23102
603,949463,-8806.0,491,True,-279079051337010.56,7.6797657528479425e+28,1.6094379424745342,173503693193216.0,250000,9999837519.988163,1063016990.941034,24449390791.64378
594,950763,-21388.0,1461,True,-278997730961058.97,7.675235613741839e+28,1.6094379424946834,173503693193216.0,250000,99643269.79870151,4252067963.764136,43583696628.5824
600,952844,-9174.0,921,True,-279158582333560.1,7.6840880633124095e+28,1.6094379424887035,173503693193216.0,250000,99720630.4234472,5315084954.70517,44646713619.52343
606,958872,-8223.0,766,True,-279986817868139.62,7.729755761065449e+28,1.6094379424465233,174211356164096.0,250000,99808191.72231086,1063016990.941034,46772747601.405495
611,960119,-7897.0,666,True,-280233575683167.3,7.7433962298088085e+28,1.6094379424601346,174211356164096.0,250000,99827075.99434121,2126033981.882068,40394645655.7593
585,961362,-20599.0,2911,True,-279252992504386.3,7.689334185857528e+28,1.6094379424844072,174211356164096.0,250000,99129944.45398396,10630169909.410341,115868852012.57268
595,961695,-18108.0,1867,True,-279519019615059.22,7.703996201455508e+28,1.6094379424809389,174211356164096.0,250000,99532059.88568191,6378101945.646204,76537223347.75446
596,962762,-25434.0,1823,True,-279602342812774.78,7.708600649118932e+28,1.6094379424803609,174211356164096.0,250000,99727034.8654586,1063016990.941034,59528951492.6979
610,963379,-16282.0,914,True,-280318925151377.66,7.748136499934399e+28,1.6094379424722762,174211356164096.0,250000,99743506.61764123,2126033981.882068,30827492737.289986
605,966768,-20812.0,1486,True,-280075071978549.75,7.734702568226148e+28,1.6094379424747998,174211356164096.0,250000,99530819.87763624,4252067963.764136,56339900519.87481
617,969967,-6228.0,517,True,-280754911040874.47,7.772286421281936e+28,1.6094379425048828,174211356164096.0,250000,99897073.59305269,4252067963.764136,29764475746.34895
613,970172,-17017.0,1083,True,-280656259431283.12,7.766820331578022e+28,1.6094379424773646,174211356164096.0,250000,99817538.5983641,1063016990.941034,35079560701.05412
592,972745,-19154.0,2850,True,-279754887679203.78,7.717054197237227e+28,1.6094379424891974,174211356164096.0,250000,99173374.41235298,11693186900.351376,112679801039.74957
608,972820,-14572.0,1593,True,-280436883057024.4,7.754703771190445e+28,1.6094379424768204,174211356164096.0,250000,99510971.85144982,7441118936.587238,62718002465.52101
615,972935,-10597.0,801,True,-280754881241486.88,7.772343974190857e+28,1.6094379425048828,174211356164096.0,250000,99950637.5435663,7441118936.587238,49961798574.22861
614,973352,-8912.0,905,True,-280754869953534.88,7.7723433538944e+28,1.6094379425048828,174211356164096.0,250000,99944404.5694864,2126033981.882068,24449390791.64378
609,973558,-19823.0,1573,True,-280484911011476.75,7.75736467737945e+28,1.6094379424859366,174211356164096.0,250000,99750755.33172113,8504135927.528273,56339900519.8748
583,976286,-23124.0,3946,True,-279580350839054.9,7.707429805753661e+28,1.6094379424897778,174211356164096.0,250000,98935713.31618063,34016543710.113068,189217024387.5039
619,977027,-12463.0,853,True,-280754887438071.9,7.772356670535119e+28,1.6094379425048828,174211356164096.0,250000,99756172.6117211,1063016990.941034,39331628664.81826
599,978561,-26822.0,2560,True,-280115635010764.8,7.736985589546171e+28,1.6094379424874206,174211356164096.0,250000,99353041.44002315,6378101945.646204,75474206356.8134
612,980331,-16552.0,1848,True,-280616950941846.72,7.7646965384593575e+28,1.609437942488756,174211356164096.0,250000,99424927.62879172,5315084954.70517,75474206356.81342
602,982245,-18790.0,2557,True,-280284232122534.6,7.746308502999464e+28,1.6094379424874001,174211356164096.0,250000,99480460.73319493,6378101945.646204,99923597148.45715
618,982858,-10435.0,1256,True,-280754908234145.44,7.772360191315698e+28,1.6094379425048828,174211356164096.0,250000,99638577.3086825,1063016990.941034,72285155383.99031
624,985540,-14131.0,795,True,-280754922045831.56,7.772359821095759e+28,1.6094379425048828,174211356164096.0,250000,99776068.26788849,1063016990.941034,31890509728.231018
620,986960,-11972.0,1262,True,-280754905364996.06,7.772380801751334e+28,1.6094379425048828,174211356164096.0,250000,99614360.67634764,6378101945.646204,76537223347.75443
628,988398,-8047.0,757,True,-280754938185411.47,7.772380418813167e+28,1.6094379425048828,174211356164096.0,250000,99862642.40474072,2126033981.882068,28701458755.407917
631,989947,-8620.0,601,True,-280754916022697.97,7.772337514688146e+28,1.6094379425048828,174211356164096.0,250000,99952640.44557771,1063016990.941034,24449390791.643784
607,992877,-26124.0,2865,True,-280566401852447.1,7.761914118769413e+28,1.6094379424892795,174211356164096.0,250000,99090219.82362254,11693186900.351376,126499021921.983
635,992944,-5477.0,374,True,-280754864344584.22,7.7724638159945915e+28,1.6094379425048828,174211356164096.0,250000,99940079.23745596,1063016990.941034,25512407782.584816
621,993455,-14431.0,1468,True,-280754893178483.78,7.772424223240285e+28,1.6094379425048828,174211356164096.0,250000,99748575.791645,10630169909.410341,80789291311.51859
626,994264,-18427.0,1307,True,-280754900008734.38,7.772400227590608e+28,1.6094379425048828,174211356164096.0,250000,99639903.05069391,1063016990.941034,47835764592.346535
625,995271,-18001.0,1396,True,-280754892011032.94,7.772401476421921e+28,1.6094379425048828,174211356164096.0,250000,99575346.95410803,2126033981.882068,54213866537.99272
627,995894,-12826.0,1396,True,-280754891115687.25,7.772398505322722e+28,1.6094379425048828,174211356164096.0,250000,99572104.04405095,5315084954.70517,64844036447.403076
636,996062,-9198.0,479,True,-280754821390592.53,7.772464201803117e+28,1.6094379425048828,174211356164096.0,250000,99974529.47776031,1063016990.941034,19134305836.938614
622,996556,-12174.0,1649,True,-280754879079507.84,7.772413449193322e+28,1.6094379425048828,174211356164096.0,250000,99715375.08538252,2126033981.882068,73348172374.93132
629,998579,-13012.0,1347,True,-280754879994912.7,7.772398779060219e+28,1.6094379425048828,174211356164096.0,250000,99624146.56249605,7441118936.587238,54213866537.992744
637,998827,-5189.0,555,True,-280754806869373.94,7.772435195876476e+28,1.6094379425048828,174211356164096.0,250000,99847749.24060376,1063016990.941034,25512407782.584816
632,998981,-10819.0,1046,True,-280754853960271.28,7.772393558400544e+28,1.6094379425048828,174211356164096.0,250000,99710401.17134067,1063016990.941034,47835764592.34652
616,1004626,-26277.0,2704,True,-280754888737737.47,7.772366631351455e+28,1.6094379425048828,174211356164096.0,250000,99276296.46343733,2126033981.882068,86104376266.22372
639,1004768,-9408.0,739,True,-280754863141324.03,7.772339946055463e+28,1.6094379425048828,174211356164096.0,250000,9999755362.08728,1063016990.941034,38268611673.87722
640,1007183,-12894.0,858,True,-280754875281952.22,7.7723321804639345e+28,1.6094379425048828,174211356164096.0,250000,99884812.86094616,2126033981.882068,34016543710.113087
644,1010702,-7914.0,915,True,-280754867568962.3,7.772349003468878e+28,1.6094379425048828,174211356164096.0,250000,99783813.14804071,2126033981.882068,46772747601.40549
638,1011149,-18297.0,1142,True,-280754846351101.75,7.772351093742649e+28,1.6094379425048828,174211356164096.0,250000,99962831.59369947,3189050972.823102,31890509728.23102
623,1011305,-16615.0,2410,True,-280754875979410.6,7.772375855705201e+28,1.6094379425048828,174211356164096.0,250000,99301723.71155901,20197322827.879646,135003157849.51128
642,1011735,-16493.0,1029,True,-280754847226845.16,7.772341629253035e+28,1.6094379425048828,174211356164096.0,250000,99685316.85908195,1063016990.941034,30827492737.28999
650,1015536,-10682.0,673,True,-280754723031231.72,7.7723688009314014e+28,1.6094379425048828,174211356164096.0,250000,99921304.1072467,1063016990.941034,35079560701.05412
645,1015612,-13063.0,1191,True,-280754799616474.6,7.77234404558354e+28,1.6094379425048828,174211356164096.0,250000,99672126.12094118,3189050972.823102,44646713619.52343
648,1016341,-9767.0,1085,True,-280754787311714.16,7.772357629056742e+28,1.6094379425048828,174211356164096.0,250000,99696147.06321894,1063016990.941034,30827492737.289993
641,1017064,-19928.0,1425,True,-280754780427996.25,7.772347867815457e+28,1.6094379425048828,174211356164096.0,250000,99585361.46416508,3189050972.823102,58465934501.756874
643,1018566,-14029.0,1417,True,-280754772054498.72,7.772342448797848e+28,1.6094379425048828,174211356164096.0,250000,99634542.9266711,6378101945.646204,68033087420.22619
633,1021178,-33170.0,2395,True,-280754793477893.44,7.772369918030996e+28,1.6094379425048828,174211356164096.0,250000,99617985.44052273,7441118936.587238,76537223347.75444
651,1022991,-11744.0,988,True,-280754642314376.8,7.772365795239423e+28,1.6094379425048828,174211356164096.0,250000,99765753.28181621,3189050972.823102,45709730610.46447
634,1023524,-22965.0,2374,True,-280754773747837.94,7.772372213222563e+28,1.6094379425048828,174211356164096.0,250000,99489869.93535857,9567152918.469307,100986614139.3982
654,1026393,-13317.0,943,True,-280754614734956.6,7.772347455569384e+28,1.6094379425048828,174211356164096.0,250000,99985097.30986685,5315084954.70517,42520679637.641365
649,1027026,-18891.0,1400,True,-280754676021704.4,7.772362853224308e+28,1.6094379425048828,174211356164096.0,250000,99990090.27590108,1063016990.941034,85041359275.28271
658,1027461,-8170.0,695,True,-280754637044345.56,7.7723594089306105e+28,1.6094379425048828,174211356164096.0,250000,99786793.68606734,1063016990.941034,31890509728.231018
646,1028995,-19298.0,1901,True,-280754729153143.3,7.772352874562161e+28,1.6094379425048828,174211356164096.0,250000,99400940.43463577,3189050972.823102,73348172374.93135
660,1031222,-9412.0,791,True,-280754671852998.4,7.772336391703608e+28,1.6094379425048828,174211356164096.0,250000,99772043.41187328,1063016990.941034,24449390791.643784
647,1031291,-11975.0,2029,True,-280754730573513.12,7.772343495947316e+28,1.6094379425048828,174211356164096.0,250000,99549766.47577699,10630169909.410341,107364716085.04442
653,1031389,-14544.0,1265,True,-280754643017617.9,7.772338439017981e+28,1.6094379425048828,174211356164096.0,250000,99630813.37653789,5315084954.70517,56339900519.87481
652,1032398,-16687.0,1356,True,-280754651729883.75,7.772321515123571e+28,1.6094379425048828,174211356164096.0,250000,99569829.24401289,1063016990.941034,71222138393.04927
661,1034346,-10938.0,823,True,-280754723173043.78,7.772294379204148e+28,1.6094379425048828,174211356164096.0,250000,99752505.38769828,3189050972.823102,49961798574.22861
663,1035636,-9517.0,757,True,-280754761564766.0,7.772280501460985e+28,1.6094379425048828,174211356164096.0,250000,99858965.6547217,2126033981.882068,39331628664.81826
666,1040741,-9201.0,830,True,-280754868802690.78,7.77218294571482e+28,1.6094379425048828,174211356164096.0,250000,99820943.45035647,1063016990.941034,56339900519.87481
668,1040774,-6023.0,597,True,-280754919908686.47,7.772161006023859e+28,1.6094379425048828,174211356164096.0,250000,99816112.42625752,1063016990.941034,37205594682.936195
665,1040914,-11422.0,868,True,-280754864199878.2,7.772192895966617e+28,1.6094379425048828,174211356164096.0,250000,99763354.64382765,1063016990.941034,14882237873.174475
662,1041311,-15328.0,1145,True,-280754820115167.12,7.7722245392061e+28,1.6094379425048828,174211356164096.0,250000,99797776.30614342,4252067963.764136,39331628664.81826
667,1041955,-7661.0,810,True,-280754897416728.03,7.772156667993085e+28,1.6094379425048828,174211356164096.0,250000,99795248.6600711,3189050972.823102,35079560701.05413
664,1042697,-11599.0,1019,True,-280754869289201.2,7.772183977923228e+28,1.6094379425048828,174211356164096.0,250000,99822636.35035646,3189050972.823102,49961798574.2286
669,1044363,-13390.0,817,True,-280754941233470.34,7.772134530298976e+28,1.6094379425048828,174211356164096.0,250000,99777127.28200649,1063016990.941034,35079560701.05413
672,1046122,-8275.0,736,True,-280754979286149.56,7.772171462854345e+28,1.6094379425048828,174211356164096.0,250000,99805034.54621951,3189050972.823102,41457662646.70033
630,1049793,-27574.0,4452,True,-280754837994504.28,7.772319439247096e+28,1.6094379425048828,174211356164096.0,250000,98601969.26516752,24449390791.643776,228548653052.3223
670,1050685,-13944.0,1206,True,-280754995750589.34,7.772178640551628e+28,1.6094379425048828,174211356164096.0,250000,99703477.15540162,2126033981.882068,39331628664.81826
656,1052576,-17431.0,2315,True,-280754857593593.7,7.772252953596416e+28,1.6094379425048828,174211356164096.0,250000,99345706.99197751,4252067963.764136,93545495202.81097
674,1055349,-15091.0,913,True,-280755080167818.78,7.772217747370476e+28,1.6094379425048828,174211356164096.0,250000,99747540.99965262,2126033981.882068,24449390791.643784
655,1057447,-18668.0,2857,True,-280754858351794.12,7.77225501974904e+28,1.6094379425048828,174211356164096.0,250000,99134990.2201324,13819220882.233444,141381259795.15747
676,1057666,-18732.0,1047,True,-280755074648535.4,7.77222148895005e+28,1.6094379425048828,174211356164096.0,250000,9999653451.420122,2126033981.882068,29764475746.348953
673,1060852,-15560.0,1576,True,-280755039799743.03,7.77218904061428e+28,1.6094379425048828,174211356164096.0,250000,99496121.96143086,6378101945.646204,46772747601.4055
675,1064230,-13496.0,1466,True,-280755063056135.34,7.7722272555362115e+28,1.6094379425048828,174211356164096.0,250000,99630002.85259119,3189050972.823102,55276883528.93378
684,1065392,-9378.0,801,True,-280755060991762.22,7.7722390521689025e+28,1.6094379425048828,174211356164096.0,250000,99746987.67760314,2126033981.882068,45709730610.46446
686,1067495,-8535.0,628,True,-280755081963820.03,7.772288111238957e+28,1.6094379425048828,174211356164096.0,250000,99868031.10675211,1063016990.941034,34016543710.113087
678,1067875,-12604.0,1620,True,-280755083813410.12,7.772248264066446e+28,1.6094379425048828,174211356164096.0,250000,99471080.10901988,2126033981.882068,78663257329.6365
659,1069464,-34538.0,3275,True,-280754942410241.72,7.772245582767444e+28,1.6094379425048828,174211356164096.0,250000,98958799.0822909,10630169909.410341,146696344749.86258
671,1070574,-28553.0,2386,True,-280755054857975.62,7.772212800776126e+28,1.6094379425048828,174211356164096.0,250000,99318448.3097759,12756203891.29241,108427733075.98546
681,1071002,-23156.0,1555,True,-280755106944906.78,7.772230869095716e+28,1.6094379425048828,174211356164096.0,250000,99525273.58955252,3189050972.823102,56339900519.87481
657,1072844,-28026.0,3577,True,-280754947477589.88,7.772248384265738e+28,1.6094379425048828,174211356164096.0,250000,98886169.86581926,24449390791.643776,186027973414.68082
687,1073090,-11323.0,964,True,-280755124050302.4,7.772249007981517e+28,1.6094379425048828,174211356164096.0,250000,99788901.37403688,2126033981.882068,60591968483.63895
679,1074425,-18455.0,1983,True,-280755110487375.12,7.772240695380327e+28,1.6094379425048828,174211356164096.0,250000,99728584.87551568,5315084954.70517,83978342284.34167
689,1079926,-9055.0,981,True,-280755212052544.72,7.772253413654089e+28,1.6094379425048828,174211356164096.0,250000,99721851.3795005,1063016990.941034,47835764592.346535
680,1081883,-20968.0,2345,True,-280755140244610.56,7.772260365266171e+28,1.6094379425048828,174211356164096.0,250000,9999223729.199362,2126033981.882068,135003157849.51123
682,1082257,-22406.0,2029,True,-280755147654565.4,7.772249501769336e+28,1.6094379425048828,174211356164096.0,250000,99559704.77786449,8504135927.528273,70159121402.10825
694,1082478,-12323.0,744,True,-280755228501113.12,7.772290601399316e+28,1.6094379425048828,174211356164096.0,250000,99823275.40637168,1063016990.941034,17008271855.056543
685,1083541,-20950.0,1762,True,-280755156740065.78,7.772276617458725e+28,1.6094379425048828,174211356164096.0,250000,99478815.46317591,2126033981.882068,66970070429.28512
683,1084509,-16802.0,2114,True,-280767406171204.78,7.77296005111548e+28,1.609437942497834,174661170102272.0,250000,99374515.68423621,17008271855.056547,121183936967.27785
677,1085583,-36313.0,2767,True,-280782028350319.3,7.773753319351303e+28,1.6094379424994976,174661170102272.0,250000,99298189.8514829,6378101945.646204,96734546175.63406
690,1086032,-14260.0,1290,True,-280828613227747.03,7.776364299594352e+28,1.6094379424933316,174661170102272.0,250000,99587240.52822597,1063016990.941034,42520679637.641365
691,1087607,-16532.0,1257,True,-280887566515924.22,7.779626597179831e+28,1.6094379424930283,174661170102272.0,250000,99613454.89243901,1063016990.941034,31890509728.23102
697,1088130,-15747.0,940,True,-280956855428501.25,7.783519488702066e+28,1.6094379424890306,174661170102272.0,250000,99890592.94307175,1063016990.941034,36142577691.99515
692,1089747,-17054.0,1367,True,-280947360001158.1,7.782980765893327e+28,1.6094379424939822,174661170102272.0,250000,99590268.69623357,1063016990.941034,60591968483.63892
693,1090968,-12816.0,1344,True,-280992134405753.9,7.785487507311344e+28,1.6094379424937957,174661170102272.0,250000,99579276.5501613,2126033981.882068,79726274320.57753
696,1094060,-11165.0,1326,True,-281100752259791.75,7.791548002945868e+28,1.6094379424936451,174661170102272.0,250000,99616425.90446945,6378101945.646204,63781019456.46204
703,1094613,-13452.0,692,True,-281452892333310.53,7.811139138618105e+28,1.6094379424833494,174661170102272.0,250000,99852608.84269129,2126033981.882068,24449390791.643784
702,1094894,-9680.0,776,True,-281394168506600.25,7.807918386237724e+28,1.6094379424856804,174661170102272.0,250000,99840152.42052767,1063016990.941034,51024815565.169624
688,1095332,-26162.0,2155,True,-280994356662555.22,7.785615047377959e+28,1.6094379424979681,174661170102272.0,250000,99362926.94199646,5315084954.70517,97797563166.57509
704,1095741,-6440.0,702,True,-281479295009514.9,7.8125882178205785e+28,1.6094379425048828,174661170102272.0,250000,99864297.20075594,1063016990.941034,54213866537.99274
700,1098299,-13191.0,1026,True,-281388825389674.78,7.80759022551695e+28,1.6094379424903593,174661170102272.0,250000,99699175.23122653,3189050972.823102,47835764592.34654
706,1099008,-12580.0,811,True,-281479344837784.75,7.812614659765622e+28,1.6094379425048828,174661170102272.0,250000,99859867.08276738,1063016990.941034,18071288845.997578
695,1102218,-16123.0,1951,True,-281179374811067.78,7.795914510125693e+28,1.6094379424972451,174661170102272.0,250000,99523709.69763628,13819220882.233444,106301699094.1034
708,1103602,-8973.0,967,True,-281479393104570.9,7.812624839859862e+28,1.6094379425048828,174661170102272.0,250000,99754789.71373253,2126033981.882068,51024815565.16963
699,1104102,-18129.0,1511,True,-281358961780406.62,7.805931250540534e+28,1.609437942495021,174661170102272.0,250000,99898022.65107933,2126033981.882068,48898781583.28757
714,1105620,-10049.0,643,True,-281479450343560.94,7.812600227458909e+28,1.6094379425048828,174661170102272.0,250000,99917231.62125053,1063016990.941034,18071288845.997578
707,1106439,-14189.0,1177,True,-281479396145794.06,7.812631906865539e+28,1.6094379425048828,174661170102272.0,250000,99860253.29274835,1063016990.941034,31890509728.23102
717,1108736,-9747.0,608,True,-281479452950528.0,7.8126221288867755e+28,1.6094379425048828,174661170102272.0,250000,99831821.28447442,3189050972.823102,23386373800.702747
701,1109137,-16654.0,1680,True,-281434020307022.03,7.8100975594294475e+28,1.609437942496013,174661170102272.0,250000,99944347.41350923,6378101945.646204,86104376266.22375
711,1110364,-13143.0,1019,True,-281479444175392.7,7.812592074841838e+28,1.6094379425048828,174661170102272.0,250000,99725509.07752712,5315084954.70517,44646713619.52344
705,1112367,-14848.0,1674,True,-281479396352009.8,7.812623480778622e+28,1.6094379425048828,174661170102272.0,250000,99626826.62450746,9567152918.469307,86104376266.22374
709,1113219,-16824.0,1467,True,-281479423070311.3,7.812617320509808e+28,1.6094379425048828,174661170102272.0,250000,99561431.42598629,1063016990.941034,76537223347.75446
712,1113525,-14078.0,1182,True,-281479441469197.44,7.812614965176592e+28,1.6094379425048828,174661170102272.0,250000,99783231.24800265,2126033981.882068,58465934501.75688
715,1113805,-14248.0,1129,True,-281479444859241.0,7.812625999264013e+28,1.6094379425048828,174661170102272.0,250000,99670590.80701351,1063016990.941034,43583696628.5824
713,1115342,-12901.0,1278,True,-281479440027731.3,7.812619781327322e+28,1.6094379425048828,174661170102272.0,250000,99779196.86599125,12756203891.29241,99923597148.45718
698,1119193,-29185.0,2798,True,-281325599271961.62,7.804066379838803e+28,1.609437942499557,174661170102272.0,250000,99184352.6765661,13819220882.233444,152011429704.56778
716,1120043,-20794.0,1359,True,-281479440940802.8,7.812628581411613e+28,1.6094379425048828,174661170102272.0,250000,99599210.31031346,4252067963.764136,51024815565.16963
724,1120465,-9797.0,708,True,-281479429065062.7,7.812661680562811e+28,1.6094379425048828,174661170102272.0,250000,99827391.16648586,3189050972.823102,29764475746.348953
710,1122440,-13041.0,1967,True,-281479427587929.44,7.812620096352173e+28,1.6094379425048828,174661170102272.0,250000,99545727.73790263,7441118936.587238,74411189365.87238
719,1123010,-14643.0,1213,True,-281479429806324.8,7.8126388650069705e+28,1.6094379425048828,174661170102272.0,250000,99679327.20504011,2126033981.882068,46772747601.405495
720,1124822,-8695.0,1295,True,-281479425629961.3,7.812638687129512e+28,1.6094379425048828,174661170102272.0,250000,99584269.51619554,10630169909.410341,86104376266.22375
732,1128011,-6767.0,498,True,-281479370858923.7,7.812653521096914e+28,1.6094379425048828,174661170102272.0,250000,99921595.05726573,1063016990.941034,19134305836.938614
727,1129347,-16452.0,1008,True,-281479389701006.25,7.812651048379133e+28,1.6094379425048828,174661170102272.0,250000,9999666255.948318,1063016990.941034,25512407782.584816
735,1132322,-5368.0,582,True,-281479347132183.75,7.812648221255768e+28,1.6094379425048828,174661170102272.0,250000,99812254.68231083,3189050972.823102,43583696628.58239
733,1133041,-7745.0,786,True,-281479359518204.06,7.81263364104371e+28,1.6094379425048828,174661170102272.0,250000,99843452.48656191,2126033981.882068,37205594682.936195
731,1133545,-10595.0,897,True,-281479366491666.8,7.8126406918003106e+28,1.6094379425048828,174661170102272.0,250000,99719023.25741296,2126033981.882068,39331628664.81826
721,1133828,-18133.0,1763,True,-281479397921030.56,7.81263632667593e+28,1.6094379425048828,174661170102272.0,250000,99653036.63285753,3189050972.823102,76537223347.75446
726,1133935,-14001.0,1348,True,-281479382366505.75,7.812632644353986e+28,1.6094379425048828,174661170102272.0,250000,99627761.80067495,3189050972.823102,64844036447.40306
730,1136766,-11731.0,1339,True,-281479380573235.25,7.812635833817085e+28,1.6094379425048828,174661170102272.0,250000,99976503.80178314,2126033981.882068,54213866537.99274
729,1139197,-11623.0,1587,True,-281479387400570.1,7.81262958207608e+28,1.6094379425048828,174661170102272.0,250000,99521644.46951447,9567152918.469307,92482478211.86993
741,1139945,-4974.0,400,True,-281479406000537.6,7.812650754260732e+28,1.6094379425048828,174661170102272.0,250000,99923965.11726572,2126033981.882068,42520679637.641365
725,1140428,-17503.0,1879,True,-281479392946687.2,7.812651203064144e+28,1.6094379425048828,174661170102272.0,250000,99399767.10856345,7441118936.587238,86104376266.22374
743,1145663,-11518.0,733,True,-281479454436308.7,7.8126787056769555e+28,1.6094379425048828,174661170102272.0,250000,99807309.34625757,2126033981.882068,20197322827.879646
728,1146597,-22237.0,2067,True,-281479410800195.1,7.812654808416498e+28,1.6094379425048828,174661170102272.0,250000,9999315711.090408,7441118936.587238,128625055903.86505
737,1148219,-19585.0,1263,True,-281479424044430.06,7.812681831266775e+28,1.6094379425048828,174661170102272.0,250000,99639469.21073198,6378101945.646204,45709730610.46446
722,1149575,-26409.0,2696,True,-281479417538918.56,7.812664946704802e+28,1.6094379425048828,174661170102272.0,250000,99301799.91952856,7441118936.587238,85041359275.28271
736,1150102,-16925.0,1580,True,-281479411876545.1,7.812676316860149e+28,1.6094379425048828,174661170102272.0,250000,99491095.24727482,3189050972.823102,69096104411.1672
739,1150866,-9317.0,1159,True,-281479440018279.1,7.81270167212738e+28,1.6094379425048828,174661170102272.0,250000,99684272.54109338,6378101945.646204,54213866537.99274
738,1154051,-14737.0,1544,True,-281479420855545.4,7.812692921206967e+28,1.6094379425048828,174661170102272.0,250000,99583554.25221077,4252067963.764136,71222138393.04926
744,1154766,-16116.0,1125,True,-281479442268684.3,7.812723081520752e+28,1.6094379425048828,174661170102272.0,250000,99795754.35213962,2126033981.882068,48898781583.28757
740,1158481,-29819.0,1590,True,-281479426104839.06,7.8127082902578595e+28,1.6094379425048828,174661170102272.0,250000,99989704.06592011,1063016990.941034,42520679637.641365
723,1158608,-21866.0,3117,True,-281479409917744.4,7.812676093280412e+28,1.6094379425048828,174661170102272.0,250000,99106295.83982801,21260339818.82068,152011429704.56778
750,1160891,-9846.0,792,True,-281479382392749.25,7.812710723141032e+28,1.6094379425048828,174661170102272.0,250000,99899434.12705648,3189050972.823102,44646713619.52343
751,1160983,-11690.0,713,True,-281479375106076.75,7.812700228086412e+28,1.6094379425048828,174661170102272.0,250000,99828616.47840211,1063016990.941034,28701458755.40792
749,1161813,-10075.0,951,True,-281479383124710.94,7.81274078361202e+28,1.6094379425048828,174661170102272.0,250000,99753134.91771731,4252067963.764136,44646713619.52344
742,1162564,-18138.0,1796,True,-281479411402455.5,7.812707901042665e+28,1.6094379425048828,174661170102272.0,250000,99460197.91903897,2126033981.882068,80789291311.51857
745,1162733,-11366.0,1471,True,-281479411780821.7,7.812728557381989e+28,1.6094379425048828,174661170102272.0,250000,99623922.29445037,10630169909.410341,76537223347.75446
752,1163510,-12008.0,838,True,-281479357210721.75,7.812698639533754e+28,1.6094379425048828,174661170102272.0,250000,99765996.60185428,2126033981.882068,31890509728.23102
747,1163692,-13914.0,1454,True,-281479406215877.9,7.812716290846651e+28,1.6094379425048828,174661170102272.0,250000,99538440.91983795,9567152918.469307,62718002465.521
746,1163977,-14918.0,1502,True,-281479405370693.9,7.812716878444014e+28,1.6094379425048828,174661170102272.0,250000,99515597.65949547,3189050972.823102,60591968483.63894
757,1168672,-10473.0,629,True,-281479354170376.1,7.812726469912217e+28,1.6094379425048828,174661170102272.0,250000,99857000.85669507,1063016990.941034,24449390791.643787
734,1168744,-26630.0,2894,True,-281479392564923.9,7.812700726805258e+28,1.6094379425048828,174661170102272.0,250000,99074449.45356552,14882237873.174479,135003157849.51125
753,1168850,-13640.0,1124,True,-281479368512639.56,7.812712371520041e+28,1.6094379425048828,174661170102272.0,250000,99655940.96291462,1063016990.941034,49961798574.22861
718,1169978,-40456.0,4235,True,-281479405788717.8,7.812675866901426e+28,1.6094379425048828,174661170102272.0,250000,98770501.25682253,18071288845.99758,169019701559.62433
754,1170051,-10573.0,1000,True,-281479372945227.75,7.812707742185648e+28,1.6094379425048828,174661170102272.0,250000,99985144.93984781,1063016990.941034,32953526719.172054
759,1173207,-8218.0,764,True,-281479392346540.9,7.812675540686001e+28,1.6094379425048828,174661170102272.0,250000,99829479.80246301,6378101945.646204,42520679637.64136
762,1173469,-12193.0,671,True,-281479415559456.44,7.812668727595043e+28,1.6094379425048828,174661170102272.0,250000,99951004.70155488,2126033981.882068,18071288845.997578
768,1176786,-5498.0,496,True,-281479467922332.9,7.812595298889885e+28,1.6094379425048828,174661170102272.0,250000,99904284.20314781,1063016990.941034,30827492737.289986
763,1177318,-12029.0,863,True,-281479440922735.56,7.812656275561129e+28,1.6094379425048828,174661170102272.0,250000,99762424.63779339,4252067963.764136,44646713619.52344
760,1178197,-15750.0,1024,True,-281479426383872.0,7.8126469007508825e+28,1.6094379425048828,174661170102272.0,250000,99871293.06880158,1063016990.941034,39331628664.81826
769,1178442,-10515.0,529,True,-281479473218620.0,7.81259315347843e+28,1.6094379425048828,174661170102272.0,250000,99868303.00477876,1063016990.941034,27638441764.46689
761,1179044,-9549.0,1030,True,-281479437214507.25,7.812640784419525e+28,1.6094379425048828,174661170102272.0,250000,99715508.44932923,1063016990.941034,37205594682.93619
758,1179051,-15334.0,1135,True,-281479421312980.7,7.812645299928744e+28,1.6094379425048828,174661170102272.0,250000,99917532.09726575,4252067963.764136,51024815565.16963
748,1180271,-15865.0,2163,True,-281479413266253.06,7.812680340327353e+28,1.6094379425048828,174661170102272.0,250000,99642086.946633,9567152918.469307,89293427239.04681
765,1181369,-8294.0,1087,True,-281479466136226.5,7.81264440630023e+28,1.6094379425048828,174661170102272.0,250000,99703462.45927219,6378101945.646204,75474206356.81343
778,1184411,-7774.0,335,True,-281479675796012.3,7.812527032756582e+28,1.6094379425048828,174661170102272.0,250000,99937418.22743694,1063016990.941034,12756203891.29241
755,1185902,-14688.0,1946,True,-281479474903404.1,7.812615577750477e+28,1.6094379425048828,174661170102272.0,250000,99424893.8806699,8504135927.528273,80789291311.51859
766,1188720,-15521.0,1253,True,-281479601996965.9,7.812534775954755e+28,1.6094379425048828,174661170102272.0,250000,99604269.95832105,2126033981.882068,56339900519.87481
777,1188740,-9726.0,606,True,-281479743820925.06,7.812491763606302e+28,1.6094379425048828,174661170102272.0,250000,99824901.62439832,1063016990.941034,38268611673.87723
774,1190358,-11770.0,815,True,-281479712918732.8,7.8125114816218265e+28,1.6094379425048828,174661170102272.0,250000,99758485.51574393,1063016990.941034,14882237873.174477
776,1190602,-10496.0,760,True,-281479737035980.8,7.81249597205066e+28,1.6094379425048828,174661170102272.0,250000,99877750.31092717,3189050972.823102,44646713619.52343
775,1190741,-11266.0,784,True,-281479732270309.9,7.812496970619084e+28,1.6094379425048828,174661170102272.0,250000,99768299.97988091,2126033981.882068,34016543710.113094
780,1192153,-6317.0,674,True,-281479798181341.06,7.812447320940533e+28,1.6094379425048828,174661170102272.0,250000,99982464.8778364,2126033981.882068,34016543710.11309
781,1192155,-7195.0,484,True,-281479814155712.5,7.812447460671826e+28,1.6094379425048828,174661170102272.0,250000,99965916.91768423,1063016990.941034,21260339818.820683
773,1194226,-10636.0,1090,True,-281479719256364.6,7.812502997795718e+28,1.6094379425048828,174661170102272.0,250000,99987419.73988587,4252067963.764136,42520679637.64136
784,1196228,-5500.0,468,True,-281479777557617.75,7.812527215415446e+28,1.6094379425048828,174661170102272.0,250000,99987419.73988587,1063016990.941034,24449390791.643784
767,1196280,-18215.0,1721,True,-281479650515483.06,7.812532413667672e+28,1.6094379425048828,174661170102272.0,250000,99573596.89813088,6378101945.646204,82915325293.40063
756,1198097,-16700.0,2476,True,-281479580785960.1,7.81257297537898e+28,1.6094379425048828,174661170102272.0,250000,99207071.28468779,4252067963.764136,117994885994.45474
764,1198140,-26165.0,2153,True,-281479622172150.75,7.812558774592246e+28,1.6094379425048828,174661170102272.0,250000,99305190.88966177,1063016990.941034,86104376266.22372
790,1200514,-4864.0,393,True,-281479782934793.75,7.812516648619766e+28,1.6094379425048828,174661170102272.0,250000,99941762.61145976,1063016990.941034,23386373800.702747
772,1201661,-22248.0,1762,True,-281479706028838.6,7.81252285952521e+28,1.6094379425048828,174661170102272.0,250000,99636397.76860638,11693186900.351376,88230410248.10582
771,1203351,-24074.0,1884,True,-281479704230022.8,7.812527094672172e+28,1.6094379425048828,174661170102272.0,250000,99506770.3573699,3189050972.823102,73348172374.93135
770,1204467,-22335.0,2151,True,-281479681487386.9,7.812524183089744e+28,1.6094379425048828,174661170102272.0,250000,99387801.68233892,7441118936.587238,97797563166.5751
789,1204667,-8338.0,782,True,-281479751153407.4,7.8125294775660396e+28,1.6094379425048828,174661170102272.0,250000,99857968.9667141,5315084954.70517,42520679637.64136
785,1204950,-10381.0,912,True,-281479756791520.56,7.812500426719288e+28,1.6094379425048828,174661170102272.0,250000,9999698064.230658,2126033981.882068,21260339818.820683
783,1205792,-17484.0,1067,True,-281479755151089.4,7.812496173917604e+28,1.6094379425048828,174661170102272.0,250000,99934184.84337606,1063016990.941034,39331628664.81826
787,1210165,-10945.0,1214,True,-281479743872281.75,7.812457749052229e+28,1.6094379425048828,174661170102272.0,250000,99626383.25854933,3189050972.823102,51024815565.16963
791,1212532,-16140.0,1019,True,-281479726226901.3,7.812437979337051e+28,1.6094379425048828,174661170102272.0,250000,99715966.51141678,1063016990.941034,31890509728.23102
786,1213194,-13607.0,1412,True,-281479736966471.8,7.812454635746907e+28,1.6094379425048828,174661170102272.0,250000,99707835.42128359,5315084954.70517,72285155383.99033
795,1213282,-6408.0,798,True,-281479703691264.0,7.812416297994332e+28,1.6094379425048828,174661170102272.0,250000,99785777.94606735,3189050972.823102,60591968483.63894
793,1217537,-15149.0,1215,True,-281479706825772.7,7.812426627867637e+28,1.6094379425048828,174661170102272.0,250000,99643942.60283855,1063016990.941034,40394645655.75929
800,1217974,-10466.0,814,True,-281479694988340.8,7.81235462236797e+28,1.6094379425048828,174661170102272.0,250000,99748084.79570591,3189050972.823102,46772747601.405495
794,1219148,-13631.0,1313,True,-281479707201957.1,7.812422344399398e+28,1.6094379425048828,174661170102272.0,250000,99737459.80762222,5315084954.70517,62718002465.52098
779,1219567,-26001.0,2456,True,-281479740499014.06,7.8124513056708976e+28,1.6094379425048828,174661170102272.0,250000,99967175.97772229,1063016990.941034,97797563166.5751
801,1223840,-10503.0,1128,True,-281479716913733.0,7.8124028594943535e+28,1.6094379425048828,174661170102272.0,250000,99637213.46268632,1063016990.941034,46772747601.4055
788,1225817,-24060.0,2104,True,-281479727046998.6,7.812449245534334e+28,1.6094379425048828,174661170102272.0,250000,99434212.17873457,3189050972.823102,78663257329.6365
799,1226027,-15353.0,1335,True,-281479712076730.2,7.812409516171691e+28,1.6094379425048828,174661170102272.0,250000,99564607.65407002,8504135927.528273,74411189365.87238
797,1226807,-25447.0,1466,True,-281479709470591.5,7.8124154704074955e+28,1.6094379425048828,174661170102272.0,250000,99702446.7192722,1063016990.941034,51024815565.169624
803,1227604,-12087.0,942,True,-281479706950532.06,7.812439057785822e+28,1.6094379425048828,174661170102272.0,250000,99786765.10807876,1063016990.941034,43583696628.5824
792,1228344,-20390.0,2004,True,-281479714160280.25,7.812443375844853e+28,1.6094379425048828,174661170102272.0,250000,99551125.96591021,2126033981.882068,53150849547.051704
802,1228773,-9721.0,1163,True,-281479698198637.2,7.812443964590798e+28,1.6094379425048828,174661170102272.0,250000,99639979.25866346,6378101945.646204,46772747601.4055
807,1230086,-7591.0,757,True,-281479699713047.0,7.812478452688372e+28,1.6094379425048828,174661170102272.0,250000,99803465.48417003,1063016990.941034,29764475746.348953
798,1232147,-15427.0,1730,True,-281479696439724.56,7.812408324051915e+28,1.6094379425048828,174661170102272.0,250000,99820042.0223108,9567152918.469307,79726274320.57755
806,1235409,-12601.0,1117,True,-281479714017437.7,7.812461479421057e+28,1.6094379425048828,174661170102272.0,250000,99649540.87676619,1063016990.941034,37205594682.936195
805,1238130,-16062.0,1553,True,-281479727420275.56,7.812428561694944e+28,1.6094379425048828,174661170102272.0,250000,9999485797.448334,3189050972.823102,80789291311.51859
808,1238636,-15354.0,1218,True,-281479743488941.6,7.812461903755834e+28,1.6094379425048828,174661170102272.0,250000,99612591.5683781,4252067963.764136,43583696628.5824
810,1239264,-14562.0,964,True,-281479740800412.1,7.812457883668885e+28,1.6094379425048828,174661170102272.0,250000,99942806.92944834,2126033981.882068,34016543710.113094
815,1240536,-8367.0,762,True,-281479783465605.06,7.812415522746041e+28,1.6094379425048828,174661170102272.0,250000,99991726.01992391,3189050972.823102,38268611673.87723
804,1241994,-18724.0,1800,True,-281479746193544.56,7.812432324773636e+28,1.6094379425048828,174661170102272.0,250000,99815454.31824991,2126033981.882068,70159121402.10823
811,1243289,-10468.0,1092,True,-281479774049561.3,7.8124459218891435e+28,1.6094379425048828,174661170102272.0,250000,99702551.50523032,2126033981.882068,62718002465.520996
796,1243789,-26781.0,2633,True,-281479740039774.7,7.812427678521285e+28,1.6094379425048828,174661170102272.0,250000,99167322.43220074,5315084954.70517,128625055903.86505
809,1245023,-19998.0,1591,True,-281479773831837.4,7.812456950015995e+28,1.6094379425048828,174661170102272.0,250000,99536318.53573899,3189050972.823102,79726274320.57755
817,1246198,-9232.0,1007,True,-281479831961160.7,7.812445004006734e+28,1.6094379425048828,174661170102272.0,250000,99691359.313238,3189050972.823102,55276883528.93378
814,1246884,-12474.0,1205,True,-281479801650017.06,7.812443485729483e+28,1.6094379425048828,174661170102272.0,250000,99683886.33111241,5315084954.70517,51024815565.16964
782,1246990,-36132.0,3818,True,-281479756624303.25,7.812455736149275e+28,1.6094379425048828,174661170102272.0,250000,98802542.51887184,7441118936.587238,152011429704.56778
821,1248092,-8116.0,591,True,-281508589877105.94,7.814056920929627e+28,1.6094379424796694,175112141668352.0,250000,99924923.70128855,2126033981.882068,32953526719.17206
816,1249157,-16007.0,1274,True,-281530741921460.9,7.8152708641340744e+28,1.6094379424931864,175112141668352.0,250000,9999578251.283314,1063016990.941034,65907053438.34408
819,1251393,-9849.0,999,True,-281646491839835.5,7.8217235796758615e+28,1.6094379424899667,175112141668352.0,250000,99676036.66500206,4252067963.764136,37205594682.936195
812,1252139,-14680.0,1632,True,-281602696125339.6,7.819285864330346e+28,1.6094379424957521,175112141668352.0,250000,99467036.20101228,7441118936.587238,65907053438.34411
825,1255129,-8911.0,740,True,-281934240619791.25,7.837751486056349e+28,1.609437942484746,175112141668352.0,250000,99806183.65016621,1063016990.941034,31890509728.23102
826,1256669,-7327.0,805,True,-281984076666943.6,7.840545988483517e+28,1.609437942486372,175112141668352.0,250000,9999733492.107048,1063016990.941034,31890509728.23102
829,1257076,-9569.0,637,True,-282145537869190.6,7.849521062108384e+28,1.6094379424814902,175112141668352.0,250000,99832527.022463,2126033981.882068,30827492737.28999
818,1258035,-14148.0,1618,True,-281768833863938.2,7.828546042617236e+28,1.6094379424956733,175112141668352.0,250000,99540171.92382272,3189050972.823102,61654985474.57997
827,1258175,-9705.0,822,True,-282056620169729.25,7.844564338267396e+28,1.6094379424867549,175112141668352.0,250000,99842284.33062282,5315084954.70517,46772747601.4055
822,1258336,-10103.0,1192,True,-281883680698945.3,7.834928891019469e+28,1.609437942492382,175112141668352.0,250000,99936516.79939127,6378101945.646204,46772747601.4055
830,1261486,-14064.0,906,True,-282168943001274.5,7.850801624424383e+28,1.6094379424884355,175112141668352.0,250000,9999700038.554686,1063016990.941034,45709730610.46446
820,1261634,-9755.0,1469,True,-281909295427988.3,7.8363668983313366e+28,1.6094379424947391,175112141668352.0,250000,99562213.37194441,6378101945.646204,81852308302.45961
834,1262987,-9247.0,678,True,-282205464236382.4,7.852847967248393e+28,1.6094379425048828,175112141668352.0,250000,99884655.27487384,2126033981.882068,30827492737.28999
828,1264182,-10575.0,1124,True,-282143757878938.9,7.8494079474256215e+28,1.6094379424916256,175112141668352.0,250000,99902977.51312879,2126033981.882068,44646713619.52342
813,1264231,-20627.0,2339,True,-281800101416569.5,7.830270330670176e+28,1.6094379424985121,175112141668352.0,250000,99368449.82222483,4252067963.764136,79726274320.57755
824,1264730,-16981.0,1421,True,-282022874601358.1,7.8426962541698215e+28,1.6094379424943963,175112141668352.0,250000,99677267.14705154,4252067963.764136,72285155383.99028
835,1264921,-7735.0,612,True,-282205499220878.25,7.852858519954116e+28,1.6094379425048828,175112141668352.0,250000,99965559.28569184,1063016990.941034,23386373800.70275
833,1265873,-10069.0,905,True,-282205494759184.1,7.852839900024898e+28,1.6094379425048828,175112141668352.0,250000,99711669.75737493,3189050972.823102,59528951492.69791
836,1269773,-14354.0,819,True,-282205596029153.06,7.852818568703039e+28,1.6094379425048828,175112141668352.0,250000,99888518.18895376,2126033981.882068,29764475746.348953
838,1271283,-10849.0,828,True,-282205631984783.44,7.852788364437723e+28,1.6094379425048828,175112141668352.0,250000,99743282.34959555,2126033981.882068,28701458755.40792
840,1273456,-18304.0,945,True,-282205656428496.3,7.852775835103951e+28,1.6094379425048828,175112141668352.0,250000,99949058.95552063,1063016990.941034,20197322827.879646
823,1273496,-16659.0,2060,True,-282047535357077.1,7.844018990491777e+28,1.6094379424976493,175112141668352.0,250000,99729591.08951949,6378101945.646204,83978342284.34167
843,1273675,-9789.0,668,True,-282205721758983.7,7.85275281356155e+28,1.6094379425048828,175112141668352.0,250000,99808110.34420808,3189050972.823102,38268611673.87723
844,1274918,-6961.0,671,True,-282205747971268.9,7.852748644403073e+28,1.6094379425048828,175112141668352.0,250000,99832641.33441731,1063016990.941034,34016543710.11309
837,1277284,-13646.0,1263,True,-282205670246142.2,7.8527611184677325e+28,1.6094379425048828,175112141668352.0,250000,99606244.28234388,7441118936.587238,48898781583.28757
851,1280528,-6207.0,442,True,-282205825215196.06,7.852730709451748e+28,1.6094379425048828,175112141668352.0,250000,99887116.2389728,1063016990.941034,14882237873.174477
832,1280629,-11255.0,1967,True,-282205630674684.75,7.852789354573793e+28,1.6094379425048828,175112141668352.0,250000,99776741.07202552,14882237873.174479,100986614139.39822
839,1281247,-21631.0,1442,True,-282205712326781.0,7.85275547375587e+28,1.6094379425048828,175112141668352.0,250000,99637661.99877767,3189050972.823102,31890509728.231026
831,1283244,-16492.0,2197,True,-282205645679523.25,7.852785636331102e+28,1.6094379425048828,175112141668352.0,250000,99278575.61933835,13819220882.233444,109490750066.92648
849,1283613,-11715.0,865,True,-282205817381195.44,7.852697140795682e+28,1.6094379425048828,175112141668352.0,250000,99844263.01050861,2126033981.882068,26575424773.52585
841,1286158,-15485.0,1542,True,-282205765485287.75,7.852748058040126e+28,1.6094379425048828,175112141668352.0,250000,99654710.48086514,8504135927.528273,79726274320.57755
847,1286761,-19888.0,1365,True,-282205799113358.2,7.852726644055502e+28,1.6094379425048828,175112141668352.0,250000,99614837.79042758,3189050972.823102,63781019456.46205
857,1287813,-5003.0,449,True,-282205838470374.3,7.852744169424805e+28,1.6094379425048828,175112141668352.0,250000,9999851464.094297,1063016990.941034,20197322827.879646
842,1287842,-14355.0,1638,True,-282205770405165.3,7.8527480148215844e+28,1.6094379425048828,175112141668352.0,250000,99570101.14203954,9567152918.469307,79726274320.57755
850,1290755,-10392.0,1217,True,-282205830687977.06,7.85272661690084e+28,1.6094379425048828,175112141668352.0,250000,99763721.80181623,7441118936.587238,66970070429.28514
846,1293466,-13794.0,1796,True,-282205813204129.94,7.852723961522006e+28,1.6094379425048828,175112141668352.0,250000,99625977.99657598,7441118936.587238,81852308302.45963
859,1294540,-6457.0,706,True,-282205839060168.2,7.852732706013089e+28,1.6094379425048828,175112141668352.0,250000,9999766278.025406,2126033981.882068,51024815565.16964
864,1296210,-6010.0,523,True,-282205829827957.94,7.8527485684225435e+28,1.6094379425048828,175112141668352.0,250000,99942053.5614788,1063016990.941034,18071288845.99758
848,1297969,-20464.0,2006,True,-282205801661118.4,7.852737366162008e+28,1.6094379425048828,175112141668352.0,250000,99456935.9569895,6378101945.646204,69096104411.16722
845,1299303,-23702.0,2192,True,-282205787498062.5,7.8527481836149565e+28,1.6094379425048828,175112141668352.0,250000,99414521.73862047,2126033981.882068,74411189365.87238
854,1299350,-17799.0,1527,True,-282205804089142.8,7.852746547122301e+28,1.6094379425048828,175112141668352.0,250000,99528592.70757915,11693186900.351376,77600240338.6955
853,1299755,-18320.0,1630,True,-282205799807375.56,7.8527419906068106e+28,1.6094379425048828,175112141668352.0,250000,99591613.49023737,1063016990.941034,65907053438.34411
866,1300922,-4746.0,466,True,-282205653782580.75,7.8528016816070055e+28,1.6094379425048828,175112141668352.0,250000,99882867.11491191,3189050972.823102,31890509728.23102
856,1301760,-9752.0,1327,True,-282205772175228.8,7.852754163757635e+28,1.6094379425048828,175112141668352.0,250000,99868961.11278637,4252067963.764136,53150849547.0517
852,1303320,-19170.0,1864,True,-282205774731097.0,7.85274513714283e+28,1.6094379425048828,175112141668352.0,250000,99456960.17911512,2126033981.882068,88230410248.10577
855,1308020,-13402.0,1921,True,-282205742067355.94,7.852754947803638e+28,1.6094379425048828,175112141668352.0,250000,99435676.45482592,12756203891.29241,77600240338.6955
870,1311335,-8176.0,752,True,-282205566048386.75,7.852748341337053e+28,1.6094379425048828,175112141668352.0,250000,9999751103.43721,3189050972.823102,38268611673.87723
858,1312239,-17219.0,1937,True,-282205695911372.44,7.852762121905981e+28,1.6094379425048828,175112141668352.0,250000,99596077.35634774,18071288845.99758,141381259795.15747
862,1312249,-14282.0,1593,True,-282205664556892.75,7.852760915973146e+28,1.6094379425048828,175112141668352.0,250000,99788724.73597217,9567152918.469307,85041359275.28271
869,1312929,-10681.0,935,True,-282205552428602.56,7.8527563071366395e+28,1.6094379425048828,175112141668352.0,250000,99945711.25950542,2126033981.882068,36142577691.99516
867,1313980,-15059.0,1215,True,-282205567279933.3,7.852765778743321e+28,1.6094379425048828,175112141668352.0,250000,99798076.78215864,1063016990.941034,85041359275.2827
860,1315293,-17157.0,1980,True,-282205655880250.94,7.852755621243071e+28,1.6094379425048828,175112141668352.0,250000,99474933.4971036,11693186900.351376,78663257329.63654
876,1316564,-7401.0,534,True,-282205471061179.94,7.85273449776342e+28,1.6094379425048828,175112141668352.0,250000,9999823208.724043,1063016990.941034,19134305836.93861
871,1317574,-9523.0,1139,True,-282205528554513.06,7.852739681181642e+28,1.6094379425048828,175112141668352.0,250000,99728112.93156898,4252067963.764136,35079560701.05412
872,1318827,-14091.0,1192,True,-282205530197658.6,7.8527400758012045e+28,1.6094379425048828,175112141668352.0,250000,99817390.53828797,6378101945.646204,52087832556.110664
861,1319230,-20945.0,2067,True,-282205629704755.75,7.852749901428113e+28,1.6094379425048828,175112141668352.0,250000,99410711.62465475,8504135927.528273,63781019456.46204
863,1320933,-15761.0,2070,True,-282205618009848.8,7.852734786773184e+28,1.6094379425048828,175112141668352.0,250000,99322897.47975685,7441118936.587238,78663257329.63652
868,1321986,-17976.0,1611,True,-282205546941825.8,7.8527227517299455e+28,1.6094379425048828,175112141668352.0,250000,99489607.56332812,5315084954.70517,45709730610.46446
878,1323487,-8528.0,703,True,-282205521131260.75,7.8526352011256595e+28,1.6094379425048828,175112141668352.0,250000,99825278.30838309,1063016990.941034,35079560701.05412
879,1324025,-11310.0,736,True,-282205525291542.25,7.852639666828898e+28,1.6094379425048828,175112141668352.0,250000,99837152.83050865,2126033981.882068,22323356809.76172
884,1326598,-9801.0,564,True,-282205578516029.75,7.852601921208681e+28,1.6094379425048828,175112141668352.0,250000,9999813356.155893,2126033981.882068,30827492737.28999
887,1328181,-8954.0,453,True,-282205584505831.1,7.8525718107325865e+28,1.6094379425048828,175112141668352.0,250000,99882266.16288146,1063016990.941034,13819220882.23344
880,1328321,-13035.0,962,True,-282205549070263.6,7.852623887175377e+28,1.6094379425048828,175112141668352.0,250000,99827081.16447444,4252067963.764136,39331628664.81826
883,1329124,-9314.0,785,True,-282205577838550.25,7.8525830495044215e+28,1.6094379425048828,175112141668352.0,250000,99948334.16553967,4252067963.764136,51024815565.16963
865,1329619,-27680.0,2429,True,-282205592301340.4,7.852701079851802e+28,1.6094379425048828,175112141668352.0,250000,99436138.87277643,1063016990.941034,96734546175.63403
885,1331227,-11591.0,775,True,-282205598468183.2,7.852583872970595e+28,1.6094379425048828,175112141668352.0,250000,9999743354.201193,1063016990.941034,35079560701.05412
874,1333392,-19550.0,1977,True,-282205564542159.7,7.8526616717467385e+28,1.6094379425048828,175112141668352.0,250000,99393152.28036554,17008271855.056547,99923597148.45721
889,1333631,-7454.0,634,True,-282205629773184.4,7.852582411279412e+28,1.6094379425048828,175112141668352.0,250000,99871131.1268663,1063016990.941034,25512407782.58482
886,1334750,-10363.0,970,True,-282205618054927.3,7.852543219158953e+28,1.6094379425048828,175112141668352.0,250000,99724269.06948145,4252067963.764136,47835764592.34654
873,1335178,-28680.0,2141,True,-282205570491994.1,7.852645191244027e+28,1.6094379425048828,175112141668352.0,250000,99314551.64757417,3189050972.823102,85041359275.28268
882,1335741,-10288.0,1278,True,-282205605517603.6,7.852564393069004e+28,1.6094379425048828,175112141668352.0,250000,99619163.12245801,8504135927.528273,64844036447.40309
888,1337410,-9352.0,964,True,-282205635801648.9,7.85253634865237e+28,1.6094379425048828,175112141668352.0,250000,99724140.0613977,4252067963.764136,57402917510.81583
894,1339108,-6563.0,624,True,-282205675699803.9,7.852525772980711e+28,1.6094379425048828,175112141668352.0,250000,99818377.70029938,1063016990.941034,31890509728.23102
875,1339912,-22310.0,2287,True,-282205582656462.3,7.852624190567484e+28,1.6094379425048828,175112141668352.0,250000,99345988.41600035,12756203891.29241,99923597148.45718
881,1340092,-16040.0,1632,True,-282205608718255.7,7.852572062213616e+28,1.6094379425048828,175112141668352.0,250000,99514720.45357542,7441118936.587238,68033087420.22619
892,1343077,-14264.0,931,True,-282205681453225.4,7.852524336132728e+28,1.6094379425048828,175112141668352.0,250000,99871679.27878255,1063016990.941034,21260339818.820683
877,1348183,-30295.0,2303,True,-282205625030217.56,7.8525919495796745e+28,1.6094379425048828,175112141668352.0,250000,99501553.12328999,5315084954.70517,72285155383.9903
895,1350643,-20353.0,1314,True,-282205694902396.7,7.852553667960926e+28,1.6094379425048828,175112141668352.0,250000,99787151.31805973,2126033981.882068,38268611673.87723
900,1350810,-12081.0,977,True,-282205698264882.56,7.852571763363515e+28,1.6094379425048828,175112141668352.0,250000,99813299.00029941,2126033981.882068,36142577691.995155
896,1351787,-17479.0,1285,True,-282205686206958.06,7.852555037955751e+28,1.6094379425048828,175112141668352.0,250000,99621275.98056078,1063016990.941034,47835764592.346535
905,1353228,-9376.0,821,True,-282205667432250.94,7.852603012858188e+28,1.6094379425048828,175112141668352.0,250000,99947733.21350922,1063016990.941034,35079560701.05413
901,1353805,-10311.0,1129,True,-282205663925120.1,7.852603102690256e+28,1.6094379425048828,175112141668352.0,250000,99672698.49498305,1063016990.941034,65907053438.344086
902,1354626,-11929.0,1076,True,-282205653355919.7,7.852594747462943e+28,1.6094379425048828,175112141668352.0,250000,99718851.78948148,2126033981.882068,51024815565.16962
906,1356053,-9012.0,811,True,-282205615220334.5,7.852643395221657e+28,1.6094379425048828,175112141668352.0,250000,99966885.02770326,3189050972.823102,25512407782.584816
893,1357425,-24864.0,1819,True,-282205643575865.7,7.852584036972124e+28,1.6094379425048828,175112141668352.0,250000,99424798.62070797,2126033981.882068,66970070429.28514
898,1357935,-17369.0,1519,True,-282205635945877.1,7.852590505389758e+28,1.6094379425048828,175112141668352.0,250000,99652168.95293367,1063016990.941034,44646713619.52343
903,1358516,-16149.0,1213,True,-282205621953639.8,7.852635670182215e+28,1.6094379425048828,175112141668352.0,250000,99617355.9105037,2126033981.882068,48898781583.28756
899,1359054,-16950.0,1519,True,-282205629586771.06,7.85261166994279e+28,1.6094379425048828,175112141668352.0,250000,99517500.13141172,4252067963.764136,70159121402.10825
891,1359142,-18737.0,2034,True,-282205634604721.7,7.852588807478947e+28,1.6094379425048828,175112141668352.0,250000,99494576.30723673,6378101945.646204,82915325293.40065
890,1361657,-24199.0,2352,True,-282205628667109.9,7.85259941597877e+28,1.6094379425048828,175112141668352.0,250000,99690095.0830667,8504135927.528273,82915325293.40067
915,1365553,-7121.0,508,True,-282205600606159.6,7.852610686556314e+28,1.6094379425048828,175112141668352.0,250000,99938763.02144074,4252067963.764136,31890509728.231026
907,1365991,-10115.0,1113,True,-282205558948885.2,7.852626782536671e+28,1.6094379425048828,175112141668352.0,250000,99746019.56758411,5315084954.70517,58465934501.756874
920,1368537,-6139.0,430,True,-282205616410490.6,7.852575325931865e+28,1.6094379425048828,175112141668352.0,250000,99935386.74743696,2126033981.882068,18071288845.997578
916,1369039,-9265.0,694,True,-282205600032915.56,7.852626744913797e+28,1.6094379425048828,175112141668352.0,250000,99979861.02379455,3189050972.823102,35079560701.05412
917,1375988,-12340.0,1092,True,-282358271248976.6,7.861183197476891e+28,1.609437942491237,175564304416768.0,250000,99689914.08913903,4252067963.764136,53150849547.05171
914,1376117,-12151.0,1254,True,-282343176934715.2,7.860351777269851e+28,1.6094379424929999,175564304416768.0,250000,99602443.69437435,1063016990.941034,58465934501.75687
912,1376301,-13294.0,1406,True,-282334502849447.1,7.859871491003472e+28,1.6094379424942846,175564304416768.0,250000,99546557.31384172,1063016990.941034,80789291311.51857
913,1378786,-17986.0,1510,True,-282400305393094.4,7.863559274527506e+28,1.6094379424950145,175564304416768.0,250000,99666699.31494501,5315084954.70517,74411189365.87238
908,1381475,-17481.0,1927,True,-282421581762570.6,7.864750096517203e+28,1.6094379424971499,175564304416768.0,250000,99375736.6402895,10630169909.410341,94608512193.75201
921,1381969,-10477.0,1026,True,-282633275282230.4,7.876610510758703e+28,1.6094379424903593,175564304416768.0,250000,99842145.79654288,2126033981.882068,47835764592.34653
922,1383303,-8561.0,1082,True,-282667618125623.4,7.878530754751787e+28,1.609437942491111,175564304416768.0,250000,99731169.67756516,2126033981.882068,68033087420.226166
919,1384710,-15226.0,1598,True,-282558042170605.1,7.8723737366971985e+28,1.6094379424955578,175564304416768.0,250000,99507214.5375983,5315084954.70517,64844036447.403076
904,1386920,-21342.0,2938,True,-282431719323967.25,7.865304464775973e+28,1.6094379424998109,175564304416768.0,250000,99236676.61903404,8504135927.528273,138192208822.33435
925,1387236,-11475.0,703,True,-282933079666822.0,7.893372427312024e+28,1.6094379425048828,175564304416768.0,250000,99936140.1154065,1063016990.941034,19134305836.938614
924,1387551,-13019.0,1157,True,-282804285764479.7,7.886182526241122e+28,1.6094379424920038,175564304416768.0,250000,99852732.6806418,4252067963.764136,43583696628.582405
911,1388540,-18563.0,2207,True,-282539877076756.3,7.871373397624902e+28,1.609437942498131,175564304416768.0,250000,99279362.7354297,14882237873.174479,106301699094.1034
926,1392101,-11481.0,999,True,-282933064018340.25,7.893380408689205e+28,1.6094379425048828,175564304416768.0,250000,99690037.92708954,5315084954.70517,42520679637.64136
918,1392942,-23759.0,2118,True,-282648390127279.5,7.877430330561618e+28,1.6094379424978473,175564304416768.0,250000,99401736.26245305,9567152918.469307,86104376266.22374
897,1393616,-25900.0,3764,True,-282462888062684.4,7.86702752058006e+28,1.609437942500924,175564304416768.0,250000,98800892.89298986,12756203891.29241,169019701559.6243
909,1394234,-27651.0,2714,True,-282572843761724.4,7.873219122321568e+28,1.6094379424993923,175564304416768.0,250000,99267321.10123563,13819220882.233444,111616784048.80855
934,1397204,-6315.0,623,True,-282933067587491.94,7.893372963259981e+28,1.6094379425048828,175564304416768.0,250000,99885847.65293854,2126033981.882068,26575424773.52585
931,1397287,-10468.0,874,True,-282933062770669.25,7.8933785459769e+28,1.6094379425048828,175564304416768.0,250000,99918614.5192391,2126033981.882068,53150849547.0517
936,1398828,-6859.0,643,True,-282933097690585.0,7.893348431563179e+28,1.6094379425048828,175564304416768.0,250000,99806436.49620047,2126033981.882068,43583696628.5824
928,1398850,-15901.0,1254,True,-282933081917560.9,7.893370563718076e+28,1.6094379425048828,175564304416768.0,250000,99679890.05308579,3189050972.823102,57402917510.81584
930,1402145,-16338.0,1261,True,-282933102747381.6,7.893352569197239e+28,1.6094379425048828,175564304416768.0,250000,99695612.79316184,3189050972.823102,49961798574.22861
923,1403257,-15486.0,2170,True,-282854038151100.06,7.888937208613645e+28,1.6094379424980159,175564304416768.0,250000,99577521.32405092,6378101945.646204,104175665112.2213
927,1403469,-18851.0,1698,True,-282933106809210.75,7.89335071666144e+28,1.6094379425048828,175564304416768.0,250000,99586620.52420314,1063016990.941034,96734546175.63406
933,1405464,-14468.0,1159,True,-282933133046463.3,7.893329905399507e+28,1.6094379425048828,175564304416768.0,250000,99643231.69471674,1063016990.941034,47835764592.34652
941,1406740,-6368.0,596,True,-282933212197991.06,7.893290938439986e+28,1.6094379425048828,175564304416768.0,250000,99883759.0169614,3189050972.823102,47835764592.34654
940,1407802,-11187.0,848,True,-282933196740955.75,7.893295557463122e+28,1.6094379425048828,175564304416768.0,250000,99933016.68743697,2126033981.882068,41457662646.70033
935,1409247,-14117.0,1356,True,-282933147195579.25,7.893303992759493e+28,1.6094379425048828,175564304416768.0,250000,9999551259.328936,4252067963.764136,41457662646.70033
938,1410094,-11873.0,1072,True,-282933187959242.5,7.893277148292536e+28,1.6094379425048828,175564304416768.0,250000,99965568.81168804,3189050972.823102,54213866537.99272
937,1412789,-17256.0,1293,True,-282940684774793.6,7.893681950956007e+28,1.6094379424933583,176017624793088.0,250000,99679102.93699443,1063016990.941034,37205594682.936195
943,1413244,-6553.0,901,True,-282967456902427.0,7.895144823299898e+28,1.6094379424883443,176017624793088.0,250000,99742724.6716831,3189050972.823102,79726274320.57755
929,1414275,-21951.0,2050,True,-282970970790777.1,7.895424823383878e+28,1.609437942497614,176017624793088.0,250000,99702823.40325697,3189050972.823102,77600240338.69547
942,1415863,-12716.0,1161,True,-283062846716512.56,7.900506238275005e+28,1.609437942492048,176017624793088.0,250000,99660380.60689937,5315084954.70517,48898781583.28757
944,1417154,-12421.0,1144,True,-283115790327292.44,7.9034842855915065e+28,1.6094379424918572,176017624793088.0,250000,99766006.12785047,5315084954.70517,53150849547.05171
948,1421144,-12166.0,980,True,-283332464421056.25,7.915628288884156e+28,1.6094379424896776,176017624793088.0,250000,99784652.249976,2126033981.882068,31890509728.231026
939,1421888,-19652.0,1767,True,-283173626990362.5,7.906751096856411e+28,1.6094379424964498,176017624793088.0,250000,99490756.66727482,5315084954.70517,60591968483.63894
950,1421978,-12300.0,886,True,-283417647892909.94,7.920392582941667e+28,1.6094379424880643,176017624793088.0,250000,9999706800.628689,1063016990.941034,30827492737.289986
955,1422131,-7266.0,491,True,-283662792615072.56,7.934192201515274e+28,1.6094379425048828,176017624793088.0,250000,99913640.60519725,2126033981.882068,34016543710.11309
947,1423261,-12972.0,1237,True,-283327367951028.06,7.915338796138738e+28,1.6094379424928367,176017624793088.0,250000,99709900.64940539,2126033981.882068,36142577691.995155
956,1425527,-11348.0,604,True,-283662790119342.6,7.934170120421405e+28,1.6094379425048828,176017624793088.0,250000,99970909.88371846,1063016990.941034,34016543710.11309
946,1426841,-8460.0,1474,True,-283374860617125.0,7.917998350852889e+28,1.6094379424947736,176017624793088.0,250000,99890773.93699943,2126033981.882068,54213866537.99274
910,1427803,-39880.0,4751,True,-282882928690783.2,7.890527531977304e+28,1.60943794249861,176017624793088.0,250000,98785288.82073109,22323356809.76171,194532109342.2091
951,1428879,-16220.0,1227,True,-283539277352709.6,7.927214917366912e+28,1.6094379424927385,176017624793088.0,250000,99636007.20276245,2126033981.882068,31890509728.231026
953,1432597,-12888.0,1238,True,-283662736118772.44,7.934195219452593e+28,1.6094379425048828,176017624793088.0,250000,99757150.24773632,5315084954.70517,69096104411.1672
960,1434314,-10862.0,771,True,-283662639255897.3,7.93419822506853e+28,1.6094379425048828,176017624793088.0,250000,99786135.57805973,1063016990.941034,27638441764.46688
952,1435038,-19076.0,1559,True,-283590305694232.0,7.930134265775747e+28,1.6094379424953247,176017624793088.0,250000,99651471.92667101,5315084954.70517,66970070429.28513
964,1436265,-6596.0,589,True,-283662508142932.75,7.934287699964148e+28,1.6094379425048828,176017624793088.0,250000,99879142.73491193,1063016990.941034,25512407782.584816
932,1436326,-30603.0,3226,True,-283268803390586.5,7.9121216302838015e+28,1.6094379425002638,176017624793088.0,250000,99362941.63812588,12756203891.29241,143507293777.03952
962,1437053,-10455.0,862,True,-283662560138289.9,7.934224616587691e+28,1.6094379425048828,176017624793088.0,250000,99777599.22595319,3189050972.823102,42520679637.641365
945,1437377,-22635.0,2202,True,-283446768255556.4,7.922069732033777e+28,1.6094379424981158,176017624793088.0,250000,99354448.56013735,7441118936.587238,79726274320.57755
958,1437592,-14338.0,1028,True,-283662581263252.44,7.934192973885816e+28,1.6094379425048828,176017624793088.0,250000,99711011.64936732,1063016990.941034,27638441764.466885
959,1439264,-12506.0,1086,True,-283662548037081.3,7.934193929330372e+28,1.6094379425048828,176017624793088.0,250000,99673056.12697543,2126033981.882068,27638441764.466885
954,1440188,-17625.0,1684,True,-283662622236652.56,7.934203432046486e+28,1.6094379425048828,176017624793088.0,250000,99711612.60139777,6378101945.646204,53150849547.051704
963,1440439,-8332.0,932,True,-283662477844093.25,7.934232486134512e+28,1.6094379425048828,176017624793088.0,250000,99754236.39168304,1063016990.941034,35079560701.05413
961,1440467,-14970.0,1146,True,-283662533321004.25,7.93420551181717e+28,1.6094379425048828,176017624793088.0,250000,99741541.81961459,8504135927.528273,60591968483.63895
949,1440788,-17508.0,2128,True,-283537609588736.0,7.927158378127964e+28,1.6094379424978804,176017624793088.0,250000,99334028.15990905,10630169909.410341,88230410248.10582
968,1443706,-6416.0,587,True,-283662365267015.5,7.934155620903957e+28,1.6094379425048828,176017624793088.0,250000,9999805816.491772,1063016990.941034,15945254864.115513
966,1444847,-8762.0,998,True,-283662416441696.94,7.934204182926182e+28,1.6094379425048828,176017624793088.0,250000,99758051.675782,3189050972.823102,41457662646.70033
965,1445355,-13810.0,1097,True,-283662435207166.1,7.934199720392144e+28,1.6094379425048828,176017624793088.0,250000,99768500.02580097,4252067963.764136,46772747601.4055
969,1449214,-10040.0,886,True,-283662424496678.1,7.934123750433385e+28,1.6094379425048828,176017624793088.0,250000,99777494.43999507,1063016990.941034,44646713619.52343
979,1449716,-9125.0,558,True,-283662495418786.44,7.934086207653396e+28,1.6094379425048828,176017624793088.0,250000,99991086.96390869,1063016990.941034,15945254864.115509
978,1450739,-12561.0,642,True,-283662493219843.2,7.934107306524788e+28,1.6094379425048828,176017624793088.0,250000,99879953.25885864,1063016990.941034,21260339818.82068
973,1453649,-10113.0,1017,True,-283662467844899.5,7.934137674511471e+28,1.6094379425048828,176017624793088.0,250000,99684458.70515428,6378101945.646204,52087832556.11067
957,1454802,-19446.0,2353,True,-283662555186530.7,7.93417543166398e+28,1.6094379425048828,176017624793088.0,250000,99296192.11960472,11693186900.351376,115868852012.57266
976,1455628,-11724.0,965,True,-283662490978582.0,7.934150638667417e+28,1.6094379425048828,176017624793088.0,250000,99706705.36932927,1063016990.941034,44646713619.52342
971,1456790,-13967.0,1279,True,-283662456949736.8,7.934154171192278e+28,1.6094379425048828,176017624793088.0,250000,99643212.64272435,1063016990.941034,53150849547.0517
972,1457005,-16713.0,1247,True,-283662464076263.75,7.934159436546685e+28,1.6094379425048828,176017624793088.0,250000,9999587269.105373,1063016990.941034,51024815565.16965
982,1458555,-10906.0,825,True,-283662500353961.1,7.934195306916936e+28,1.6094379425048828,176017624793088.0,250000,99840686.69058476,2126033981.882068,25512407782.584816
987,1460866,-6233.0,379,True,-283662458724546.56,7.934175936085657e+28,1.6094379425048828,176017624793088.0,250000,99938472.07142171,2126033981.882068,21260339818.820683
980,1461770,-17296.0,1129,True,-283662491134102.56,7.934172705711352e+28,1.6094379425048828,176017624793088.0,250000,99941152.13343312,1063016990.941034,27638441764.466885
977,1462807,-15907.0,1398,True,-283662482488429.9,7.934164560525378e+28,1.6094379425048828,176017624793088.0,250000,99789812.32807875,6378101945.646204,65907053438.34411
981,1463503,-15739.0,1166,True,-283662490828406.56,7.93419982368835e+28,1.6094379425048828,176017624793088.0,250000,99772029.53001413,4252067963.764136,45709730610.46447
985,1464643,-9282.0,869,True,-283662470587112.75,7.934218106755008e+28,1.6094379425048828,176017624793088.0,250000,9999712204.026863,4252067963.764136,47835764592.346535
974,1465080,-20405.0,1718,True,-283662465513021.4,7.934176243386708e+28,1.6094379425048828,176017624793088.0,250000,99529427.45365147,1063016990.941034,36142577691.995155
988,1468908,-13933.0,830,True,-283662461870494.56,7.934180287409649e+28,1.6094379425048828,176017624793088.0,250000,99749243.42564881,1063016990.941034,40394645655.75929
984,1468916,-18151.0,1200,True,-283662474004835.0,7.934209162447523e+28,1.6094379425048828,176017624793088.0,250000,99630641.90860641,1063016990.941034,43583696628.5824
991,1469995,-9780.0,715,True,-283662466768242.94,7.934180207133596e+28,1.6094379425048828,176017624793088.0,250000,99983480.6178364,2126033981.882068,36142577691.995155
967,1471397,-20179.0,2425,True,-283662449546565.56,7.934181447499359e+28,1.6094379425048828,176017624793088.0,250000,99248488.8150492,12756203891.29241,102049631130.33926
990,1472077,-7490.0,942,True,-283662465599040.1,7.93418747166828e+28,1.6094379425048828,176017624793088.0,250000,99803999.75422713,1063016990.941034,25512407782.58482
994,1473319,-7446.0,657,True,-283662466409059.0,7.934189906455513e+28,1.6094379425048828,176017624793088.0,250000,99812669.47028038,3189050972.823102,39331628664.81827
983,1473406,-13614.0,1512,True,-283662473844053.3,7.93421071335841e+28,1.6094379425048828,176017624793088.0,250000,99742576.61160697,4252067963.764136,53150849547.05171
989,1476006,-10633.0,1201,True,-283662467963093.1,7.934164843400812e+28,1.6094379425048828,176017624793088.0,250000,99646136.02477382,5315084954.70517,57402917510.81584
975,1477152,-19452.0,2368,True,-283662476411765.6,7.934157328615791e+28,1.6094379425048828,176017624793088.0,250000,99263315.29721281,17008271855.056547,145633327758.92157
993,1478042,-13990.0,1017,True,-283662476555194.5,7.934156626489554e+28,1.6094379425048828,176017624793088.0,250000,99743349.0315689,2126033981.882068,44646713619.52344
992,1478162,-9724.0,1081,True,-283662476055827.6,7.934167031297962e+28,1.6094379425048828,176017624793088.0,250000,99815950.48432223,7441118936.587238,56339900519.87481
996,1479139,-12901.0,906,True,-283662484254584.4,7.934120831584531e+28,1.6094379425048828,176017624793088.0,250000,99809397.98223472,1063016990.941034,41457662646.70033
997,1481304,-11133.0,1014,True,-283662489828115.7,7.934124983564975e+28,1.6094379425048828,176017624793088.0,250000,99779931.1819684,1063016990.941034,44646713619.52343
995,1481631,-14770.0,1133,True,-283662485628116.4,7.934133933552059e+28,1.6094379425048828,176017624793088.0,250000,99666680.26295263,3189050972.823102,48898781583.28755
1000,1486683,-14231.0,1043,True,-283662468581904.2,7.934117874753445e+28,1.6094379425048828,176017624793088.0,250000,99903616.56914401,2126033981.882068,40394645655.75929
986,1486801,-21099.0,2072,True,-283662465753688.94,7.934162344760918e+28,1.6094379425048828,176017624793088.0,250000,99586553.84222978,5315084954.70517,97797563166.5751
999,1487268,-13967.0,1147,True,-283662465187740.0,7.93412804413416e+28,1.6094379425048828,176017624793088.0,250000,99625648.94257218,2126033981.882068,27638441764.466885
1005,1488214,-8269.0,763,True,-283662452997821.9,7.93412581531261e+28,1.6094379425048828,176017624793088.0,250000,99972226.09973368,3189050972.823102,47835764592.34654
970,1490265,-32113.0,3375,True,-283662456973164.56,7.934150462959905e+28,1.6094379425048828,176017624793088.0,250000,99145176.19812092,11693186900.351376,125436004931.04196
1004,1491486,-12119.0,1130,True,-283662445865014.4,7.934098455519023e+28,1.6094379425048828,176017624793088.0,250000,99663861.66686128,2126033981.882068,47835764592.346535
1009,1493939,-13191.0,925,True,-283662418137083.56,7.934110404107794e+28,1.6094379425048828,176017624793088.0,250000,99817953.38633364,4252067963.764136,35079560701.05412
1007,1497370,-10434.0,1208,True,-283662424360756.56,7.934118430909784e+28,1.6094379425048828,176017624793088.0,250000,99624585.57259122,6378101945.646204,73348172374.93134
1001,1498421,-12686.0,1689,True,-283662438713653.2,7.934128911648926e+28,1.6094379425048828,176017624793088.0,250000,99494543.37338519,4252067963.764136,72285155383.99031
1014,1498932,-7592.0,729,True,-283662400730689.3,7.934162008891051e+28,1.6094379425048828,176017624793088.0,250000,99873191.18485487,2126033981.882068,39331628664.81826
998,1499340,-16455.0,1902,True,-283662438845761.94,7.934139343756849e+28,1.6094379425048828,176017624793088.0,250000,99444556.5570657,2126033981.882068,82915325293.40063
1006,1499456,-14294.0,1394,True,-283662421948066.3,7.934150790196019e+28,1.6094379425048828,176017624793088.0,250000,99638830.15471676,6378101945.646204,66970070429.28514
1012,1499627,-11519.0,809,True,-283662396851917.7,7.934158739417346e+28,1.6094379425048828,176017624793088.0,250000,99768743.34583904,2126033981.882068,29764475746.348953
1017,1504366,-14854.0,805,True,-283662435248858.2,7.934189186096682e+28,1.6094379425048828,176017624793088.0,250000,99877225.56686626,2126033981.882068,23386373800.702747
1021,1510580,-8882.0,728,True,-283662504773204.4,7.934252602846501e+28,1.6094379425048828,176017624793088.0,250000,9999759162.675241,3189050972.823102,22323356809.761715
1018,1511059,-14574.0,1070,True,-283662472842842.94,7.934249127244772e+28,1.6094379425048828,176017624793088.0,250000,9999645854.600029,1063016990.941034,51024815565.16963
1010,1511400,-19982.0,1881,True,-283662442638465.0,7.93418780910006e+28,1.6094379425048828,176017624793088.0,250000,99397024.72044165,5315084954.70517,81852308302.4596
1016,1511417,-15981.0,1322,True,-283662462086306.7,7.934207198698575e+28,1.6094379425048828,176017624793088.0,250000,99616606.89839712,1063016990.941034,37205594682.936195
1008,1514162,-15143.0,2250,True,-283662449376813.94,7.934178775514622e+28,1.6094379425048828,176017624793088.0,250000,99433101.17877264,8504135927.528273,106301699094.10338
1024,1516555,-14010.0,1058,True,-283662467917649.8,7.934276537468925e+28,1.6094379425048828,176017624793088.0,250000,99761709.37380862,6378101945.646204,52087832556.11067
1020,1516773,-9997.0,1147,True,-283662457585335.44,7.934275791830312e+28,1.6094379425048828,176017624793088.0,250000,99744069.4656869,1063016990.941034,34016543710.11309
1023,1520864,-17185.0,1338,True,-283662405094928.06,7.934304619039193e+28,1.6094379425048828,176017624793088.0,250000,99919253.57525432,2126033981.882068,54213866537.99273
1015,1520918,-24351.0,2044,True,-283662403128101.56,7.934249664552582e+28,1.6094379425048828,176017624793088.0,250000,99382961.13224378,2126033981.882068,97797563166.57507
1026,1522964,-10314.0,774,True,-283777820061219.75,7.94081990032222e+28,1.6094379424856307,176472102797312.0,250000,9999744007.139036,1063016990.941034,43583696628.5824
1002,1523533,-28151.0,3216,True,-283698405550436.6,7.9362297153866e+28,1.6094379425002494,176472102797312.0,250000,99559685.7258721,18071288845.99758,125436004931.04199
1030,1524322,-11896.0,635,True,-283900937454006.6,7.947803390669904e+28,1.6094379424814165,176472102797312.0,250000,9999789888.535614,1063016990.941034,21260339818.82068
1022,1524412,-17471.0,1567,True,-283761918011639.0,7.939889409508347e+28,1.6094379424953735,176472102797312.0,250000,99706714.89532547,9567152918.469307,85041359275.28271
1003,1525207,-25667.0,3243,True,-283721776355746.7,7.937546620174655e+28,1.609437942500288,176472102797312.0,250000,99245217.32700354,17008271855.056547,144570310767.98056
1019,1525434,-18184.0,1754,True,-283777983675556.6,7.94080437388674e+28,1.6094379424963874,176472102797312.0,250000,99609534.82238193,4252067963.764136,45709730610.46447
1029,1526185,-12166.0,923,True,-283919193524998.4,7.948782035063184e+28,1.6094379424887386,176472102797312.0,250000,9999694406.532625,2126033981.882068,45709730610.46448
1027,1529379,-16187.0,1145,True,-283996481926797.75,7.95312552633406e+28,1.6094379424918688,176472102797312.0,250000,99821215.34838311,5315084954.70517,55276883528.93377
1013,1530017,-25219.0,2701,True,-283814879227268.6,7.942828999986402e+28,1.609437942499366,176472102797312.0,250000,99595982.0963858,8504135927.528273,110553767057.86751
1040,1532666,-5422.0,452,True,-284393565462455.5,7.97536651109664e+28,1.6094379425048828,176472102797312.0,250000,99987071.63388968,2126033981.882068,23386373800.702747
1032,1533637,-12964.0,1054,True,-284209864559621.8,7.965080878563844e+28,1.609437942490745,176472102797312.0,250000,99794767.1901282,2126033981.882068,42520679637.641365
1011,1538975,-30064.0,3584,True,-283891563907364.56,7.947129876944e+28,1.609437942500725,176472102797312.0,250000,98858873.07963288,5315084954.70517,172208752532.4474
1028,1539128,-16978.0,1733,True,-284140504881815.0,7.961194973001325e+28,1.6094379424962844,176472102797312.0,250000,99438046.51482591,1063016990.941034,57402917510.815834
1041,1540521,-9994.0,896,True,-284393588523008.0,7.975394653331629e+28,1.6094379425048828,176472102797312.0,250000,99872871.65684725,2126033981.882068,45709730610.46446
1031,1540651,-22728.0,1506,True,-284258696446278.4,7.96783185272879e+28,1.6094379424949883,176472102797312.0,250000,99530309.82970476,4252067963.764136,63781019456.46204
1043,1541425,-7588.0,713,True,-284393590767041.5,7.975372723696836e+28,1.6094379425048828,176472102797312.0,250000,99989084.06189728,3189050972.823102,31890509728.231018
1050,1546305,-5310.0,305,True,-284393574402900.75,7.975374449104902e+28,1.6094379425048828,176472102797312.0,250000,9999899047.91687,1063016990.941034,20197322827.879646
1045,1546325,-10411.0,793,True,-284393585555623.9,7.97539101841799e+28,1.6094379425048828,176472102797312.0,250000,99852627.89468367,4252067963.764136,26575424773.52585
1025,1546942,-20697.0,2661,True,-284107878438383.25,7.95934187726275e+28,1.609437942499283,176472102797312.0,250000,99313464.86973786,17008271855.056547,152011429704.56778
1035,1547204,-18286.0,1515,True,-284393574544503.6,7.97539010897153e+28,1.6094379425048828,176472102797312.0,250000,99516002.92146882,3189050972.823102,83978342284.34167
1034,1547462,-15131.0,1659,True,-284391053692999.6,7.975243859883473e+28,1.6094379424959009,176472102797312.0,250000,99482254.06329009,11693186900.351376,66970070429.28516
1036,1550445,-19013.0,1682,True,-284393584311092.7,7.975392318301121e+28,1.6094379425048828,176472102797312.0,250000,99877893.20087007,6378101945.646204,78663257329.63652
1033,1552192,-20597.0,1958,True,-284390329489489.56,7.975207389761662e+28,1.6094379424972725,176472102797312.0,250000,99452243.46697049,12756203891.29241,87167393257.16478
1046,1553359,-12680.0,899,True,-284393597630835.3,7.975385826385339e+28,1.6094379425048828,176472102797312.0,250000,99758242.19570586,1063016990.941034,40394645655.75929
1048,1553833,-11347.0,832,True,-284393605895089.25,7.97537756728832e+28,1.6094379425048828,176472102797312.0,250000,99983809.6718402,1063016990.941034,43583696628.5824
1039,1555879,-21546.0,1917,True,-284393597221963.3,7.975379862531871e+28,1.6094379425048828,176472102797312.0,250000,99392060.332396,3189050972.823102,72285155383.9903
1049,1556299,-13132.0,978,True,-284393612191823.56,7.975353184235317e+28,1.6094379425048828,176472102797312.0,250000,99696638.05915803,3189050972.823102,52087832556.11067
1042,1556339,-24699.0,1685,True,-284393604807595.5,7.975363455300424e+28,1.6094379425048828,176472102797312.0,250000,99494939.10936235,2126033981.882068,89293427239.04678
1038,1558604,-22505.0,2137,True,-284393603759438.0,7.975373399914088e+28,1.6094379425048828,176472102797312.0,250000,99791920.01604828,10630169909.410341,85041359275.28271
1053,1558830,-6517.0,743,True,-284393653978036.2,7.975350019619993e+28,1.6094379425048828,176472102797312.0,250000,99847673.03263421,2126033981.882068,29764475746.348953
1044,1560074,-20657.0,1713,True,-284393624626878.4,7.975354330586297e+28,1.6094379425048828,176472102797312.0,250000,99521244.37767436,4252067963.764136,61654985474.57998
1057,1560080,-5878.0,493,True,-284393678750260.94,7.975231783191589e+28,1.6094379425048828,176472102797312.0,250000,99846037.28861138,1063016990.941034,28701458755.407917
1037,1562962,-21373.0,2415,True,-284393632150336.75,7.975351315046452e+28,1.6094379425048828,176472102797312.0,250000,99249338.25725095,2126033981.882068,115868852012.57266
1056,1566173,-10008.0,983,True,-284393776381452.0,7.975280529671956e+28,1.6094379425048828,176472102797312.0,250000,99923965.11726572,2126033981.882068,34016543710.11309
1047,1566232,-14179.0,1694,True,-284393698549363.44,7.97532106577727e+28,1.6094379425048828,176472102797312.0,250000,99480570.68928629,9567152918.469307,105238682103.16232
1058,1569439,-21261.0,1005,True,-284393830859224.75,7.975250637222497e+28,1.6094379425048828,176472102797312.0,250000,99765309.91585809,1063016990.941034,29764475746.348953
1051,1570785,-16201.0,1530,True,-284393776808021.7,7.975307332027262e+28,1.6094379425048828,176472102797312.0,250000,99580998.02814987,4252067963.764136,60591968483.63893
1063,1571612,-12700.0,813,True,-284393902421746.44,7.975276998321643e+28,1.6094379425048828,176472102797312.0,250000,99775071.57988088,1063016990.941034,14882237873.174477
1052,1571637,-19564.0,1582,True,-284393780140826.9,7.975311590153547e+28,1.6094379425048828,176472102797312.0,250000,99519909.10966675,2126033981.882068,47835764592.346535
1054,1571812,-18729.0,1538,True,-284393787284577.2,7.97530512049234e+28,1.6094379425048828,176472102797312.0,250000,99524377.33164008,10630169909.410341,64844036447.403076
1059,1573593,-13818.0,1235,True,-284393847821525.06,7.975284569253623e+28,1.6094379425048828,176472102797312.0,250000,99630303.32860641,1063016990.941034,57402917510.815834
1068,1574829,-6993.0,541,True,-284393904148987.25,7.975312874772062e+28,1.6094379425048828,176472102797312.0,250000,99878146.04690433,1063016990.941034,18071288845.997578
1061,1576363,-18185.0,1254,True,-284393883540158.25,7.975283890569869e+28,1.6094379425048828,176472102797312.0,250000,99696204.2191961,3189050972.823102,36142577691.99516
1069,1577928,-11010.0,731,True,-284393904446513.0,7.975310647196364e+28,1.6094379425048828,176472102797312.0,250000,99843557.27252004,1063016990.941034,24449390791.64378
1060,1580663,-19491.0,1549,True,-284393875916349.1,7.975286476888163e+28,1.6094379425048828,176472102797312.0,250000,99496775.71357551,5315084954.70517,74411189365.87238
1062,1581795,-23111.0,1591,True,-284393876470891.5,7.975296823458022e+28,1.6094379425048828,176472102797312.0,250000,99773612.47392276,3189050972.823102,76537223347.75444
1077,1583083,-6374.0,420,True,-284393827467264.0,7.975325961969723e+28,1.6094379425048828,176472102797312.0,250000,99975836.16777934,1063016990.941034,23386373800.702744
1075,1585017,-6954.0,714,True,-284393819886382.6,7.975334682002971e+28,1.6094379425048828,176472102797312.0,250000,99869261.5888016,1063016990.941034,27638441764.46689
1072,1586188,-9398.0,911,True,-284393811902068.3,7.975372096669609e+28,1.6094379425048828,176472102797312.0,250000,99772286.73191135,2126033981.882068,29764475746.348953
1066,1588880,-20453.0,1800,True,-284393824333186.9,7.975349979541494e+28,1.6094379425048828,176472102797312.0,250000,99490508.99137379,5315084954.70517,78663257329.63647
1071,1589857,-15119.0,1192,True,-284393745998538.75,7.975391685893401e+28,1.6094379425048828,176472102797312.0,250000,99681487.69312385,3189050972.823102,46772747601.4055
1076,1590477,-9888.0,978,True,-284393690451189.0,7.97541273071751e+28,1.6094379425048828,176472102797312.0,250000,99706781.57729882,2126033981.882068,51024815565.16963
1073,1591301,-12632.0,1229,True,-284393713104224.44,7.975397868406034e+28,1.6094379425048828,176472102797312.0,250000,99794185.29009014,6378101945.646204,60591968483.63893
1070,1592687,-13859.0,1453,True,-284393705525741.3,7.975397318542549e+28,1.6094379425048828,176472102797312.0,250000,99568465.3980167,5315084954.70517,55276883528.93378
1081,1594091,-7477.0,688,True,-284393460093785.3,7.975508295236978e+28,1.6094379425048828,176472102797312.0,250000,99876491.25088911,1063016990.941034,32953526719.172054
1055,1595014,-20628.0,2972,True,-284393723668118.94,7.975350916682922e+28,1.6094379425048828,176472102797312.0,250000,99115637.54574803,10630169909.410341,144570310767.98053
1085,1596593,-6487.0,421,True,-284393375605728.4,7.975441977937455e+28,1.6094379425048828,176472102797312.0,250000,99951615.17958152,1063016990.941034,19134305836.938614
1074,1597060,-14672.0,1578,True,-284393636933429.56,7.975408399022506e+28,1.6094379425048828,176472102797312.0,250000,99804667.38823093,5315084954.70517,68033087420.22618
1064,1597422,-22037.0,2412,True,-284393725967541.7,7.975360902012963e+28,1.6094379425048828,176472102797312.0,250000,99265285.26537268,12756203891.29241,113742818030.6906
1067,1597426,-15540.0,2154,True,-284393709252733.5,7.975386386329558e+28,1.6094379425048828,176472102797312.0,250000,99574998.84811184,9567152918.469307,102049631130.33923
1080,1601315,-11296.0,1220,True,-284393507916306.44,7.97543122699773e+28,1.6094379425048828,176472102797312.0,250000,99647499.87077,6378101945.646204,46772747601.4055
1078,1601992,-17225.0,1504,True,-284393568201270.44,7.975413572197409e+28,1.6094379425048828,176472102797312.0,250000,99534854.25964764,6378101945.646204,61654985474.57996
1090,1602646,-5609.0,477,True,-284393597006966.06,7.975355940016932e+28,1.6094379425048828,176472102797312.0,250000,99979746.71184023,3189050972.823102,30827492737.289986
1065,1603130,-19931.0,2691,True,-284393718450039.75,7.975363836570904e+28,1.6094379425048828,176472102797312.0,250000,99125008.64392689,12756203891.29241,135003157849.51126
1089,1605851,-12191.0,735,True,-284393643712523.1,7.975381589700097e+28,1.6094379425048828,176472102797312.0,250000,99893802.10500702,2126033981.882068,51024815565.16963
1086,1607245,-14499.0,1048,True,-284393593582787.44,7.975402483440398e+28,1.6094379425048828,176472102797312.0,250000,9999653265.256046,2126033981.882068,45709730610.46447
1092,1607716,-9366.0,666,True,-284393733570904.44,7.975383294847886e+28,1.6094379425048828,176472102797312.0,250000,99879819.89491193,2126033981.882068,22323356809.761715
1079,1607767,-20501.0,1694,True,-284393591250450.75,7.97543229385084e+28,1.6094379425048828,176472102797312.0,250000,99521101.48773146,1063016990.941034,63781019456.46202
1091,1609105,-7377.0,782,True,-284393724929403.75,7.975381333653834e+28,1.6094379425048828,176472102797312.0,250000,9999741165.135103,4252067963.764136,32953526719.17206
1088,1609375,-11184.0,1043,True,-284393646357177.06,7.97541364507441e+28,1.6094379425048828,176472102797312.0,250000,99731546.36154993,1063016990.941034,48898781583.28756
1098,1609514,-5170.0,399,True,-284393795681482.75,7.975463947543302e+28,1.6094379425048828,176472102797312.0,250000,9999867945.372517,1063016990.941034,29764475746.348957
1087,1610053,-14306.0,1172,True,-284393625041993.4,7.975397704044001e+28,1.6094379425048828,176472102797312.0,250000,99826904.52640973,2126033981.882068,47835764592.346535
1095,1610739,-9142.0,589,True,-284393778031089.25,7.975399576818404e+28,1.6094379425048828,176472102797312.0,250000,99848369.2446266,2126033981.882068,22323356809.76171
1083,1613516,-18176.0,1708,True,-284393599992575.4,7.9754034571396e+28,1.6094379425048828,176472102797312.0,250000,99529828.35976186,7441118936.587238,90356444229.98788
1084,1614704,-27551.0,1614,True,-284393618382249.06,7.975408866435768e+28,1.6094379425048828,176472102797312.0,250000,99870692.11677113,4252067963.764136,41457662646.70033
1100,1615341,-7897.0,506,True,-284393728756060.06,7.97541101060071e+28,1.6094379425048828,176472102797312.0,250000,99976389.48982882,1063016990.941034,51024815565.16964
1104,1619855,-8696.0,655,True,-284393741841028.1,7.975358037658085e+28,1.6094379425048828,176472102797312.0,250000,99876719.87479775,4252067963.764136,34016543710.11309
1094,1620274,-17817.0,1428,True,-284393743284528.06,7.975371982869635e+28,1.6094379425048828,176472102797312.0,250000,99560234.69205862,3189050972.823102,64844036447.40306
1093,1620286,-15752.0,1429,True,-284393743389666.6,7.975373908716037e+28,1.6094379425048828,176472102797312.0,250000,99673371.29912008,6378101945.646204,66970070429.28514
1096,1621640,-11053.0,1228,True,-284393774287041.44,7.975371872040046e+28,1.6094379425048828,176472102797312.0,250000,99734384.00963366,1063016990.941034,47835764592.346535
1101,1623572,-16200.0,991,True,-284393784742288.94,7.975332000336058e+28,1.6094379425048828,176472102797312.0,250000,99690142.71304767,1063016990.941034,52087832556.11066
1102,1626631,-15461.0,1179,True,-284393836013291.8,7.97529501289092e+28,1.6094379425048828,176472102797312.0,250000,99813084.25824992,4252067963.764136,68033087420.22618
1107,1626643,-12603.0,994,True,-284393859040583.6,7.975287757357775e+28,1.6094379425048828,176472102797312.0,250000,99714922.1934282,2126033981.882068,44646713619.52342
1099,1628955,-19681.0,1444,True,-284393864791922.2,7.975285855050096e+28,1.6094379425048828,176472102797312.0,250000,99548999.22594829,8504135927.528273,76537223347.75444
1108,1629068,-17296.0,972,True,-284393928505976.1,7.97524306167113e+28,1.6094379425048828,176472102797312.0,250000,99719500.37149289,2126033981.882068,32953526719.17206
1110,1629325,-12454.0,874,True,-284393956173369.44,7.975206757382596e+28,1.6094379425048828,176472102797312.0,250000,99725313.38747002,2126033981.882068,31890509728.231026
1103,1632177,-14450.0,1442,True,-284393927611362.2,7.975256283085209e+28,1.6094379425048828,176472102797312.0,250000,99565832.96598627,5315084954.70517,73348172374.93134
1097,1632406,-17975.0,1860,True,-284393902640015.7,7.975296371692068e+28,1.6094379425048828,176472102797312.0,250000,99550496.43589118,7441118936.587238,60591968483.63895
1106,1633173,-16755.0,1445,True,-284393951510539.3,7.975246424365978e+28,1.6094379425048828,176472102797312.0,250000,99695798.95722274,3189050972.823102,62718002465.521
1082,1634345,-28676.0,3083,True,-284393773548418.1,7.975330308542758e+28,1.6094379425048828,176472102797312.0,250000,99035020.12908609,9567152918.469307,155200480677.39087
1105,1636650,-19707.0,1696,True,-284393996574874.56,7.975213587239293e+28,1.6094379425048828,176472102797312.0,250000,99538092.81384176,2126033981.882068,48898781583.287575
1109,1637280,-15350.0,1411,True,-284394072384445.94,7.975174920008728e+28,1.6094379425048828,176472102797312.0,250000,99544396.82575798,7441118936.587238,78663257329.6365
1117,1638675,-10116.0,752,True,-284394276302412.25,7.975125682497296e+28,1.6094379425048828,176472102797312.0,250000,99867597.26679018,1063016990.941034,20197322827.879646
1114,1639368,-17271.0,1108,True,-284394217189272.5,7.975142000906794e+28,1.6094379425048828,176472102797312.0,250000,99656374.80287655,3189050972.823102,48898781583.28756
1119,1640252,-7193.0,699,True,-284394320566503.44,7.975132329132129e+28,1.6094379425048828,176472102797312.0,250000,9999768552.825453,4252067963.764136,32953526719.17206
1123,1641509,-9140.0,521,True,-284394371106623.4,7.975126418208625e+28,1.6094379425048828,176472102797312.0,250000,9999827343.536175,1063016990.941034,23386373800.70275
1124,1642409,-5856.0,504,True,-284394385476136.6,7.975116313938607e+28,1.6094379425048828,176472102797312.0,250000,99870406.33688533,1063016990.941034,21260339818.82068
1111,1645359,-20067.0,1594,True,-284394239136622.8,7.975123658018769e+28,1.6094379425048828,176472102797312.0,250000,99491591.41334714,6378101945.646204,78663257329.6365
1115,1646020,-11320.0,1403,True,-284394295932605.4,7.975101042438148e+28,1.6094379425048828,176472102797312.0,250000,99539713.86173517,7441118936.587238,54213866537.99274
1118,1646491,-10521.0,1096,True,-284394351778225.5,7.975103713281694e+28,1.6094379425048828,176472102797312.0,250000,99901069.87107931,4252067963.764136,57402917510.815834
1112,1647858,-17500.0,1724,True,-284394258582839.25,7.97511296227642e+28,1.6094379425048828,176472102797312.0,250000,99470870.53710362,5315084954.70517,64844036447.403076
1113,1648814,-22762.0,1783,True,-284394263002685.75,7.975111406424678e+28,1.6094379425048828,176472102797312.0,250000,99494109.53342326,1063016990.941034,97797563166.57509
1121,1649297,-9238.0,1070,True,-284394379247554.75,7.975086763269513e+28,1.6094379425048828,176472102797312.0,250000,99693357.04511617,2126033981.882068,59528951492.69789
1122,1650678,-15685.0,1142,True,-284394381319230.75,7.975094723795706e+28,1.6094379425048828,176472102797312.0,250000,99754761.13574395,2126033981.882068,37205594682.936195
1133,1652100,-6631.0,380,True,-284394393576889.94,7.97514663925286e+28,1.6094379425048828,176472102797312.0,250000,99987400.68789348,1063016990.941034,20197322827.879646
1130,1654133,-7892.0,789,True,-284394419176441.5,7.975109591096265e+28,1.6094379425048828,176472102797312.0,250000,99978778.6018212,4252067963.764136,43583696628.5824
1125,1656074,-11424.0,1214,True,-284394429538182.56,7.975146410297114e+28,1.6094379425048828,176472102797312.0,250000,99687367.39107433,8504135927.528273,81852308302.4596
1127,1656691,-9885.0,1126,True,-284394442836102.56,7.975139526898004e+28,1.6094379425048828,176472102797312.0,250000,99649679.41084613,1063016990.941034,65907053438.34412
1120,1661677,-22728.0,2022,True,-284394452363590.1,7.975132406735644e+28,1.6094379425048828,176472102797312.0,250000,99386852.62431228,4252067963.764136,89293427239.04681
1126,1662544,-18221.0,1579,True,-284394510791504.25,7.97514376856451e+28,1.6094379425048828,176472102797312.0,250000,99615729.69247706,1063016990.941034,75474206356.81342
1129,1664300,-23099.0,1503,True,-284394546516221.44,7.975137852065233e+28,1.6094379425048828,176472102797312.0,250000,99551021.17995209,2126033981.882068,55276883528.93376
1116,1665703,-20189.0,2442,True,-284394464689733.2,7.975130097967073e+28,1.6094379425048828,176472102797312.0,250000,99230086.01296175,14882237873.174479,94608512193.75203
1140,1667413,-16189.0,830,True,-284394728037393.25,7.975137159195725e+28,1.6094379425048828,176472102797312.0,250000,99759529.8337325,1063016990.941034,25512407782.584816
1138,1670454,-12451.0,1236,True,-284394677984564.2,7.975154803232438e+28,1.6094379425048828,176472102797312.0,250000,99608509.55638574,4252067963.764136,60591968483.63893
1132,1671183,-17793.0,1614,True,-284394617879175.1,7.975145620946968e+28,1.6094379425048828,176472102797312.0,250000,99504586.46143082,4252067963.764136,58465934501.75688
1142,1672611,-11835.0,995,True,-284394739853791.56,7.975132196442647e+28,1.6094379425048828,176472102797312.0,250000,99858479.01464558,4252067963.764136,37205594682.936195
1147,1674613,-5188.0,450,True,-284394706719211.5,7.975214512162445e+28,1.6094379425048828,176472102797312.0,250000,99874612.18682821,1063016990.941034,21260339818.82068
1139,1674708,-19989.0,1413,True,-284394700362629.5,7.975176221596597e+28,1.6094379425048828,176472102797312.0,250000,99737979.3815499,1063016990.941034,61654985474.57998
1131,1675177,-25666.0,2048,True,-284394612166656.0,7.975162608760918e+28,1.6094379425048828,176472102797312.0,250000,99642120.69475481,10630169909.410341,94608512193.75201
1136,1676030,-20103.0,1701,True,-284394666643068.3,7.97519226659519e+28,1.6094379425048828,176472102797312.0,250000,99462773.19509225,3189050972.823102,73348172374.93134
1146,1677319,-13665.0,726,True,-284394726368428.06,7.97521885467547e+28,1.6094379425048828,176472102797312.0,250000,99846328.23863041,2126033981.882068,26575424773.525852
1134,1678283,-17817.0,1987,True,-284394656401157.56,7.975186525098744e+28,1.6094379425048828,176472102797312.0,250000,99496154.8952824,4252067963.764136,58465934501.756874
1148,1682710,-8651.0,766,True,-284394810749559.0,7.97527187478476e+28,1.6094379425048828,176472102797312.0,250000,99933111.9473989,3189050972.823102,31890509728.23102
1141,1682874,-17565.0,1675,True,-284394773595197.75,7.97519981164899e+28,1.6094379425048828,176472102797312.0,250000,99758409.30777438,14882237873.174479,95671529184.69305
1137,1686177,-29148.0,2305,True,-284394743220756.2,7.975194186330244e+28,1.6094379425048828,176472102797312.0,250000,99766607.07988092,4252067963.764136,72285155383.9903
1150,1686531,-10903.0,870,True,-284394882833697.56,7.975242325471652e+28,1.6094379425048828,176472102797312.0,250000,99750350.06974778,1063016990.941034,46772747601.4055
1152,1688900,-13388.0,887,True,-284394939635201.75,7.975242875499313e+28,1.6094379425048828,176472102797312.0,250000,99783474.56804071,3189050972.823102,26575424773.52585
1149,1689967,-13913.0,1174,True,-284420144454437.94,7.976683433537534e+28,1.60943794249219,176927771983872.0,250000,99758466.46375154,2126033981.882068,52087832556.11067
1145,1690092,-17798.0,1612,True,-284416877033324.6,7.976460825865489e+28,1.6094379424956389,176927771983872.0,250000,99476926.87311882,6378101945.646204,70159121402.10823
1128,1691336,-24465.0,3248,True,-284423248760045.06,7.976789678360974e+28,1.609437942500295,176927771983872.0,250000,99317537.35573404,27638441764.466873,178586854478.0936
1156,1691883,-8781.0,850,True,-284533388563386.1,7.983049872507666e+28,1.609437942487352,176927771983872.0,250000,9999718779.93679,1063016990.941034,54213866537.99273
1158,1693082,-9307.0,638,True,-284665611289397.75,7.990482227206015e+28,1.6094379424815268,176927771983872.0,250000,99812039.94026135,2126033981.882068,26575424773.52585
1135,1693682,-32247.0,2864,True,-284464528379194.6,7.97914208293981e+28,1.6094379424996799,176927771983872.0,250000,99311781.49573407,12756203891.29241,93545495202.81099
1160,1694739,-6626.0,513,True,-284878765895017.3,8.002590831482447e+28,1.6094379424758358,176927771983872.0,250000,99880797.53092715,2126033981.882068,31890509728.23102
1157,1695622,-16546.0,807,True,-284752510823001.44,7.995406157265196e+28,1.609437942486418,176927771983872.0,250000,99809540.87217762,1063016990.941034,32953526719.17206
1144,1699600,-20976.0,2316,True,-284598299321833.9,7.986694429243866e+28,1.6094379424984488,176927771983872.0,250000,99278594.67133074,10630169909.410341,82915325293.40067
1151,1703221,-16577.0,1788,True,-284751134878928.44,7.99533975090946e+28,1.6094379424965488,176927771983872.0,250000,99501729.7613547,5315084954.70517,77600240338.69548
1153,1707305,-17358.0,2008,True,-284805596952208.8,7.998413687342913e+28,1.6094379424974619,176927771983872.0,250000,99440030.36484493,7441118936.587238,104175665112.22131
1168,1708083,-11597.0,834,True,-285128273576211.0,8.016621634106945e+28,1.6094379425048828,176927771983872.0,250000,99826942.6303945,3189050972.823102,34016543710.11309
1166,1708362,-11362.0,955,True,-285128271263527.4,8.01663779384604e+28,1.6094379425048828,176927771983872.0,250000,9999683724.388552,4252067963.764136,45709730610.46446
1163,1709580,-14075.0,1218,True,-285128268925543.44,8.01663728672805e+28,1.6094379425048828,176927771983872.0,250000,99617704.01649989,2126033981.882068,69096104411.1672
1164,1710760,-16245.0,1214,True,-285128253785818.44,8.016642291728734e+28,1.6094379425048828,176927771983872.0,250000,99630474.79653789,1063016990.941034,46772747601.405495
1161,1711716,-18267.0,1426,True,-285114584218430.1,8.015882578943881e+28,1.6094379424944332,176927771983872.0,250000,99955697.19157389,7441118936.587238,58465934501.75688
1165,1712347,-15293.0,1279,True,-285128243018341.25,8.01664426759602e+28,1.6094379425048828,176927771983872.0,250000,99835517.08648582,3189050972.823102,39331628664.81825
1155,1713735,-19479.0,2276,True,-284886751047975.1,8.003010342278185e+28,1.6094379424983358,176927771983872.0,250000,99469097.07327113,13819220882.233444,85041359275.28273
1143,1715421,-26868.0,3359,True,-284751045013761.3,7.995338136054898e+28,1.6094379425004466,176927771983872.0,250000,99127984.82609056,18071288845.99758,154137463686.44983
1162,1715423,-13991.0,1591,True,-285128244256350.94,8.016652618427222e+28,1.6094379425048828,176927771983872.0,250000,99586424.83414604,2126033981.882068,90356444229.98785
1175,1716108,-5288.0,408,True,-285128162284564.06,8.016707992786273e+28,1.6094379425048828,176927771983872.0,250000,99932472.89138368,1063016990.941034,27638441764.46689
1177,1717396,-5390.0,355,True,-285128190836874.44,8.016680962943454e+28,1.6094379425048828,176927771983872.0,250000,9999882385.644741,1063016990.941034,17008271855.056543
1174,1721370,-10919.0,813,True,-285128174129429.1,8.016734941561948e+28,1.6094379425048828,176927771983872.0,250000,99924980.85726571,2126033981.882068,32953526719.172054
1167,1721458,-16167.0,1736,True,-285128224786875.56,8.016682631635134e+28,1.6094379425048828,176927771983872.0,250000,99514534.28951451,7441118936.587238,78663257329.6365
1169,1722950,-15677.0,1708,True,-285128216366422.94,8.016668105185808e+28,1.6094379425048828,176927771983872.0,250000,99451518.67698953,10630169909.410341,75474206356.81342
1172,1724729,-14310.0,1089,True,-285128166980924.9,8.016690587607965e+28,1.6094379425048828,176927771983872.0,250000,99665931.25084604,4252067963.764136,59528951492.697914
1176,1724952,-8856.0,887,True,-285128182658977.3,8.016688766995626e+28,1.6094379425048828,176927771983872.0,250000,99863977.67274833,2126033981.882068,41457662646.70033
1159,1726017,-21220.0,2490,True,-285070343010246.44,8.013395761451461e+28,1.6094379424988985,176927771983872.0,250000,99263644.35121661,6378101945.646204,102049631130.33923
1181,1730879,-14095.0,966,True,-285128153483217.4,8.0167083369898e+28,1.6094379425048828,176927771983872.0,250000,99781437.91790749,1063016990.941034,28701458755.407917
1179,1730935,-11115.0,1075,True,-285128157211387.94,8.016705549030391e+28,1.6094379425048828,176927771983872.0,250000,99776998.27392274,1063016990.941034,57402917510.81584
1185,1731810,-5599.0,647,True,-285128117729124.9,8.016671106926828e+28,1.6094379425048828,176927771983872.0,250000,99871612.5968092,2126033981.882068,29764475746.348953
1183,1732340,-9785.0,934,True,-285128137720404.44,8.016694747266238e+28,1.6094379425048828,176927771983872.0,250000,99735213.58557275,3189050972.823102,44646713619.52343
1186,1734470,-12612.0,720,True,-285128089106295.44,8.016693013041436e+28,1.6094379425048828,176927771983872.0,250000,99859680.91870648,1063016990.941034,35079560701.05412
1173,1734675,-21848.0,1662,True,-285128135734741.5,8.016698732208406e+28,1.6094379425048828,176927771983872.0,250000,99600693.6383972,3189050972.823102,42520679637.641365
1154,1740526,-35943.0,4031,True,-284977099540147.25,8.008134639755798e+28,1.6094379425011862,176927771983872.0,250000,98681938.09981804,28701458755.407906,182838922441.85773
1171,1741461,-27206.0,2390,True,-285128122821596.9,8.016702965692593e+28,1.6094379425048828,176927771983872.0,250000,99238540.9869655,14882237873.174479,123309970949.15991
1188,1741512,-9342.0,1035,True,-285128056289412.56,8.016722941641436e+28,1.6094379425048828,176927771983872.0,250000,9999657209.548273,4252067963.764136,55276883528.93375
1187,1741961,-8126.0,1077,True,-285128053092918.7,8.016721828142555e+28,1.6094379425048828,176927771983872.0,250000,99825034.98834503,7441118936.587238,63781019456.46205
1189,1742145,-11178.0,1008,True,-285128047127470.75,8.016730205659642e+28,1.6094379425048828,176927771983872.0,250000,99748609.53976682,2126033981.882068,59528951492.69791
1184,1742874,-17410.0,1344,True,-285128066440825.9,8.016697298410407e+28,1.6094379425048828,176927771983872.0,250000,99570392.09205857,4252067963.764136,58465934501.75687
1170,1743728,-26234.0,2758,True,-285128129633086.2,8.016698180817344e+28,1.6094379425048828,176927771983872.0,250000,99119233.73193453,4252067963.764136,113742818030.69058
1190,1746735,-11108.0,991,True,-285128044857164.2,8.016677163475246e+28,1.6094379425048828,176927771983872.0,250000,99755719.71976678,3189050972.823102,43583696628.5824
1182,1747132,-15121.0,1939,True,-285128096836303.3,8.016698505730462e+28,1.6094379425048828,176927771983872.0,250000,99426396.26074603,6378101945.646204,77600240338.69547
1196,1755566,-11568.0,940,True,-285128111373290.2,8.01671787188596e+28,1.6094379425048828,176927771983872.0,250000,99706376.31532547,2126033981.882068,22323356809.761715
1191,1756903,-19828.0,1623,True,-285128082310644.3,8.016713643830755e+28,1.6094379425048828,176927771983872.0,250000,99512603.23960969,4252067963.764136,79726274320.57755
1201,1757274,-13620.0,900,True,-285128132461417.8,8.01671053136498e+28,1.6094379425048828,176927771983872.0,250000,99734932.16154991,3189050972.823102,34016543710.11309
1197,1758821,-13398.0,1085,True,-285128113312132.8,8.01670520602266e+28,1.6094379425048828,176927771983872.0,250000,99730015.40348522,1063016990.941034,31890509728.23102
1178,1759339,-20260.0,2937,True,-285128113847405.1,8.016706556974237e+28,1.6094379425048828,176927771983872.0,250000,99045587.96119262,18071288845.99758,108427733075.98546
1195,1759347,-20349.0,1542,True,-285128090500588.75,8.016720682122359e+28,1.6094379425048828,176927771983872.0,250000,99691907.46515425,1063016990.941034,80789291311.51854
1200,1760593,-17577.0,1153,True,-285128124889686.56,8.016703997806438e+28,1.6094379425048828,176927771983872.0,250000,99656045.74887274,2126033981.882068,47835764592.34653
1199,1763897,-15105.0,1371,True,-285128144821704.4,8.01668657515287e+28,1.6094379425048828,176927771983872.0,250000,99633593.86864446,2126033981.882068,29764475746.348953
1193,1765252,-22166.0,2057,True,-285128114164594.1,8.016699347249602e+28,1.6094379425048828,176927771983872.0,250000,99497872.01740801,8504135927.528273,83978342284.34167
1194,1765430,-26686.0,1935,True,-285128120790089.56,8.016701766970052e+28,1.6094379425048828,176927771983872.0,250000,99836466.14451246,2126033981.882068,46772747601.405495
1180,1766685,-29133.0,3204,True,-285128129264007.2,8.016697260274142e+28,1.6094379425048828,176927771983872.0,250000,98980784.18870571,11693186900.351376,149885395722.68573
1205,1767806,-10717.0,765,True,-285128210286043.2,8.016683809669046e+28,1.6094379425048828,176927771983872.0,250000,99806670.29024234,6378101945.646204,39331628664.81826
1198,1769688,-21223.0,1761,True,-285128176769392.7,8.016696513966693e+28,1.6094379425048828,176927771983872.0,250000,99940756.39745596,5315084954.70517,78663257329.6365
1211,1769985,-8554.0,587,True,-285128301674384.4,8.016668833015086e+28,1.6094379425048828,176927771983872.0,250000,99914026.81517822,1063016990.941034,34016543710.113094
1207,1770026,-10063.0,797,True,-285128257432433.4,8.016660188557338e+28,1.6094379425048828,176927771983872.0,250000,99966207.86770326,2126033981.882068,44646713619.52344
1203,1771231,-18598.0,1531,True,-285128214656343.1,8.016703870307689e+28,1.6094379425048828,176927771983872.0,250000,99537930.87190647,2126033981.882068,57402917510.81584
1192,1771650,-24230.0,2490,True,-285128152810866.94,8.01669341182399e+28,1.6094379425048828,176927771983872.0,250000,99408842.08659005,11693186900.351376,111616784048.80853
1206,1772327,-11254.0,964,True,-285128280066923.3,8.016658206950788e+28,1.6094379425048828,176927771983872.0,250000,99855269.8527103,2126033981.882068,32953526719.172054
1202,1772368,-17610.0,1790,True,-285128215459508.2,8.016687571058649e+28,1.6094379425048828,176927771983872.0,250000,99670476.49505919,1063016990.941034,75474206356.8134
1204,1774748,-23042.0,1726,True,-285128252101258.25,8.016683461651756e+28,1.6094379425048828,176927771983872.0,250000,99535593.74575803,6378101945.646204,87167393257.16476
1208,1777365,-13388.0,1159,True,-285128357449590.2,8.01666223314311e+28,1.6094379425048828,176927771983872.0,250000,99692246.04515424,2126033981.882068,40394645655.75929
1210,1780259,-14588.0,1307,True,-285128373283281.4,8.016650599171216e+28,1.6094379425048828,176927771983872.0,250000,99759801.73175915,7441118936.587238,60591968483.63893
1212,1780281,-12380.0,1024,True,-285128410103808.0,8.016666762101241e+28,1.6094379425048828,176927771983872.0,250000,99702971.4633331,6378101945.646204,52087832556.110664
1216,1780462,-7755.0,791,True,-285128445746568.25,8.016650007767885e+28,1.6094379425048828,176927771983872.0,250000,99851087.41062278,5315084954.70517,55276883528.93377
1220,1780831,-6739.0,600,True,-285128464440579.44,8.016654413713177e+28,1.6094379425048828,176927771983872.0,250000,99816217.21221565,2126033981.882068,22323356809.761715
1213,1781348,-14283.0,1006,True,-285128421920287.56,8.016665621813853e+28,1.6094379425048828,176927771983872.0,250000,99684386.8530477,2126033981.882068,27638441764.466885
1209,1783915,-14347.0,1536,True,-285128377008128.0,8.016656989419753e+28,1.6094379425048828,176927771983872.0,250000,99597970.30226779,2126033981.882068,59528951492.69791
1215,1783949,-12526.0,1079,True,-285128429143716.6,8.016668901164539e+28,1.6094379425048828,176927771983872.0,250000,99757093.09175916,2126033981.882068,63781019456.46205
1217,1784504,-10174.0,926,True,-285128442969970.44,8.016652370315196e+28,1.6094379425048828,176927771983872.0,250000,99868942.06079398,1063016990.941034,38268611673.87723
1214,1785958,-16513.0,1283,True,-285145413020454.1,8.017616943658164e+28,1.6094379424932685,177384598798336.0,250000,99617084.01247706,2126033981.882068,43583696628.5824
1223,1786272,-12203.0,869,True,-285170452391745.1,8.019001183371225e+28,1.6094379424877354,177384598798336.0,250000,99813947.58231083,2126033981.882068,29764475746.348953
1219,1787658,-15584.0,1102,True,-285219616127002.0,8.021745496032064e+28,1.609437942491361,177384598798336.0,250000,99847072.08060376,3189050972.823102,47835764592.34654
1227,1789545,-7376.0,579,True,-285451805780226.2,8.034795417219135e+28,1.6094379424791467,177384598798336.0,250000,99871641.17479777,3189050972.823102,36142577691.995155
1224,1790588,-10610.0,990,True,-285365841364400.4,8.029984029293427e+28,1.609437942489831,177384598798336.0,250000,99951109.487513,1063016990.941034,45709730610.46446
1226,1790691,-8541.0,652,True,-285495674498946.4,8.037259618981777e+28,1.6094379424820282,177384598798336.0,250000,99887464.34496899,2126033981.882068,34016543710.11309
1228,1791742,-10667.0,705,True,-285536907708947.6,8.039567510644926e+28,1.6094379424837464,177384598798336.0,250000,9999766492.767467,3189050972.823102,26575424773.52585
1233,1795272,-7381.0,673,True,-285797817655868.1,8.054218287380047e+28,1.6094379424827414,177384598798336.0,250000,99849966.88466465,3189050972.823102,35079560701.05412
1225,1796309,-9772.0,1184,True,-285548660034144.9,8.040246355345069e+28,1.6094379424922973,177384598798336.0,250000,99677972.88504012,5315084954.70517,68033087420.22619
1229,1797983,-10277.0,1072,True,-285664593532897.44,8.046759122286659e+28,1.6094379424909824,177384598798336.0,250000,99687367.39107433,4252067963.764136,47835764592.34652
1239,1797987,-4685.0,456,True,-285863787916234.1,8.057979175055934e+28,1.6094379425048828,177384598798336.0,250000,9999849160.716265,2126033981.882068,39331628664.81827
1232,1800349,-12686.0,1025,True,-285795361214731.75,8.054103261032615e+28,1.609437942490345,177384598798336.0,250000,99751084.38572493,1063016990.941034,47835764592.34654
1237,1802473,-9277.0,808,True,-285863780174858.1,8.057966086275537e+28,1.6094379425048828,177384598798336.0,250000,99859070.44067983,3189050972.823102,32953526719.17206
1218,1804849,-22359.0,2179,True,-285536986824628.8,8.03959229762694e+28,1.6094379424980443,177384598798336.0,250000,99337590.59797375,5315084954.70517,79726274320.57751
1231,1806091,-9396.0,1386,True,-285812111690067.9,8.055038448125541e+28,1.6094379424941316,177384598798336.0,250000,99674109.9709602,2126033981.882068,99923597148.45717
1222,1808135,-24955.0,2238,True,-285593897032110.1,8.042797933257854e+28,1.6094379424982246,177384598798336.0,250000,99274598.39330411,5315084954.70517,61654985474.57999
1230,1809012,-20465.0,1729,True,-285753879138244.75,8.051793680249994e+28,1.6094379424962644,177384598798336.0,250000,99463431.30309986,3189050972.823102,66970070429.28513
1238,1809548,-14302.0,1185,True,-285863760273041.6,8.05798489123123e+28,1.6094379425048828,177384598798336.0,250000,99652945.72875856,3189050972.823102,54213866537.992744
1234,1809814,-15698.0,1491,True,-285863753756471.44,8.057970837595927e+28,1.6094379425048828,177384598798336.0,250000,99849337.35464562,2126033981.882068,58465934501.75687
1243,1811919,-11375.0,871,True,-285863721594198.1,8.058001584449706e+28,1.6094379425048828,177384598798336.0,250000,99765638.9698619,2126033981.882068,39331628664.81826
1244,1814659,-9925.0,1042,True,-285863696164404.06,8.057990675521839e+28,1.6094379425048828,177384598798336.0,250000,99664091.1050402,2126033981.882068,37205594682.936195
1241,1817096,-20914.0,1364,True,-285863692045411.1,8.057994585453596e+28,1.6094379425048828,177384598798336.0,250000,99803050.69620049,4252067963.764136,42520679637.641365
1235,1817552,-22129.0,1955,True,-285863709170082.0,8.057980848752869e+28,1.6094379425048828,177384598798336.0,250000,99788419.90409398,7441118936.587238,74411189365.87236
1240,1818558,-19726.0,1676,True,-285863692919937.5,8.058001915029247e+28,1.6094379425048828,177384598798336.0,250000,9999445219.019812,4252067963.764136,60591968483.63894
1250,1818628,-6804.0,601,True,-285863567466973.06,8.058020544113085e+28,1.6094379425048828,177384598798336.0,250000,99839437.1565429,1063016990.941034,24449390791.643784
1245,1825197,-20363.0,1553,True,-285863592654659.44,8.058008532432569e+28,1.6094379425048828,177384598798336.0,250000,99517223.87752211,5315084954.70517,59528951492.69791
1246,1825529,-17450.0,1441,True,-285863572040252.75,8.058019684695411e+28,1.6094379425048828,177384598798336.0,250000,99563849.11596724,5315084954.70517,77600240338.69547
1242,1825701,-13634.0,1837,True,-285863614320200.75,8.058008855499268e+28,1.6094379425048828,177384598798336.0,250000,99416167.0086395,3189050972.823102,59528951492.6979
1254,1829219,-12852.0,910,True,-285863414297143.1,8.058070254649554e+28,1.6094379425048828,177384598798336.0,250000,9999698817.59862,1063016990.941034,31890509728.231026
1249,1829543,-16596.0,1338,True,-285863472070558.06,8.05805492212918e+28,1.6094379425048828,177384598798336.0,250000,99849957.35866846,4252067963.764136,72285155383.99031
1256,1829968,-7757.0,776,True,-285863375036162.6,8.058078015054142e+28,1.6094379425048828,177384598798336.0,250000,9999742929.887236,2126033981.882068,28701458755.407917
1259,1831549,-5288.0,397,True,-285863263752511.8,8.05819136520895e+28,1.6094379425048828,177384598798336.0,250000,9999868584.428535,1063016990.941034,14882237873.174477
1253,1833663,-13888.0,1359,True,-285863409389354.0,8.058079708032258e+28,1.6094379425048828,177384598798336.0,250000,99573110.25805475,3189050972.823102,63781019456.462036
1248,1835403,-16098.0,1832,True,-285863462571370.2,8.058077847127235e+28,1.6094379425048828,177384598798336.0,250000,99602706.0664048,6378101945.646204,72285155383.99033
1247,1836369,-17974.0,1970,True,-285863471171315.8,8.058064606089945e+28,1.6094379425048828,177384598798336.0,250000,99383166.34829707,1063016990.941034,90356444229.98785
1252,1836374,-17508.0,1660,True,-285863426863923.2,8.058064733653011e+28,1.6094379425048828,177384598798336.0,250000,99605342.8542982,7441118936.587238,90356444229.98785
1221,1837586,-27805.0,4121,True,-285709391150233.3,8.04934535566906e+28,1.6094379425012668,177384598798336.0,250000,98678904.7616772,28701458755.407906,201973228278.79633
1251,1838252,-19788.0,1794,True,-285863433799020.2,8.058071702007122e+28,1.6094379425048828,177384598798336.0,250000,99466244.72905797,8504135927.528273,79726274320.57755
1255,1838776,-18947.0,1355,True,-285863386751054.6,8.058087268146495e+28,1.6094379425048828,177384598798336.0,250000,99624218.41460264,2126033981.882068,52087832556.11067
1265,1840717,-8386.0,573,True,-285863470427223.56,8.058035661525829e+28,1.6094379425048828,177384598798336.0,250000,99857000.85669507,2126033981.882068,20197322827.879646
1261,1841797,-15764.0,1006,True,-285863402851741.25,8.058080573255158e+28,1.6094379425048828,177384598798336.0,250000,99703643.45319986,1063016990.941034,49961798574.22861
1263,1843959,-14159.0,901,True,-285863466185872.3,8.058075027886042e+28,1.6094379425048828,177384598798336.0,250000,99749091.00970972,2126033981.882068,22323356809.76171
1266,1844575,-8006.0,682,True,-285863536198112.5,8.058036947963182e+28,1.6094379425048828,177384598798336.0,250000,99988115.95187825,1063016990.941034,25512407782.584816
1236,1844602,-23288.0,3559,True,-285863577290886.06,8.05803631123238e+28,1.6094379425048828,177384598798336.0,250000,98842806.5894236,14882237873.174479,142444276786.09848
1260,1847193,-10977.0,1354,True,-285863445686559.4,8.058088801919835e+28,1.6094379425048828,177384598798336.0,250000,99610483.88040857,3189050972.823102,52087832556.11067
1268,1848689,-9869.0,770,True,-285863570039486.2,8.058074014798484e+28,1.6094379425048828,177384598798336.0,250000,99899763.18106028,2126033981.882068,45709730610.46446
1269,1849206,-10988.0,802,True,-285863568418545.3,8.058086144829283e+28,1.6094379425048828,177384598798336.0,250000,99827863.11043257,2126033981.882068,45709730610.46446
1262,1849315,-19029.0,1256,True,-285863488005922.25,8.058092497329942e+28,1.6094379425048828,177384598798336.0,250000,99742462.29965265,2126033981.882068,23386373800.702747
1267,1849579,-10779.0,886,True,-285863558883665.5,8.058066825640476e+28,1.6094379425048828,177384598798336.0,250000,99730587.7775271,2126033981.882068,49961798574.2286
1272,1851096,-7950.0,770,True,-285863574931025.1,8.058046642551772e+28,1.6094379425048828,177384598798336.0,250000,99793188.60208254,1063016990.941034,24449390791.643784
1271,1853612,-18219.0,960,True,-285863568434790.4,8.05803559106667e+28,1.6094379425048828,177384598798336.0,250000,99841563.89650482,2126033981.882068,40394645655.75929
1258,1855652,-17815.0,2314,True,-285863465015595.1,8.058069452950731e+28,1.6094379425048828,177384598798336.0,250000,99433173.03087923,13819220882.233444,99923597148.45718
1257,1856158,-20782.0,2350,True,-285863466439412.44,8.05806685120569e+28,1.6094379425048828,177384598798336.0,250000,99264288.57736507,10630169909.410341,111616784048.80855
1282,1857115,-7506.0,471,True,-285863550916029.7,8.057956380003874e+28,1.6094379425048828,177384598798336.0,250000,99877959.88284342,2126033981.882068,23386373800.702747
1270,1859874,-15010.0,1393,True,-285863569486368.0,8.058037512563622e+28,1.6094379425048828,177384598798336.0,250000,99559571.41391778,8504135927.528273,58465934501.75688
1274,1863637,-15349.0,1365,True,-285863547001541.7,8.058104890504885e+28,1.6094379425048828,177384598798336.0,250000,99578799.43608136,2126033981.882068,49961798574.2286
1281,1864083,-12802.0,923,True,-285863532066201.4,8.058080527637617e+28,1.6094379425048828,177384598798336.0,250000,99715561.24944343,1063016990.941034,38268611673.87723
1273,1865933,-19846.0,1576,True,-285863532515140.9,8.058103275342206e+28,1.6094379425048828,177384598798336.0,250000,99626145.1086445,5315084954.70517,73348172374.93134
1264,1867280,-19704.0,2332,True,-285863498691199.3,8.058096706329932e+28,1.6094379425048828,177384598798336.0,250000,99360981.1959622,6378101945.646204,70159121402.10825
1284,1867836,-11597.0,889,True,-285863481104671.94,8.058142976353113e+28,1.6094379425048828,177384598798336.0,250000,99877921.77885865,1063016990.941034,34016543710.113087
1286,1868206,-8809.0,753,True,-285863459802020.9,8.058171999659013e+28,1.6094379425048828,177384598798336.0,250000,9999750869.643158,4252067963.764136,34016543710.11309
1277,1868250,-21576.0,1478,True,-285863503772077.56,8.058106206712921e+28,1.6094379425048828,177384598798336.0,250000,99670647.96299067,2126033981.882068,54213866537.99272
1278,1871257,-18888.0,1504,True,-285863477128083.06,8.058102074651224e+28,1.6094379425048828,177384598798336.0,250000,99533275.67160197,3189050972.823102,48898781583.28757
1276,1871407,-15597.0,1677,True,-285863485324442.5,8.058088475830128e+28,1.6094379425048828,177384598798336.0,250000,99582600.02405089,13819220882.233444,94608512193.75203
1287,1871611,-11935.0,906,True,-285863424881119.25,8.058147025926797e+28,1.6094379425048828,177384598798336.0,250000,99715899.82944342,2126033981.882068,32953526719.17206
1275,1872423,-21354.0,1779,True,-285863482474523.6,8.058094570374781e+28,1.6094379425048828,177384598798336.0,250000,99474423.44917212,4252067963.764136,46772747601.40549
1283,1878632,-16323.0,1721,True,-285863435374265.94,8.058101067611225e+28,1.6094379425048828,177384598798336.0,250000,99588385.27630971,8504135927.528273,82915325293.40063
1279,1879041,-19262.0,1897,True,-285863441797480.56,8.058088719944345e+28,1.6094379425048828,177384598798336.0,250000,99445910.06279542,5315084954.70517,69096104411.1672
1297,1880975,-7669.0,598,True,-285863341617850.6,8.058105214883668e+28,1.6094379425048828,177384598798336.0,250000,99901041.29309073,1063016990.941034,25512407782.584816
1298,1881867,-7645.0,641,True,-285863335086204.6,8.058092465863962e+28,1.6094379425048828,177384598798336.0,250000,99873448.38675208,2126033981.882068,41457662646.700325
1288,1882610,-17694.0,1421,True,-285863359707685.1,8.05812480611965e+28,1.6094379425048828,177384598798336.0,250000,99588756.79016125,1063016990.941034,61654985474.579956
1296,1883401,-11205.0,759,True,-285863326311425.4,8.058092084852057e+28,1.6094379425048828,177384598798336.0,250000,99772324.83589612,3189050972.823102,53150849547.0517
1280,1886182,-22165.0,2311,True,-285863405130949.2,8.05809592180656e+28,1.6094379425048828,177384598798336.0,250000,99440574.16089822,6378101945.646204,127562038912.924
1291,1887629,-17487.0,1356,True,-285863305322520.2,8.05812493580327e+28,1.6094379425048828,177384598798336.0,250000,99706467.21942444,4252067963.764136,47835764592.346535
1293,1888652,-20608.0,1301,True,-285863293442339.25,8.058124520694576e+28,1.6094379425048828,177384598798336.0,250000,99744617.61760315,1063016990.941034,35079560701.05413
1295,1888698,-11147.0,1278,True,-285863292630113.75,8.058118880532138e+28,1.6094379425048828,177384598798336.0,250000,99658725.81088415,6378101945.646204,74411189365.87238
1290,1891811,-19460.0,1733,True,-285863278887885.75,8.058140861922078e+28,1.6094379425048828,177384598798336.0,250000,99694940.80329508,2126033981.882068,47835764592.346535
1299,1892071,-14503.0,1228,True,-285863247825890.0,8.058163853079026e+28,1.6094379425048828,177384598798336.0,250000,99844806.8065619,4252067963.764136,71222138393.04927
1303,1892299,-8386.0,652,True,-285863167437214.6,8.058232410394049e+28,1.6094379425048828,177384598798336.0,250000,99829584.58842114,1063016990.941034,18071288845.997578
1302,1893407,-8867.0,777,True,-285863165948794.9,8.058195332099213e+28,1.6094379425048828,177384598798336.0,250000,99775720.1618923,3189050972.823102,48898781583.28757
1311,1902263,-11157.0,637,True,-285863096489395.6,8.05823086816246e+28,1.6094379425048828,177384598798336.0,250000,99880592.31487386,3189050972.823102,24449390791.64378
1306,1902630,-17885.0,1028,True,-285863098727364.25,8.058243623101085e+28,1.6094379425048828,177384598798336.0,250000,99840772.4245505,2126033981.882068,30827492737.289986
1300,1902744,-16622.0,1507,True,-285863147392048.25,8.05821480607147e+28,1.6094379425048828,177384598798336.0,250000,99596492.14431728,3189050972.823102,71222138393.04927
1305,1903721,-21362.0,1270,True,-285863100386895.8,8.05824079007537e+28,1.6094379425048828,177384598798336.0,250000,99788128.95407495,1063016990.941034,46772747601.405495
1294,1904574,-28783.0,2273,True,-285863189101229.7,8.05817115641797e+28,1.6094379425048828,177384598798336.0,250000,99285762.00730786,1063016990.941034,92482478211.86993
1289,1905749,-27064.0,2632,True,-285863193752411.06,8.05817743851015e+28,1.6094379425048828,177384598798336.0,250000,99186770.36654705,7441118936.587238,96734546175.63406
1304,1906770,-16498.0,1510,True,-285863059194290.0,8.058255966999282e+28,1.6094379425048828,177384598798336.0,250000,99549123.0638988,3189050972.823102,49961798574.22861
1307,1907037,-12799.0,1213,True,-285863015187107.4,8.058249895013857e+28,1.6094379425048828,177384598798336.0,250000,99646421.80465962,3189050972.823102,60591968483.63894
1308,1909564,-14171.0,1307,True,-285862965800643.5,8.058249945933024e+28,1.6094379425048828,177384598798336.0,250000,99834839.92648582,5315084954.70517,42520679637.641365
1292,1910752,-22956.0,2717,True,-285863117739164.44,8.058187273574714e+28,1.6094379425048828,177384598798336.0,250000,99247887.86301875,8504135927.528273,127562038912.92403
1301,1911873,-12626.0,2052,True,-285875557909981.06,8.058937856502255e+28,1.609437942497621,177842633572352.0,250000,99403629.2083731,7441118936.587238,106301699094.10338
1313,1914271,-17300.0,1304,True,-285967381185818.7,8.064170874519021e+28,1.6094379424934555,177842633572352.0,250000,99638643.99065585,1063016990.941034,58465934501.75686
1285,1914276,-23696.0,3664,True,-285900358001176.6,8.06028668695804e+28,1.6094379425008158,177842633572352.0,250000,99217601.01280954,13819220882.233444,195595126333.15012
1310,1914451,-15321.0,1415,True,-285964925731232.8,8.064022386460052e+28,1.609437942494352,177842633572352.0,250000,99678931.46906295,4252067963.764136,65907053438.34411
1317,1915529,-9034.0,738,True,-286126247852437.2,8.073169497619344e+28,1.6094379424846916,177842633572352.0,250000,99886486.70895377,3189050972.823102,30827492737.289986
1318,1918574,-10115.0,875,True,-286245035586579.9,8.079855967838593e+28,1.6094379424878529,177842633572352.0,250000,99876453.14690433,3189050972.823102,29764475746.348953
1315,1919222,-10986.0,1037,True,-286213754718814.3,8.078083870739157e+28,1.6094379424905134,177842633572352.0,250000,99806651.23824996,2126033981.882068,57402917510.81584
1309,1922794,-14293.0,2131,True,-286111180890761.7,8.072274241237283e+28,1.6094379424978902,177842633572352.0,250000,99631686.22659498,10630169909.410341,98860580157.51614
1316,1922984,-14395.0,1265,True,-286288010772920.4,8.082283695669763e+28,1.6094379424931033,177842633572352.0,250000,99642215.95471674,6378101945.646204,55276883528.93378
1320,1923506,-12954.0,1046,True,-286399595028307.7,8.088567503447526e+28,1.6094379424906369,177842633572352.0,250000,99951390.91153584,2126033981.882068,38268611673.87723
1326,1924068,-9086.0,612,True,-286599836020869.9,8.099873059337798e+28,1.6094379425048828,177842633572352.0,250000,99857921.33673313,1063016990.941034,21260339818.82068
1314,1925927,-15328.0,1479,True,-286318181672501.7,8.083974622629961e+28,1.6094379424948078,177842633572352.0,250000,99702251.0292151,7441118936.587238,61654985474.57997
1324,1926417,-12577.0,909,True,-286599821281160.56,8.0998709456353e+28,1.6094379425048828,177842633572352.0,250000,99811729.93824993,2126033981.882068,41457662646.700325
1319,1926549,-16089.0,1300,True,-286402431311897.2,8.08871988716337e+28,1.6094379424934204,177842633572352.0,250000,99603402.27839719,3189050972.823102,39331628664.81826
1312,1928091,-14140.0,2237,True,-286208438660191.7,8.07776394748839e+28,1.6094379424982217,177842633572352.0,250000,99355468.6560003,11693186900.351376,95671529184.69304
1325,1930335,-15311.0,1004,True,-286599836783130.5,8.099860550786199e+28,1.6094379425048828,177842633572352.0,250000,99809164.18819284,2126033981.882068,27638441764.46689
1329,1934590,-14872.0,1001,True,-286677752816393.44,8.104293326416956e+28,1.6094379424899965,178301825974272.0,250000,99889767.72299562,1063016990.941034,44646713619.52343
1334,1934596,-6596.0,658,True,-286718348878446.5,8.10659078813908e+28,1.6094379424822367,178301825974272.0,250000,99799354.89418909,2126033981.882068,36142577691.99516
1321,1938205,-17179.0,1948,True,-286624510285399.25,8.101276765422499e+28,1.609437942489584,178301825974272.0,250000,99490980.9353205,9567152918.469307,70159121402.10825
1328,1939657,-14851.0,1508,True,-286806886589958.8,8.111567053577589e+28,1.6094379424950014,178301825974272.0,250000,99628047.58056074,5315084954.70517,79726274320.57755
1331,1942650,-12377.0,1241,True,-286962770073832.7,8.120424706233406e+28,1.6094379424928755,178301825974272.0,250000,9999589176.747435,2126033981.882068,35079560701.05412
1337,1943957,-10441.0,1088,True,-287068812568937.44,8.126470947628193e+28,1.6094379424911869,178301825974272.0,250000,99773669.62989992,3189050972.823102,63781019456.46205
1338,1946251,-17630.0,1135,True,-287143116258274.25,8.130676203420066e+28,1.609437942491754,178301825974272.0,250000,99707449.21130262,1063016990.941034,49961798574.2286
1330,1946342,-15571.0,1695,True,-286965812248779.0,8.120620263342204e+28,1.6094379424960916,178301825974272.0,250000,99638381.6186254,5315084954.70517,65907053438.3441
1333,1946802,-20710.0,1456,True,-287040590779313.25,8.124857375962896e+28,1.6094379424946486,178301825974272.0,250000,99846075.39259616,1063016990.941034,31890509728.231018
1336,1948401,-13946.0,1374,True,-287120650825102.0,8.12942430360745e+28,1.6094379424940377,178301825974272.0,250000,99741532.2936184,2126033981.882068,55276883528.93377
1345,1950309,-4850.0,397,True,-287338486574041.3,8.141849151026268e+28,1.6094379425048828,178301825974272.0,250000,9999868651.110502,1063016990.941034,22323356809.761715
1323,1951120,-20020.0,2523,True,-286922971076691.6,8.118212859012894e+28,1.6094379424930705,178301825974272.0,250000,99237806.67098835,7441118936.587238,90356444229.98787
1341,1951428,-9463.0,1052,True,-287338629172142.25,8.141794498518545e+28,1.6094379425048828,178301825974272.0,250000,99681554.3750972,4252067963.764136,52087832556.11067
1343,1952009,-7540.0,772,True,-287338558111828.9,8.141896046610285e+28,1.6094379425048828,178301825974272.0,250000,99822607.77236788,2126033981.882068,37205594682.93619
1322,1952892,-31098.0,2708,True,-286911024247612.9,8.117546614947775e+28,1.6094379424938776,178301825974272.0,250000,99375803.32226285,3189050972.823102,111616784048.80852
1332,1954472,-20448.0,1968,True,-287106072075155.75,8.128599740083295e+28,1.609437942497311,178301825974272.0,250000,99516799.56355637,4252067963.764136,75474206356.81342
1339,1954799,-24016.0,1529,True,-287261082262046.5,8.13740525515741e+28,1.609437942495137,178301825974272.0,250000,99573787.41805474,1063016990.941034,34016543710.11309
1342,1956349,-8771.0,1134,True,-287338570416994.9,8.141835371993886e+28,1.6094379425048828,178301825974272.0,250000,99715270.2994244,2126033981.882068,60591968483.63893
1340,1956958,-15695.0,1398,True,-287338609430346.4,8.14179572395527e+28,1.6094379425048828,178301825974272.0,250000,99588012.9481879,1063016990.941034,46772747601.4055
1344,1957674,-11174.0,939,True,-287338531719423.2,8.141831014094346e+28,1.6094379425048828,178301825974272.0,250000,99814824.78823088,3189050972.823102,35079560701.05412
1347,1959398,-6840.0,816,True,-287338541916320.6,8.141818942689011e+28,1.6094379425048828,178301825974272.0,250000,99857010.38269126,3189050972.823102,53150849547.05169
1352,1963140,-11292.0,732,True,-287338681413161.94,8.141741294570222e+28,1.6094379425048828,178301825974272.0,250000,99901999.87711357,1063016990.941034,28701458755.407917
1346,1963819,-10652.0,1098,True,-287338612694189.44,8.141787923342674e+28,1.6094379425048828,178301825974272.0,250000,99649569.45475477,3189050972.823102,42520679637.64136
1350,1963877,-9056.0,848,True,-287338663455608.75,8.141745162477206e+28,1.6094379425048828,178301825974272.0,250000,99764728.01582003,2126033981.882068,25512407782.58482
1353,1964361,-9506.0,772,True,-287338706281594.0,8.141715654275144e+28,1.6094379425048828,178301825974272.0,250000,99847382.08261518,1063016990.941034,26575424773.52585
1349,1965089,-15220.0,1043,True,-287338644804043.5,8.141749256968764e+28,1.6094379425048828,178301825974272.0,250000,99843752.96257713,2126033981.882068,48898781583.28757
1355,1966776,-9381.0,769,True,-287338777684125.1,8.141683065600242e+28,1.6094379425048828,178301825974272.0,250000,99752505.38769828,1063016990.941034,19134305836.93861
1348,1968754,-15336.0,1372,True,-287338673098525.1,8.14175245684544e+28,1.6094379425048828,178301825974272.0,250000,99645000.80268627,5315084954.70517,73348172374.93134
1357,1970893,-13943.0,909,True,-287338846281196.3,8.14168787443537e+28,1.6094379425048828,178301825974272.0,250000,99925834.65533042,3189050972.823102,34016543710.11309
1351,1974368,-25165.0,1453,True,-287338800956824.06,8.141725361758884e+28,1.6094379425048828,178301825974272.0,250000,99548064.0497808,2126033981.882068,58465934501.75687
1359,1974714,-9460.0,1065,True,-287338898659337.6,8.141703545440505e+28,1.6094379425048828,178301825974272.0,250000,99657795.8048499,2126033981.882068,48898781583.28757
1327,1976611,-34774.0,3885,True,-287119361711223.4,8.129316475095478e+28,1.6094379425010472,178301825974272.0,250000,98828361.961378,25512407782.58481,155200480677.39087
1356,1977471,-18793.0,1417,True,-287338876949251.8,8.141717535728346e+28,1.6094379425048828,178301825974272.0,250000,99807085.07821189,2126033981.882068,46772747601.4055
1335,1977623,-30090.0,3231,True,-287239160296548.44,8.136115060207286e+28,1.609437942500271,178301825974272.0,250000,98951074.06840134,4252067963.764136,125436004931.04193
1360,1978022,-17423.0,1164,True,-287338920308440.44,8.141716630709529e+28,1.6094379425048828,178301825974272.0,250000,99706347.73733689,6378101945.646204,40394645655.75929
1368,1978253,-4625.0,460,True,-287338994217209.3,8.141751657264363e+28,1.6094379425048828,178301825974272.0,250000,99948954.1695625,1063016990.941034,14882237873.174477
1361,1978772,-13977.0,977,True,-287338942399570.8,8.141719753959705e+28,1.6094379425048828,178301825974272.0,250000,99778743.97403693,4252067963.764136,35079560701.05412
1364,1979129,-11100.0,923,True,-287338955190800.06,8.141715520024841e+28,1.6094379425048828,178301825974272.0,250000,9999694701.838478,1063016990.941034,47835764592.346535
1354,1979388,-19700.0,1656,True,-287338856901369.8,8.141706630084542e+28,1.6094379425048828,178301825974272.0,250000,99476707.77520637,3189050972.823102,78663257329.63649
1373,1983799,-6180.0,386,True,-287339057744710.3,8.141611155859443e+28,1.6094379425048828,178301825974272.0,250000,9999872346.912516,1063016990.941034,27638441764.466885
1363,1988133,-19255.0,1516,True,-287339001581708.5,8.141682302739197e+28,1.6094379425048828,178301825974272.0,250000,99641677.32879668,1063016990.941034,71222138393.04926
1377,1988505,-8732.0,586,True,-287339085540383.44,8.141644904865535e+28,1.6094379425048828,178301825974272.0,250000,99943689.30550162,2126033981.882068,21260339818.820683
1375,1989469,-7787.0,701,True,-287339069894545.0,8.141634093836726e+28,1.6094379425048828,178301825974272.0,250000,99859079.96667603,5315084954.70517,30827492737.289986
1374,1991094,-9619.0,817,True,-287339072545139.0,8.141609885930741e+28,1.6094379425048828,178301825974272.0,250000,99811973.258288,1063016990.941034,37205594682.936195
1367,1991378,-12305.0,1414,True,-287339040145315.3,8.141669114314075e+28,1.6094379425048828,178301825974272.0,250000,99566367.23604336,4252067963.764136,83978342284.34167
1358,1993678,-22214.0,2295,True,-287338973250456.94,8.14167219830941e+28,1.6094379425048828,178301825974272.0,250000,99343198.39789759,15945254864.115513,127562038912.92404
1366,1994664,-17313.0,1743,True,-287339029648631.3,8.141682251380481e+28,1.6094379425048828,178301825974272.0,250000,99809565.09430324,4252067963.764136,74411189365.87238
1378,1995276,-16367.0,993,True,-287339069234482.25,8.141644524577895e+28,1.6094379425048828,178301825974272.0,250000,99700882.82735595,4252067963.764136,44646713619.52343
1381,1997833,-8424.0,583,True,-287339010111147.25,8.141654454065264e+28,1.6094379425048828,178301825974272.0,250000,99823718.7723298,2126033981.882068,25512407782.584816
1372,1998111,-12216.0,1290,True,-287339035766688.75,8.14164630619721e+28,1.6094379425048828,178301825974272.0,250000,99832102.70849726,1063016990.941034,51024815565.16964
1385,2001358,-10506.0,480,True,-287338895350169.6,8.141677326745397e+28,1.6094379425048828,178301825974272.0,250000,99984768.25586304,1063016990.941034,24449390791.643784
1369,2002112,-16937.0,1734,True,-287339001184747.3,8.1416523667645e+28,1.6094379425048828,178301825974272.0,250000,99543639.10192548,2126033981.882068,73348172374.93134
1376,2002564,-12680.0,1487,True,-287339006297408.2,8.141640095468048e+28,1.6094379425048828,178301825974272.0,250000,9999507915.104443,4252067963.764136,62718002465.520996
1370,2004250,-17244.0,1846,True,-287338990440221.7,8.141659337198113e+28,1.6094379425048828,178301825974272.0,250000,99467456.15911506,5315084954.70517,82915325293.40065
1388,2005497,-6913.0,479,True,-287338856079137.7,8.14164521845306e+28,1.6094379425048828,178301825974272.0,250000,99914174.87525435,1063016990.941034,20197322827.879646
1384,2007010,-9575.0,977,True,-287338912395486.2,8.14168279111029e+28,1.6094379425048828,178301825974272.0,250000,99699504.28523034,4252067963.764136,53150849547.0517
1380,2007445,-13560.0,1207,True,-287338939360650.5,8.141662556544908e+28,1.6094379425048828,178301825974272.0,250000,99619659.28853033,2126033981.882068,46772747601.4055
1389,2009791,-11238.0,730,True,-287338892951372.44,8.141653035641534e+28,1.6094379425048828,178301825974272.0,250000,99920841.68929619,1063016990.941034,34016543710.11309
1382,2009853,-12810.0,1274,True,-287338938599896.6,8.14165631459303e+28,1.6094379425048828,178301825974272.0,250000,99632721.01858737,4252067963.764136,57402917510.815834
1379,2011143,-10517.0,1709,True,-287338964929598.94,8.141652285451865e+28,1.6094379425048828,178301825974272.0,250000,99446582.86693245,8504135927.528273,91419461220.92891
1371,2011267,-30201.0,2166,True,-287338980897898.9,8.141651671388466e+28,1.6094379425048828,178301825974272.0,250000,99403987.65463576,3189050972.823102,113742818030.69058
1383,2014230,-16741.0,1446,True,-287338922143534.4,8.1416605396878e+28,1.6094379425048828,178301825974272.0,250000,99587607.68621455,8504135927.528273,64844036447.40308
1392,2014980,-9301.0,776,True,-287338920303035.4,8.141632925419733e+28,1.6094379425048828,178301825974272.0,250000,99811796.62022328,4252067963.764136,44646713619.52344
1386,2015736,-15700.0,1317,True,-287338905080986.75,8.141645335782731e+28,1.6094379425048828,178301825974272.0,250000,99597159.77832109,5315084954.70517,82915325293.40063
1391,2016224,-11074.0,882,True,-287338921917423.75,8.141644347146023e+28,1.6094379425048828,178301825974272.0,250000,99733992.62951946,3189050972.823102,31890509728.23102
1362,2016315,-26904.0,3281,True,-287338969162569.44,8.141662357067339e+28,1.6094379425048828,178301825974272.0,250000,98988872.0047209,10630169909.410341,126499021921.983
1396,2018229,-8432.0,674,True,-287338961730319.94,8.14158702526582e+28,1.6094379425048828,178301825974272.0,250000,9999776979.22147,2126033981.882068,28701458755.40792
1365,2018881,-26323.0,3362,True,-287338976991511.0,8.141655210885034e+28,1.6094379425048828,178301825974272.0,250000,99162587.482334,19134305836.938614,106301699094.1034
1390,2019918,-16636.0,1160,True,-287338944640473.2,8.14161565962769e+28,1.6094379425048828,178301825974272.0,250000,99914308.23920105,1063016990.941034,44646713619.52344
1398,2019949,-6379.0,631,True,-287338975536155.56,8.141560437151725e+28,1.6094379425048828,178301825974272.0,250000,99970862.2537375,2126033981.882068,40394645655.75929
1397,2021903,-11271.0,757,True,-287338998370753.1,8.14155533483821e+28,1.6094379425048828,178301825974272.0,250000,9999749467.693182,4252067963.764136,24449390791.643784
1387,2022652,-28681.0,1711,True,-287338947592297.3,8.141604533652216e+28,1.6094379425048828,178301825974272.0,250000,99525092.59562485,3189050972.823102,35079560701.05412
1395,2027778,-11802.0,1298,True,-287339044714246.7,8.14154732424977e+28,1.6094379425048828,178301825974272.0,250000,99593273.45638582,1063016990.941034,60591968483.63895
1404,2029568,-12691.0,834,True,-287339126931573.9,8.141516313937195e+28,1.6094379425048828,178301825974272.0,250000,99902066.55908692,3189050972.823102,21260339818.82068
1402,2031476,-11811.0,1031,True,-287339115749860.7,8.141531960867477e+28,1.6094379425048828,178301825974272.0,250000,9999658811.54415,2126033981.882068,63781019456.46205
1394,2032345,-16835.0,1678,True,-287339050512672.06,8.1415698863178e+28,1.6094379425048828,178301825974272.0,250000,99826942.6303945,1063016990.941034,78663257329.6365
1403,2032840,-12871.0,1069,True,-287339119279116.44,8.141535803416896e+28,1.6094379425048828,178301825974272.0,250000,99913516.76724674,5315084954.70517,55276883528.93378
1410,2032847,-8549.0,684,True,-287339146060398.8,8.141544167574855e+28,1.6094379425048828,178301825974272.0,250000,99863658.14474072,3189050972.823102,45709730610.46447
1406,2034341,-13104.0,1007,True,-287339129118890.8,8.141568231276986e+28,1.6094379425048828,178301825974272.0,250000,99692112.68120754,2126033981.882068,56339900519.87481
1401,2035606,-16504.0,1336,True,-287339100722255.7,8.141557119528095e+28,1.6094379425048828,178301825974272.0,250000,99909296.22117443,2126033981.882068,56339900519.8748
1408,2037166,-15066.0,1078,True,-287339121575286.25,8.141569850013812e+28,1.6094379425048828,178301825974272.0,250000,99683905.3831048,2126033981.882068,47835764592.34653
1399,2038791,-17683.0,1728,True,-287339071983767.7,8.141584063491745e+28,1.6094379425048828,178301825974272.0,250000,99475296.29922922,8504135927.528273,78663257329.6365
1413,2042336,-8276.0,798,True,-287339066119837.8,8.141665439608038e+28,1.6094379425048828,178301825974272.0,250000,99771638.14989993,3189050972.823102,35079560701.05412
1421,2045191,-5888.0,400,True,-287339011039559.7,8.141683745572847e+28,1.6094379425048828,178301825974272.0,250000,99947733.21350922,1063016990.941034,13819220882.23344
1412,2045634,-10920.0,1116,True,-287339053217608.5,8.141668496798113e+28,1.6094379425048828,178301825974272.0,250000,99652774.26082708,1063016990.941034,44646713619.52343
1405,2046987,-24242.0,1917,True,-287339072691228.3,8.14160715958803e+28,1.6094379425048828,178301825974272.0,250000,99390215.01645692,9567152918.469307,85041359275.28273
1422,2047200,-4148.0,304,True,-287338932442165.9,8.14171639688462e+28,1.6094379425048828,178301825974272.0,250000,99921237.42527334,1063016990.941034,12756203891.292408
1393,2047834,-24524.0,2724,True,-287339030395364.2,8.141617676595303e+28,1.6094379425048828,178301825974272.0,250000,99282934.69949059,9567152918.469307,119057902985.39578
1415,2050937,-14638.0,1162,True,-287338984996018.0,8.141711131171203e+28,1.6094379425048828,178301825974272.0,250000,99804986.91623855,3189050972.823102,71222138393.04929
1400,2051443,-26771.0,2511,True,-287339032748870.44,8.141629633135989e+28,1.6094379425048828,178301825974272.0,250000,99787733.21809779,8504135927.528273,100986614139.39821
1411,2052140,-13873.0,1843,True,-287339035904983.44,8.141657978468337e+28,1.6094379425048828,178301825974272.0,250000,99860620.45073693,4252067963.764136,85041359275.28271
1424,2053506,-9829.0,492,True,-287338892274346.7,8.141740637410803e+28,1.6094379425048828,178301825974272.0,250000,9999836962.310272,3189050972.823102,40394645655.7593
1409,2055469,-19812.0,2220,True,-287339037880932.56,8.141654698925462e+28,1.6094379425048828,178301825974272.0,250000,99539384.80773136,8504135927.528273,92482478211.86995
1420,2056910,-12849.0,1234,True,-287338963947433.7,8.14172635639331e+28,1.6094379425048828,178301825974272.0,250000,99750154.37969068,8504135927.528273,49961798574.22861
1426,2058752,-8672.0,722,True,-287338951530025.1,8.141747554068987e+28,1.6094379425048828,178301825974272.0,250000,99814286.16231082,4252067963.764136,34016543710.11309
1428,2059001,-6154.0,504,True,-287338991364778.7,8.14171055020989e+28,1.6094379425048828,178301825974272.0,250000,99846752.55259615,1063016990.941034,44646713619.52344
1407,2059089,-24289.0,2513,True,-287339038135176.6,8.141651156107098e+28,1.6094379425048828,178301825974272.0,250000,99283998.06947155,13819220882.233444,119057902985.39577
1414,2059428,-13662.0,1747,True,-287338991206822.0,8.141713929585223e+28,1.6094379425048828,178301825974272.0,250000,99434388.81679928,6378101945.646204,79726274320.57755
1416,2060440,-17540.0,1725,True,-287338991170564.1,8.141705975888497e+28,1.6094379425048828,178301825974272.0,250000,99740788.45164505,7441118936.587238,74411189365.87238
1417,2061343,-18481.0,1781,True,-287338995829420.2,8.141703129328743e+28,1.6094379425048828,178301825974272.0,250000,99435433.13478786,1063016990.941034,63781019456.46204
1423,2061559,-11674.0,1023,True,-287338971050796.8,8.141712472802148e+28,1.6094379425048828,178301825974272.0,250000,99706924.46724172,1063016990.941034,31890509728.23102
1418,2063237,-21270.0,1806,True,-287339003104068.9,8.141694166224456e+28,1.6094379425048828,178301825974272.0,250000,99652325.72473572,9567152918.469307,72285155383.99031
1429,2063859,-12176.0,776,True,-287339057742161.8,8.141667237276539e+28,1.6094379425048828,178301825974272.0,250000,99791176.17407493,2126033981.882068,29764475746.348953
1419,2064038,-15574.0,1777,True,-287339007200125.2,8.141699204701518e+28,1.6094379425048828,178301825974272.0,250000,99513799.97353736,2126033981.882068,76537223347.75443
1434,2069696,-9514.0,684,True,-287339264322601.94,8.141630301399249e+28,1.6094379425048828,178301825974272.0,250000,99799187.78212057,2126033981.882068,31890509728.23102
1436,2069777,-5378.0,668,True,-287339272038853.75,8.141651643516676e+28,1.6094379425048828,178301825974272.0,250000,99812020.88826896,2126033981.882068,27638441764.46689
1430,2070172,-17057.0,1127,True,-287339174362380.06,8.14168510528507e+28,1.6094379425048828,178301825974272.0,250000,99690624.99726084,1063016990.941034,25512407782.58482
1427,2070394,-15047.0,1410,True,-287339119892680.44,8.141690254935348e+28,1.6094379425048828,178301825974272.0,250000,99666594.52898689,4252067963.764136,69096104411.16718
1431,2071042,-12383.0,1096,True,-287339203147790.94,8.141673390273048e+28,1.6094379425048828,178301825974272.0,250000,99738222.70158796,4252067963.764136,41457662646.70033
1439,2074111,-10805.0,798,True,-287339371352690.2,8.141604919493093e+28,1.6094379425048828,178301825974272.0,250000,99932577.6773418,1063016990.941034,31890509728.231026
1441,2074421,-10242.0,699,True,-287339410422401.6,8.141588026685423e+28,1.6094379425048828,178301825974272.0,250000,99852289.31468368,2126033981.882068,23386373800.70275
1447,2075194,-5243.0,300,True,-287339516302895.8,8.14141360579563e+28,1.6094379425048828,178301825974272.0,250000,99973589.94572987,2126033981.882068,14882237873.174477
1433,2077150,-15204.0,1265,True,-287339344330518.9,8.141570130465033e+28,1.6094379425048828,178301825974272.0,250000,99806951.71426518,1063016990.941034,36142577691.99516
1438,2077640,-11545.0,1075,True,-287339412528336.6,8.141554208070992e+28,1.6094379425048828,178301825974272.0,250000,99735552.16557275,3189050972.823102,48898781583.28757
1432,2078525,-15873.0,1441,True,-287339344899951.06,8.141559035691153e+28,1.6094379425048828,178301825974272.0,250000,99544950.14780746,2126033981.882068,38268611673.87723
1435,2079689,-11454.0,1293,True,-287339420163836.25,8.14153118399764e+28,1.6094379425048828,178301825974272.0,250000,99591103.4423059,6378101945.646204,80789291311.51859
1446,2080268,-9162.0,631,True,-287339602587927.1,8.141393213645493e+28,1.6094379425048828,178301825974272.0,250000,99980123.395825,3189050972.823102,37205594682.936195
1425,2083419,-23994.0,2277,True,-287339303513696.44,8.141595936969052e+28,1.6094379425048828,178301825974272.0,250000,99340184.92601942,12756203891.29241,175397803505.2705
1440,2085191,-17095.0,1477,True,-287339536015054.94,8.141510532975705e+28,1.6094379425048828,178301825974272.0,250000,99569380.70792153,1063016990.941034,42520679637.641365
1448,2085394,-10455.0,897,True,-287339671069393.5,8.141409007982222e+28,1.6094379425048828,178301825974272.0,250000,99816317.64231081,6378101945.646204,43583696628.5824
1445,2086225,-13625.0,1028,True,-287339653906368.25,8.141435245246851e+28,1.6094379425048828,178301825974272.0,250000,99765867.59377053,3189050972.823102,56339900519.8748
1450,2086597,-10296.0,761,True,-287339718744680.3,8.141421795122735e+28,1.6094379425048828,178301825974272.0,250000,99780937.3959722,5315084954.70517,41457662646.70033
1444,2087488,-14866.0,1112,True,-287339655349756.3,8.141445257486e+28,1.6094379425048828,178301825974272.0,250000,99644934.12071292,7441118936.587238,52087832556.11067
1437,2089012,-17812.0,1849,True,-287339526704414.3,8.141509682197848e+28,1.6094379425048828,178301825974272.0,250000,99494323.46120247,4252067963.764136,73348172374.93134
1443,2090150,-18718.0,1632,True,-287339596447101.5,8.141494592973072e+28,1.6094379425048828,178301825974272.0,250000,99507981.787427,4252067963.764136,43583696628.5824
1453,2091960,-6667.0,895,True,-287339722484492.3,8.141483279902905e+28,1.6094379425048828,178301825974272.0,250000,99744531.88363741,5315084954.70517,36142577691.99516
1442,2093939,-23429.0,1880,True,-287339602447355.6,8.141508825435254e+28,1.6094379425048828,178301825974272.0,250000,99481562.20716067,10630169909.410341,86104376266.22374
1457,2094251,-8777.0,677,True,-287339684315789.44,8.14151240531846e+28,1.6094379425048828,178301825974272.0,250000,99883487.11893475,1063016990.941034,24449390791.643784
1449,2094559,-11071.0,1278,True,-287339697073656.8,8.141462028865796e+28,1.6094379425048828,178301825974272.0,250000,99731689.25149283,5315084954.70517,49961798574.22859
1451,2095082,-16255.0,1243,True,-287339700860853.9,8.141467445629506e+28,1.6094379425048828,178301825974272.0,250000,99618166.4344504,5315084954.70517,41457662646.700325
1459,2097042,-7391.0,728,True,-287339667642525.56,8.141504117521494e+28,1.6094379425048828,178301825974272.0,250000,99868923.0088016,1063016990.941034,29764475746.348953
1456,2099276,-11740.0,1188,True,-287339694187847.56,8.141471016769655e+28,1.6094379425048828,178301825974272.0,250000,99741947.08158794,2126033981.882068,43583696628.58239
1462,2100208,-8657.0,795,True,-287339666251374.1,8.141504396988966e+28,1.6094379425048828,178301825974272.0,250000,99781209.29399885,5315084954.70517,34016543710.11309
1452,2101070,-13431.0,1495,True,-287339699306364.5,8.141493235955504e+28,1.6094379425048828,178301825974272.0,250000,99624714.58067496,5315084954.70517,61654985474.57997
1465,2102312,-7396.0,647,True,-287339662298104.06,8.141516895094764e+28,1.6094379425048828,178301825974272.0,250000,99913640.60519725,1063016990.941034,26575424773.525852
1468,2103263,-9992.0,544,True,-287339663643346.8,8.141491407184201e+28,1.6094379425048828,178301825974272.0,250000,9999820003.917953,1063016990.941034,21260339818.82068
1458,2104423,-14015.0,1202,True,-287339665401702.6,8.141504531512154e+28,1.6094379425048828,178301825974272.0,250000,99772410.56986186,2126033981.882068,64844036447.403076
1467,2106507,-10194.0,766,True,-287339652970148.44,8.141452594400302e+28,1.6094379425048828,178301825974272.0,250000,99879605.15286244,3189050972.823102,45709730610.46447
1469,2107562,-12002.0,780,True,-287339651712236.3,8.141462911025116e+28,1.6094379425048828,178301825974272.0,250000,99886448.604969,2126033981.882068,41457662646.70033
1466,2109379,-11184.0,965,True,-287339648009329.56,8.141442627751337e+28,1.6094379425048828,178301825974272.0,250000,99705756.31130263,3189050972.823102,42520679637.641365
1460,2112913,-19880.0,1668,True,-287339649134994.75,8.141460400820766e+28,1.6094379425048828,178301825974272.0,250000,99589734.42617647,5315084954.70517,68033087420.22617
1474,2115672,-9661.0,835,True,-287339599117963.2,8.141411761862332e+28,1.6094379425048828,178301825974272.0,250000,99850100.24861136,2126033981.882068,35079560701.05412
1463,2116036,-19038.0,1689,True,-287339628138163.75,8.141473714236098e+28,1.6094379425048828,178301825974272.0,250000,99590287.74822596,4252067963.764136,56339900519.8748
1473,2116110,-13459.0,940,True,-287339599404254.25,8.141426418475995e+28,1.6094379425048828,178301825974272.0,250000,99713353.13137873,3189050972.823102,49961798574.228584
1464,2117350,-16414.0,1700,True,-287339618988504.25,8.14147348921062e+28,1.6094379425048828,178301825974272.0,250000,99663899.77084605,6378101945.646204,68033087420.22617
1478,2118522,-7528.0,685,True,-287339549228386.3,8.141449585379474e+28,1.6094379425048828,178301825974272.0,250000,99834258.02644776,2126033981.882068,41457662646.70033
1471,2120876,-13407.0,1350,True,-287339570339512.3,8.141478459366309e+28,1.6094379425048828,178301825974272.0,250000,99597235.98629063,8504135927.528273,71222138393.04929
1476,2121095,-12247.0,1042,True,-287339540486855.5,8.141442307134351e+28,1.6094379425048828,178301825974272.0,250000,99988735.95590109,3189050972.823102,34016543710.11309
1472,2124640,-10260.0,1527,True,-287339528159811.4,8.141461690622799e+28,1.6094379425048828,178301825974272.0,250000,99631075.74856834,4252067963.764136,83978342284.34167
1482,2129380,-11799.0,834,True,-287339321574436.8,8.141552499636601e+28,1.6094379425048828,178301825974272.0,250000,99846366.34261519,1063016990.941034,37205594682.93619
1485,2129626,-9017.0,694,True,-287339286743400.0,8.141573769609019e+28,1.6094379425048828,178301825974272.0,250000,99826613.5763907,2126033981.882068,29764475746.348953
1454,2130781,-30821.0,3266,True,-287339558800321.94,8.141496069789704e+28,1.6094379425048828,178301825974272.0,250000,98929256.88832532,13819220882.233444,110553767057.86752
1477,2130859,-13167.0,1522,True,-287339410000364.5,8.141511807593324e+28,1.6094379425048828,178301825974272.0,250000,99553176.49790259,6378101945.646204,43583696628.5824
1475,2131471,-18802.0,1763,True,-287339428089941.94,8.141494153362765e+28,1.6094379425048828,178301825974272.0,250000,99482735.53323299,11693186900.351376,74411189365.87238
1486,2131868,-9308.0,687,True,-287339224807254.06,8.141583085074112e+28,1.6094379425048828,178301825974272.0,250000,99946378.89350922,1063016990.941034,24449390791.643784
1470,2133650,-20221.0,2288,True,-287339452273814.4,8.141499339357757e+28,1.6094379425048828,178301825974272.0,250000,99323002.26571497,13819220882.233444,79726274320.57756
1461,2137461,-28129.0,3179,True,-287339472173377.5,8.141493168413058e+28,1.6094379425048828,178301825974272.0,250000,99295891.6435895,1063016990.941034,108427733075.98541
1487,2137975,-9914.0,1055,True,-287339193005612.2,8.141538487203148e+28,1.6094379425048828,178301825974272.0,250000,99855317.48269127,2126033981.882068,52087832556.11067
1489,2140260,-7462.0,680,True,-287339140568919.3,8.141493139550489e+28,1.6094379425048828,178301825974272.0,250000,99832631.80842112,4252067963.764136,47835764592.346535
1491,2143053,-9134.0,767,True,-287339141474061.0,8.141481265789763e+28,1.6094379425048828,178301825974272.0,250000,99912343.44117442,5315084954.70517,34016543710.11309
1483,2143566,-19840.0,1716,True,-287339224467623.06,8.141520380023643e+28,1.6094379425048828,178301825974272.0,250000,99444570.43892485,3189050972.823102,58465934501.75687
1481,2143592,-14774.0,1745,True,-287339227948261.44,8.141517283676155e+28,1.6094379425048828,178301825974272.0,250000,99438656.99285255,5315084954.70517,71222138393.04929
1484,2144950,-19849.0,1725,True,-287339204284974.0,8.14151981896982e+28,1.6094379425048828,178301825974272.0,250000,99459115.49706562,2126033981.882068,90356444229.98785
1495,2146466,-13679.0,801,True,-287339115641980.0,8.141472550660006e+28,1.6094379425048828,178301825974272.0,250000,99846075.39259616,2126033981.882068,26575424773.525852
1494,2148732,-11185.0,1054,True,-287339114285277.5,8.141455706437322e+28,1.6094379425048828,178301825974272.0,250000,99791371.86413203,1063016990.941034,28701458755.40792
1479,2151827,-20380.0,2653,True,-287387505033302.44,8.144239619167353e+28,1.6094379424992662,178762209558528.0,250000,99294880.25945246,8504135927.528273,136066174840.45229
1488,2151872,-19565.0,1702,True,-287415654363092.7,8.145856442907275e+28,1.6094379424961278,178762209558528.0,250000,99729467.25156897,3189050972.823102,51024815565.16964
1497,2151975,-14472.0,875,True,-287493882287713.75,8.150262776073185e+28,1.6094379424878529,178762209558528.0,250000,99739896.54959556,2126033981.882068,24449390791.643784
1500,2152094,-8240.0,533,True,-287602905257127.1,8.156441496876264e+28,1.6094379424769256,178762209558528.0,250000,99931523.83335704,1063016990.941034,21260339818.82068
1455,2155001,-38944.0,4707,True,-287397939174357.1,8.144823249782648e+28,1.6094379425017171,178762209558528.0,250000,98856050.12767857,24449390791.643776,247682958889.26077
1501,2155560,-11269.0,748,True,-287742055084973.9,8.164411589948229e+28,1.6094379424849614,178762209558528.0,250000,99842098.16656192,1063016990.941034,36142577691.995155
1480,2157745,-20861.0,2802,True,-287482741032198.4,8.149671031965007e+28,1.6094379424995648,178762209558528.0,250000,99197700.18650892,12756203891.29241,106301699094.10338
1493,2158047,-16216.0,1661,True,-287589729276483.5,8.155729708789746e+28,1.6094379424959115,178762209558528.0,250000,99478906.36727488,6378101945.646204,55276883528.93377
1504,2158380,-6489.0,603,True,-288055251684187.25,8.182234092358213e+28,1.609437942480171,178762209558528.0,250000,99825249.73039451,6378101945.646204,37205594682.93619
1507,2158871,-5606.0,431,True,-288080105233956.8,8.183659370468578e+28,1.6094379425048828,178762209558528.0,250000,99893849.73498799,2126033981.882068,26575424773.52585
1503,2159698,-9491.0,827,True,-287934744353498.56,8.17533296227502e+28,1.6094379424868646,178762209558528.0,250000,99767417.60382763,5315084954.70517,41457662646.700325
1496,2159893,-13059.0,1402,True,-287696798250391.56,8.161814757497986e+28,1.6094379424942542,178762209558528.0,250000,99559776.62997107,4252067963.764136,62718002465.520996
1505,2162595,-5418.0,673,True,-288080129237661.5,8.183606167894535e+28,1.6094379425048828,178762209558528.0,250000,99841120.5305467,2126033981.882068,29764475746.348957
1502,2163222,-16109.0,1142,True,-287913211677636.8,8.174099504750218e+28,1.6094379424918346,178762209558528.0,250000,99843442.96056572,5315084954.70517,47835764592.346535
1490,2164474,-16691.0,2178,True,-287667020773122.1,8.160109856452628e+28,1.6094379424980412,178762209558528.0,250000,99371768.94025145,20197322827.879646,117994885994.45474
1506,2165472,-10574.0,850,True,-288080155241349.1,8.183581079869592e+28,1.6094379425048828,178762209558528.0,250000,99799664.89620051,1063016990.941034,28701458755.40792
1508,2165886,-9243.0,862,True,-288080158120140.3,8.183569099516018e+28,1.6094379425048828,178762209558528.0,250000,9999714726.502787,1063016990.941034,43583696628.5824
1498,2166276,-20100.0,1626,True,-287829378302314.75,8.169326773680834e+28,1.6094379424957186,178762209558528.0,250000,99523299.26552969,3189050972.823102,62718002465.52101
1515,2168274,-9844.0,536,True,-288222507570924.9,8.191638745033812e+28,1.6094379424770822,179223801102336.0,250000,99876557.93286246,2126033981.882068,26575424773.525852
1492,2168667,-27933.0,2363,True,-287763654494565.94,8.165596946760432e+28,1.6094379424922707,179223801102336.0,250000,99225030.72081712,7441118936.587238,106301699094.10336
1510,2171272,-13298.0,982,True,-288300063082883.94,8.196063346851053e+28,1.6094379424897085,179223801102336.0,250000,99851707.41464561,3189050972.823102,27638441764.466885
1499,2171357,-14398.0,1769,True,-288047123790167.8,8.181713787167946e+28,1.6094379424880358,179223801102336.0,250000,99512378.97156401,8504135927.528273,87167393257.16478
1518,2175270,-9568.0,753,True,-288612617857184.44,8.213855515738217e+28,1.6094379424850938,179223801102336.0,250000,99787628.43213966,2126033981.882068,34016543710.11309
1514,2176903,-8899.0,1127,True,-288503817825980.56,8.207663507809433e+28,1.609437942491661,179223801102336.0,250000,99774985.84591514,5315084954.70517,57402917510.81584
1517,2177683,-12915.0,943,True,-288624288806267.0,8.214531299207949e+28,1.609437942489081,179223801102336.0,250000,99818330.07031842,1063016990.941034,42520679637.64135
1525,2178904,-7737.0,477,True,-288823038305578.4,8.225830767506758e+28,1.6094379425048828,179223801102336.0,250000,99968792.66975273,1063016990.941034,14882237873.174475
1521,2178990,-10508.0,819,True,-288781021369125.2,8.223478437712464e+28,1.6094379424866885,179223801102336.0,250000,99969245.56170705,3189050972.823102,40394645655.7593
1523,2179906,-10142.0,727,True,-288823034410396.7,8.225851326845505e+28,1.6094379425048828,179223801102336.0,250000,9999759282.15735,2126033981.882068,30827492737.28999
1509,2181017,-18882.0,1626,True,-288491195314664.7,8.206948450703608e+28,1.6094379424957186,179223801102336.0,250000,99479125.46518733,7441118936.587238,56339900519.87482
1512,2181359,-14658.0,1457,True,-288549584954923.94,8.210271525443776e+28,1.6094379424946554,179223801102336.0,250000,99561798.58397487,5315084954.70517,71222138393.04927
1522,2182628,-7599.0,1022,True,-288806788281113.56,8.224903450336683e+28,1.6094379424903025,179223801102336.0,250000,99697792.33323796,1063016990.941034,47835764592.34652
1511,2182737,-19599.0,1562,True,-288558925203359.0,8.210791390245385e+28,1.609437942495343,179223801102336.0,250000,99952640.44557771,5315084954.70517,58465934501.756874
1527,2183398,-8641.0,508,True,-288822967328187.44,8.225766035674918e+28,1.6094379425048828,179223801102336.0,250000,99918528.78527336,1063016990.941034,23386373800.70275
1513,2183820,-14531.0,1590,True,-288582266259386.44,8.212102076858322e+28,1.609437942495511,179223801102336.0,250000,99627737.57854933,5315084954.70517,66970070429.28514
1519,2184986,-10350.0,1282,True,-288745192583736.7,8.221357462264067e+28,1.6094379424932594,179223801102336.0,250000,99605977.55445047,5315084954.70517,49961798574.22861
1520,2185312,-17044.0,1240,True,-288779698066068.6,8.223321465446587e+28,1.6094379424928658,179223801102336.0,250000,99822297.77035646,4252067963.764136,49961798574.22861
1516,2188821,-17113.0,1808,True,-288649954473567.1,8.21593475323835e+28,1.609437942496641,179223801102336.0,250000,99431556.33884878,6378101945.646204,65907053438.34411
1531,2191230,-8951.0,765,True,-288823133137814.25,8.225694660429911e+28,1.6094379425048828,179223801102336.0,250000,99964271.6476652,2126033981.882068,23386373800.70275
1524,2193035,-21418.0,1523,True,-288823105196260.6,8.225767170917729e+28,1.6094379425048828,179223801102336.0,250000,99594317.7743744,1063016990.941034,47835764592.34653
1528,2194263,-10662.0,1085,True,-288823142026641.1,8.225686616944805e+28,1.6094379425048828,179223801102336.0,250000,99860734.76269124,5315084954.70517,59528951492.69791
1539,2195594,-6994.0,663,True,-288823288519802.0,8.225691395954593e+28,1.6094379425048828,179223801102336.0,250000,99857773.276657,2126033981.882068,30827492737.28999
1530,2196216,-13431.0,1082,True,-288823185370628.75,8.225665594923444e+28,1.6094379425048828,179223801102336.0,250000,99781304.55396079,5315084954.70517,49961798574.2286
1537,2196310,-10779.0,807,True,-288823268599780.06,8.22565358770537e+28,1.6094379425048828,179223801102336.0,250000,99775915.8519494,1063016990.941034,28701458755.407917
1533,2197449,-12380.0,1027,True,-288823231233202.5,8.225638826600342e+28,1.6094379425048828,179223801102336.0,250000,99712385.0213597,3189050972.823102,52087832556.11067
1536,2203345,-15724.0,1288,True,-288823328724852.06,8.22567347745208e+28,1.6094379425048828,179223801102336.0,250000,99611075.30644283,4252067963.764136,53150849547.05171
1544,2203559,-8450.0,581,True,-288823443188892.9,8.22570962198944e+28,1.6094379425048828,179223801102336.0,250000,99865971.04876354,3189050972.823102,28701458755.407917
1526,2203933,-20192.0,2036,True,-288823217680488.6,8.225722815674323e+28,1.6094379425048828,179223801102336.0,250000,99486240.81532052,8504135927.528273,97797563166.5751
1534,2205231,-15832.0,1492,True,-288823316974682.6,8.225679264925388e+28,1.6094379425048828,179223801102336.0,250000,99650914.24875857,4252067963.764136,56339900519.87481
1548,2208601,-11469.0,697,True,-288823457820137.25,8.225751075716616e+28,1.6094379425048828,179223801102336.0,250000,9999769430.031353,3189050972.823102,26575424773.525852
1529,2209843,-20153.0,2010,True,-288823282549143.56,8.225710163336358e+28,1.6094379425048828,179223801102336.0,250000,99381058.66032754,7441118936.587238,71222138393.04927
1540,2212960,-13556.0,1728,True,-288823355288234.7,8.225716263067073e+28,1.6094379425048828,179223801102336.0,250000,99681978.68906294,7441118936.587238,78663257329.6365
1541,2213109,-18777.0,1518,True,-288823368533241.56,8.225710937348665e+28,1.6094379425048828,179223801102336.0,250000,99673809.49494497,4252067963.764136,56339900519.87481
1546,2214360,-14191.0,1134,True,-288823374616153.4,8.225750368591752e+28,1.6094379425048828,179223801102336.0,250000,99654371.90086514,5315084954.70517,57402917510.81585
1542,2215566,-12640.0,1521,True,-288823348812536.75,8.225719608110625e+28,1.6094379425048828,179223801102336.0,250000,99577688.43611944,5315084954.70517,58465934501.75687
1547,2216182,-14800.0,1242,True,-288823347969731.4,8.225754899579454e+28,1.6094379425048828,179223801102336.0,250000,99606420.92040859,1063016990.941034,47835764592.346535
1535,2216788,-20630.0,2135,True,-288823304336731.75,8.225710688622875e+28,1.6094379425048828,179223801102336.0,250000,99488038.50127864,8504135927.528273,96734546175.63406
1553,2217321,-5139.0,545,True,-288823165546804.1,8.225763913861466e+28,1.6094379425048828,179223801102336.0,250000,99936845.85339507,2126033981.882068,24449390791.643784
1549,2217377,-11904.0,877,True,-288823260733561.44,8.22576945724814e+28,1.6094379425048828,179223801102336.0,250000,99745633.35760315,1063016990.941034,48898781583.28755
1538,2217804,-27858.0,2124,True,-288823306872558.2,8.225718832701997e+28,1.6094379425048828,179223801102336.0,250000,99352354.75402696,4252067963.764136,85041359275.28271
1545,2219098,-16618.0,1469,True,-288823309709381.7,8.22573983564187e+28,1.6094379425048828,179223801102336.0,250000,99845417.28458855,2126033981.882068,55276883528.93378
1532,2219602,-20322.0,2481,True,-288823260887971.94,8.225720921380752e+28,1.6094379425048828,179223801102336.0,250000,99316597.82370359,3189050972.823102,109490750066.92645
1556,2219973,-4976.0,429,True,-288823073408885.56,8.225808738667687e+28,1.6094379425048828,179223801102336.0,250000,9999858083.278372,2126033981.882068,26575424773.52585
1543,2220011,-17143.0,1686,True,-288823303653329.8,8.225733228268446e+28,1.6094379425048828,179223801102336.0,250000,99458328.38097426,3189050972.823102,47835764592.346535
1550,2221191,-14460.0,1102,True,-288823216480211.4,8.225773644672015e+28,1.6094379425048828,179223801102336.0,250000,9999635324.87188,1063016990.941034,41457662646.70033
1562,2226321,-5797.0,559,True,-288823226515192.2,8.225776443826138e+28,1.6094379425048828,179223801102336.0,250000,99833318.49441731,3189050972.823102,32953526719.17206
1557,2226856,-11051.0,781,True,-288823201974720.44,8.225783484284224e+28,1.6094379425048828,179223801102336.0,250000,99916668.77320485,2126033981.882068,36142577691.99516
1566,2228405,-5378.0,527,True,-288823359872355.56,8.225750577936089e+28,1.6094379425048828,179223801102336.0,250000,9999825378.738142,3189050972.823102,38268611673.87723
1551,2228413,-17104.0,1530,True,-288823268040886.06,8.225762662777335e+28,1.6094379425048828,179223801102336.0,250000,99751084.38572493,3189050972.823102,43583696628.582405
1561,2230585,-9012.0,829,True,-288823325843465.9,8.225804402470661e+28,1.6094379425048828,179223801102336.0,250000,99992722.70793152,1063016990.941034,23386373800.702747
1554,2234899,-16941.0,1566,True,-288823292134296.7,8.225763097809514e+28,1.6094379425048828,179223801102336.0,250000,99805983.60424615,3189050972.823102,41457662646.70033
1552,2237295,-16662.0,2004,True,-288823314183950.8,8.225766632104276e+28,1.6094379425048828,179223801102336.0,250000,99544830.66571991,7441118936.587238,78663257329.63652
1555,2237296,-21159.0,1521,True,-288823315966807.0,8.225778350305699e+28,1.6094379425048828,179223801102336.0,250000,99735947.9015499,7441118936.587238,73348172374.93134
1565,2237522,-15092.0,1120,True,-288823406276491.0,8.225759742640178e+28,1.6094379425048828,179223801102336.0,250000,9999629354.26982,1063016990.941034,44646713619.52342
1559,2239638,-17392.0,1466,True,-288823577690894.3,8.225767483526452e+28,1.6094379424947183,179526915063808.0,250000,99752014.39175919,9567152918.469307,80789291311.51859
1568,2240183,-12319.0,1187,True,-288845415305136.6,8.226999025458358e+28,1.609437942492329,179686567051264.0,250000,99699747.6052684,4252067963.764136,54213866537.992744
1573,2241289,-9939.0,669,True,-288939254922896.6,8.232324879256681e+28,1.609437942482609,179686567051264.0,250000,99826151.15844019,1063016990.941034,28701458755.40792
1567,2241835,-14772.0,1364,True,-288898788272554.44,8.230055258827189e+28,1.6094379424939582,179686567051264.0,250000,99727473.87555376,3189050972.823102,65907053438.344124
1569,2242705,-11518.0,1024,True,-288963136036864.0,8.233706086186017e+28,1.609437942490331,179686567051264.0,250000,99807695.55623853,4252067963.764136,39331628664.81826
1558,2244398,-21058.0,1802,True,-288946547216415.8,8.232764157070886e+28,1.6094379424966136,179686567051264.0,250000,99421445.75455953,6378101945.646204,80789291311.51857
1564,2246618,-24255.0,1720,True,-289088729501791.25,8.240894142310654e+28,1.609437942470229,180782488354816.0,250000,99592605.82238202,4252067963.764136,70159121402.10825
1563,2247388,-27055.0,1849,True,-289135328183503.7,8.243555317276556e+28,1.6094379424726466,180782488354816.0,250000,99395341.34643786,2126033981.882068,54213866537.99274
1571,2249333,-10932.0,1308,True,-289496474668016.3,8.264202252673262e+28,1.6094379424593135,180782488354816.0,250000,99701292.44519226,3189050972.823102,70159121402.10825
1574,2249571,-11958.0,917,True,-289824471590891.9,8.282946536152133e+28,1.6094379424398833,180782488354816.0,250000,99747059.52970973,1063016990.941034,38268611673.87721
1584,2259242,-14110.0,789,True,-291332153216499.7,8.36950356090763e+28,1.6094379425048828,180782488354816.0,250000,99887464.34496899,1063016990.941034,26575424773.525852
1585,2259836,-12914.0,778,True,-291332146855936.0,8.369539033817437e+28,1.6094379425048828,180782488354816.0,250000,99878570.36087006,1063016990.941034,35079560701.05412
1587,2261251,-9495.0,730,True,-291332118110589.56,8.369563274466533e+28,1.6094379425048828,180782488354816.0,250000,99804581.6542652,1063016990.941034,32953526719.17206
1575,2261631,-16360.0,1521,True,-290670569558595.0,8.331520826478485e+28,1.609437942465695,180782488354816.0,250000,99519112.4675792,6378101945.646204,61654985474.57997
1560,2261668,-32474.0,2805,True,-289826788482403.2,8.28321691251388e+28,1.6094379424836334,180782488354816.0,250000,99343308.35398895,18071288845.99758,116931869003.51373
1576,2262256,-13172.0,1560,True,-290687101278617.6,8.332471857780078e+28,1.6094379424666747,180782488354816.0,250000,99512540.9134993,2126033981.882068,71222138393.04926
1570,2262968,-18784.0,2257,True,-290161593206224.1,8.302387123402678e+28,1.609437942478474,180782488354816.0,250000,99292701.53364661,7441118936.587238,76537223347.75446
1577,2264130,-12556.0,1663,True,-290748152036834.1,8.335982547481893e+28,1.6094379424690413,180782488354816.0,250000,99554511.7659102,7441118936.587238,95671529184.69302
1579,2265735,-13274.0,1597,True,-290970004399141.8,8.348700892772005e+28,1.6094379424768908,180782488354816.0,250000,99480064.99721777,8504135927.528273,85041359275.28271
1586,2267717,-9548.0,1149,True,-291332034053251.0,8.369554390647598e+28,1.6094379425048828,180782488354816.0,250000,99655235.22492604,3189050972.823102,40394645655.75929
1578,2268566,-17870.0,1808,True,-290999717801875.25,8.350413003167898e+28,1.6094379424636738,181521222729728.0,250000,99458004.49710369,2126033981.882068,60591968483.63895
1581,2272651,-21827.0,1926,True,-291304608199179.2,8.368010739795513e+28,1.6094379424661986,181521222729728.0,250000,99603621.37630963,7441118936.587238,89293427239.04684
1582,2272849,-23362.0,1884,True,-291362121028705.8,8.3713269380846e+28,1.6094379424653362,181521222729728.0,250000,99485129.8153586,7441118936.587238,58465934501.75688
1572,2272909,-27201.0,2781,True,-290600031037686.7,8.327610493322383e+28,1.6094379424727336,181521222729728.0,250000,99307770.52157801,11693186900.351376,97797563166.57512
1595,2273458,-7327.0,583,True,-292023428130805.44,8.409585761532568e+28,1.609437942453764,181521222729728.0,250000,9999807018.395847,2126033981.882068,32953526719.172054
1580,2275401,-21742.0,2132,True,-291375012745116.1,8.372084404095149e+28,1.6094379424699363,181521222729728.0,250000,99567382.97604336,7441118936.587238,78663257329.6365
1583,2275422,-18956.0,1939,True,-291556371502181.94,8.382531458433735e+28,1.609437942466458,181521222729728.0,250000,99380410.07831612,4252067963.764136,64844036447.40308
1589,2276380,-10983.0,1034,True,-291932161964051.8,8.404289461493388e+28,1.6094379424760605,181521222729728.0,250000,99723048.11342816,3189050972.823102,42520679637.64136
1591,2277551,-13700.0,995,True,-292042895129438.44,8.410683851079503e+28,1.6094379424749308,181521222729728.0,250000,99706800.6292912,3189050972.823102,56339900519.8748
1599,2278683,-7185.0,377,True,-292520534711863.7,8.438298264675566e+28,1.6094379425048828,181521222729728.0,250000,99907116.68109831,1063016990.941034,12756203891.292408
1593,2278864,-13769.0,1038,True,-292107346016851.9,8.414415379914061e+28,1.6094379424761716,181521222729728.0,250000,99837190.93449342,5315084954.70517,54213866537.99274
1598,2279366,-10221.0,675,True,-292520599585496.2,8.438368448427083e+28,1.6094379425048828,181521222729728.0,250000,99804319.28223474,3189050972.823102,31890509728.231018
1590,2280003,-14009.0,1172,True,-292090693140312.25,8.413438108067938e+28,1.6094379424794543,181521222729728.0,250000,99665054.04492599,6378101945.646204,53150849547.051704
1597,2280597,-9347.0,805,True,-292491277287281.5,8.436601237628815e+28,1.6094379424678613,181521222729728.0,250000,99818406.27828796,3189050972.823102,41457662646.70033
1603,2282009,-4952.0,413,True,-292520578464800.25,8.43818639315196e+28,1.6094379425048828,181521222729728.0,250000,9999863348.142447,1063016990.941034,29764475746.348953
1588,2282618,-19214.0,1461,True,-292074038222606.9,8.412456026208224e+28,1.6094379424844842,181521222729728.0,250000,99929134.72136466,2126033981.882068,56339900519.8748
1592,2284820,-13766.0,1447,True,-292193776061277.94,8.419351830576602e+28,1.6094379424842868,181521222729728.0,250000,99633173.91054168,5315084954.70517,40394645655.75929
1601,2285037,-11905.0,758,True,-292520608206383.3,8.43818269854646e+28,1.6094379425048828,181521222729728.0,250000,99985764.94387065,2126033981.882068,22323356809.761715
1604,2287934,-10446.0,782,True,-292520668555038.75,8.438163253576116e+28,1.6094379425048828,181521222729728.0,250000,99907135.7330907,1063016990.941034,37205594682.936195
1610,2288915,-8053.0,557,True,-292520746114380.75,8.43807392882744e+28,1.6094379425048828,181521222729728.0,250000,99851578.40656187,1063016990.941034,37205594682.93619
1594,2289016,-14477.0,1628,True,-292290021949117.94,8.424877193021097e+28,1.6094379424865768,181521222729728.0,250000,99530844.09976186,1063016990.941034,52087832556.11067
1609,2289958,-9406.0,662,True,-292560659131116.7,8.44037531643393e+28,1.6094379424823735,181989911035904.0,250000,99893124.94500703,1063016990.941034,36142577691.99516
1602,2290370,-9903.0,1057,True,-292564228594262.7,8.440656609271553e+28,1.6094379424907852,181989911035904.0,250000,99846046.81460758,4252067963.764136,54213866537.992744
1600,2290849,-12199.0,1125,True,-292581711963051.4,8.441673940469326e+28,1.6094379424916374,181989911035904.0,250000,99639359.25464062,2126033981.882068,28701458755.40792
1615,2294669,-8777.0,602,True,-292934417845877.4,8.461931112677267e+28,1.60943794248013,181989911035904.0,250000,99898070.2810603,1063016990.941034,24449390791.643784
1605,2296236,-15253.0,1241,True,-292787809796109.2,8.453525372977104e+28,1.609437942480868,182457726926848.0,250000,99709132.58530642,2126033981.882068,53150849547.0517
1616,2299662,-9041.0,733,True,-293413122772964.06,8.489639625270197e+28,1.609437942464225,182457726926848.0,250000,99820266.29035647,2126033981.882068,42520679637.641365
1613,2301338,-15515.0,1170,True,-293215125809834.7,8.478226418067064e+28,1.6094379424794107,182457726926848.0,250000,99644276.01270531,2126033981.882068,43583696628.5824
1607,2302411,-16453.0,1483,True,-293136662072120.44,8.4736969352975e+28,1.6094379424847869,182457726926848.0,250000,99571832.1460243,5315084954.70517,59528951492.6979
1617,2303283,-14824.0,898,True,-293628569538368.44,8.502133149548137e+28,1.6094379424716954,182457726926848.0,250000,99760665.05582005,3189050972.823102,35079560701.05412
1621,2304241,-12289.0,837,True,-293735325140157.6,8.50831550887132e+28,1.6094379424870797,182457726926848.0,250000,99816112.42625752,2126033981.882068,30827492737.28999
1606,2304591,-11246.0,1690,True,-293182532244071.6,8.476359902574996e+28,1.6094379424872483,182457726926848.0,250000,99498868.70541562,2126033981.882068,64844036447.403076
1614,2305284,-19064.0,1279,True,-293445912062843.9,8.491576224783486e+28,1.6094379424815815,182457726926848.0,250000,99891422.51901084,5315084954.70517,44646713619.52343
1618,2305480,-11000.0,1029,True,-293689715738152.3,8.505686245642646e+28,1.6094379424759204,182457726926848.0,250000,99767980.4518733,7441118936.587238,53150849547.051704
1608,2308048,-20438.0,1824,True,-293312457738491.5,8.483866783958682e+28,1.6094379424885439,182457726926848.0,250000,99844721.07259616,7441118936.587238,74411189365.87238
1596,2309991,-29643.0,2766,True,-293047889832310.6,8.468656618823298e+28,1.6094379424833338,182457726926848.0,250000,99112843.1717823,9567152918.469307,113742818030.69058
1629,2311631,-5440.0,440,True,-294028381515105.75,8.525390233959372e+28,1.6094379425048828,182457726926848.0,250000,99943999.30751304,1063016990.941034,11693186900.351374
1611,2311797,-23416.0,1950,True,-293442225709467.7,8.491394294524862e+28,1.6094379424895995,182457726926848.0,250000,99411226.0284492,1063016990.941034,80789291311.51857
1622,2312797,-14736.0,1133,True,-293970742283026.3,8.522004820913268e+28,1.6094379424917309,182457726926848.0,250000,99905667.10113639,2126033981.882068,30827492737.289986
1612,2314009,-20341.0,2000,True,-293523970156658.7,8.496128710492098e+28,1.6094379424899816,182457726926848.0,250000,99502912.61342321,10630169909.410341,92482478211.86996
1627,2314131,-12664.0,678,True,-294028361812674.8,8.525357736704417e+28,1.6094379425048828,182457726926848.0,250000,99920259.78925812,1063016990.941034,27638441764.466885
1623,2314604,-13835.0,1148,True,-294028363842963.2,8.525346292878686e+28,1.6094379425048828,182457726926848.0,250000,99886505.76094615,5315084954.70517,57402917510.81584
1624,2315966,-10690.0,1019,True,-294028350911280.0,8.525348816019463e+28,1.6094379425048828,182457726926848.0,250000,99795501.50610536,4252067963.764136,53150849547.051704
1620,2316930,-17657.0,1660,True,-293866992379928.7,8.515962788543502e+28,1.6094379424959062,182457726926848.0,250000,99799054.41817386,9567152918.469307,93545495202.81097
1628,2318865,-16550.0,914,True,-294028363274764.3,8.52534110545212e+28,1.6094379425048828,182457726926848.0,250000,99751923.48766021,1063016990.941034,40394645655.75929
1625,2321338,-18649.0,1250,True,-294028376946822.4,8.525314560440598e+28,1.6094379425048828,182457726926848.0,250000,99687148.29316188,4252067963.764136,41457662646.700325
1641,2321746,-3770.0,301,True,-294028483894506.75,8.525221365917115e+28,1.6094379425048828,182457726926848.0,250000,9999900364.132889,1063016990.941034,23386373800.702747
1639,2323436,-10855.0,552,True,-294028449871070.6,8.525240722654378e+28,1.6094379425048828,182457726926848.0,250000,99862942.88075595,2126033981.882068,20197322827.879646
1619,2328422,-31213.0,2404,True,-293908827384418.0,8.518415373488253e+28,1.6094379424986842,182457726926848.0,250000,99489006.61129767,3189050972.823102,100986614139.39818
1626,2329147,-21690.0,1671,True,-294028413094967.75,8.525360067057214e+28,1.6094379425048828,182457726926848.0,250000,99495654.37334712,1063016990.941034,62718002465.52099
1632,2330176,-12220.0,1383,True,-294028425195943.5,8.525378635068478e+28,1.6094379425048828,182457726926848.0,250000,99700529.55122653,7441118936.587238,81852308302.45961
1634,2330271,-18248.0,1165,True,-294028432772511.75,8.52536294008602e+28,1.6094379425048828,182457726926848.0,250000,99689074.98720375,1063016990.941034,49961798574.22861
1633,2330711,-12573.0,1295,True,-294028424162300.06,8.525366213486447e+28,1.6094379425048828,182457726926848.0,250000,99710081.64333306,10630169909.410341,68033087420.22619
1630,2331188,-16694.0,1619,True,-294028417453030.06,8.52537249027057e+28,1.6094379425048828,182457726926848.0,250000,99743611.40359935,5315084954.70517,75474206356.8134
1637,2332217,-12093.0,1138,True,-294028435423404.75,8.525377091918643e+28,1.6094379425048828,182457726926848.0,250000,99965277.861669,5315084954.70517,56339900519.87481
1642,2333265,-9545.0,900,True,-294028457997180.0,8.525393991484372e+28,1.6094379425048828,182457726926848.0,250000,9999702251.028595,4252067963.764136,34016543710.11309
1643,2334442,-13845.0,819,True,-294028447006259.9,8.525452219269276e+28,1.6094379425048828,182457726926848.0,250000,99903335.14512117,3189050972.823102,28701458755.40792
1635,2336613,-20406.0,1551,True,-294086745706065.56,8.52876737171963e+28,1.6094379424952754,182928847929344.0,250000,99722652.377451,8504135927.528273,62718002465.52101
1631,2336648,-18591.0,1948,True,-294076020456462.7,8.528148056363815e+28,1.6094379424972334,182928847929344.0,250000,99702522.92724174,3189050972.823102,96734546175.63408
1644,2336786,-9812.0,940,True,-294133543812631.94,8.53157654619467e+28,1.6094379424890306,182928847929344.0,250000,99755719.71976678,4252067963.764136,30827492737.28999
1650,2337383,-6913.0,417,True,-294334435809776.06,8.543183790737837e+28,1.6094379424691485,182928847929344.0,250000,9999861774.724556,1063016990.941034,14882237873.174477
1638,2339715,-22929.0,1599,True,-294229111256215.75,8.537053455058332e+28,1.6094379424862446,183391378997248.0,250000,99578260.81016131,5315084954.70517,70159121402.10825
1645,2340396,-16220.0,1060,True,-294392114503710.94,8.546618330384718e+28,1.6094379424767675,183391378997248.0,250000,99746449.05168308,4252067963.764136,38268611673.87723
1636,2342093,-19333.0,1831,True,-294325975762247.2,8.542700672388807e+28,1.6094379424886063,183391378997248.0,250000,99470045.3170275,8504135927.528273,98860580157.51614
1647,2343371,-10182.0,889,True,-294776487147356.44,8.568939407104975e+28,1.6094379424713594,183391378997248.0,250000,99788939.47802165,4252067963.764136,41457662646.700325
1657,2344674,-7378.0,493,True,-295423927998667.56,8.606634691977985e+28,1.6094379424746574,183391378997248.0,250000,99860472.3906608,1063016990.941034,13819220882.23344
1640,2344702,-18342.0,1796,True,-294468187466289.06,8.550989289929935e+28,1.6094379424882892,183391378997248.0,250000,99506279.36143081,5315084954.70517,70159121402.10825
1652,2345369,-11525.0,822,True,-295066024496922.8,8.585800975845768e+28,1.609437942468627,183391378997248.0,250000,99798753.94215864,2126033981.882068,24449390791.643787
1648,2345984,-12865.0,988,True,-294949484409943.06,8.579014200449122e+28,1.6094379424747185,183391378997248.0,250000,99750550.11566783,2126033981.882068,30827492737.28999
1656,2346136,-9875.0,593,True,-295431991250301.6,8.607095408782104e+28,1.6094379424797545,183391378997248.0,250000,99858627.07472171,1063016990.941034,27638441764.46689
1655,2347317,-8598.0,669,True,-295545203140849.8,8.613705875597387e+28,1.6094379424380614,184140766904320.0,250000,99839665.78045154,1063016990.941034,25512407782.58482
1646,2348966,-15976.0,1284,True,-295106456589908.56,8.58819544376184e+28,1.6094379424584617,184140766904320.0,250000,99589753.47816886,6378101945.646204,60591968483.63895
1658,2349511,-9984.0,758,True,-295811290732884.44,8.629262471515413e+28,1.6094379424459073,184140766904320.0,250000,99929163.29935324,5315084954.70517,41457662646.70033
1649,2349983,-19227.0,1232,True,-295292692056782.1,8.59904252481651e+28,1.6094379424565024,184140766904320.0,250000,99721693.79342817,2126033981.882068,54213866537.99274
1661,2352685,-7290.0,662,True,-296249875704457.7,8.654890520961033e+28,1.6094379424598642,184140766904320.0,250000,99968258.39969563,4252067963.764136,26575424773.52585
1660,2353548,-12474.0,822,True,-296189243035060.0,8.651350420784943e+28,1.609437942468627,184140766904320.0,250000,99914289.18720867,2126033981.882068,29764475746.348957
1653,2358081,-14010.0,1551,True,-295938694351187.4,8.636749938827699e+28,1.6094379424568455,184616233205760.0,250000,99551755.49592924,8504135927.528273,88230410248.1058
1666,2363008,-15331.0,1064,True,-297102552361930.1,8.704796898825677e+28,1.6094379424488634,185077388541952.0,250000,99665721.67892979,3189050972.823102,54213866537.992744
1662,2363051,-15682.0,1230,True,-296897119395107.4,8.692783259414893e+28,1.6094379424564238,185077388541952.0,250000,99684243.9631048,2126033981.882068,71222138393.04926
1651,2363108,-28553.0,1995,True,-296136787139593.75,8.648371362774887e+28,1.6094379424600673,185077388541952.0,250000,99355101.49801172,1063016990.941034,60591968483.63893
1668,2364021,-14372.0,1044,True,-297228943485045.7,8.712217413767174e+28,1.6094379424763365,185077388541952.0,250000,99698130.91323796,6378101945.646204,64844036447.403076
1665,2365305,-13595.0,1246,True,-297186649599730.44,8.709743888130444e+28,1.609437942457046,185077388541952.0,250000,99638324.46264824,6378101945.646204,57402917510.815834
1671,2365839,-11519.0,991,True,-297428637438071.9,8.72393752483087e+28,1.6094379424748098,185077388541952.0,250000,99762095.58378959,3189050972.823102,42520679637.641365
1670,2366343,-9579.0,1052,True,-297434413574992.8,8.724278536518114e+28,1.6094379424765537,185077388541952.0,250000,99871932.1248168,4252067963.764136,35079560701.05412
1669,2367014,-13833.0,1128,True,-297442247996466.8,8.724718443983058e+28,1.6094379424784624,185077388541952.0,250000,99842756.27456953,1063016990.941034,57402917510.81583
1674,2368113,-5989.0,627,True,-298116328052732.75,8.764288006954783e+28,1.609437942481117,185077388541952.0,250000,9999792416.181704,2126033981.882068,52087832556.11067
1664,2369630,-14446.0,1558,True,-297362959619904.06,8.720104164182487e+28,1.6094379424570613,185555287539712.0,250000,99626373.73255314,2126033981.882068,55276883528.93377
1663,2371218,-19054.0,1659,True,-297496644417687.8,8.727985979231752e+28,1.6094379424509908,186008842797056.0,250000,99678235.25707057,3189050972.823102,58465934501.756874
1672,2371773,-14768.0,1193,True,-297989190653795.8,8.756906760136158e+28,1.6094379424549208,186008842797056.0,250000,99846490.1805657,1063016990.941034,70159121402.10823
1659,2373859,-22695.0,2134,True,-297384918751936.44,8.72151158313798e+28,1.6094379424629863,186008842797056.0,250000,99574112.11619559,10630169909.410341,119057902985.39575
1676,2375691,-9936.0,790,True,-299025142067355.56,8.817950633902328e+28,1.6094379424671583,186008842797056.0,250000,99774656.79191133,2126033981.882068,36142577691.99516
1683,2375761,-6302.0,478,True,-299546974188736.8,8.848783376945634e+28,1.609437942442535,186008842797056.0,250000,99963914.01567282,2126033981.882068,31890509728.23102
1675,2376624,-10827.0,851,True,-299071389203902.44,8.820677144194387e+28,1.6094379424698624,186008842797056.0,250000,99742896.13961458,3189050972.823102,35079560701.05412
1667,2377688,-13184.0,1972,True,-298049903083486.75,8.760550737524088e+28,1.6094379424595446,186008842797056.0,250000,99457369.79695143,7441118936.587238,106301699094.10335
1681,2378471,-8828.0,758,True,-299402232565381.75,8.840199600466864e+28,1.6094379424655658,186008842797056.0,250000,99841111.0045505,1063016990.941034,27638441764.466885
1677,2378612,-11748.0,969,True,-299162595152324.3,8.826056313001954e+28,1.609437942474127,186008842797056.0,250000,99747183.36766024,3189050972.823102,42520679637.641365
1673,2378876,-11909.0,1583,True,-298524108222813.3,8.788444724712985e+28,1.6094379424672298,186008842797056.0,250000,99574059.31608139,6378101945.646204,70159121402.10823
1685,2387426,-10999.0,1013,True,-300064861901378.2,8.87942650990644e+28,1.6094379424901728,186489124159488.0,250000,99844487.27855429,3189050972.823102,34016543710.11309
1687,2387427,-9600.0,848,True,-300127274752966.06,8.883131772541174e+28,1.6094379424873106,186489124159488.0,250000,99848435.92659995,1063016990.941034,53150849547.051704
1679,2388521,-18131.0,1451,True,-299759043886799.1,8.861338011236596e+28,1.6094379424740741,186489124159488.0,250000,99574373.67395577,5315084954.70517,64844036447.403076
1678,2389557,-14960.0,1596,True,-299712593749507.9,8.858607207630995e+28,1.6094379424768732,186489124159488.0,250000,99493613.36735094,9567152918.469307,75474206356.81342
1686,2391117,-16363.0,1209,True,-300160544100524.8,8.885104332706931e+28,1.6094379424925576,186489124159488.0,250000,99643918.38071293,2126033981.882068,46772747601.4055
1690,2391648,-12083.0,939,True,-300307457054229.25,8.89379938998166e+28,1.6094379424890137,186489124159488.0,250000,99735165.95559178,3189050972.823102,47835764592.34653
1680,2393455,-12036.0,1726,True,-299951896672500.44,8.872780889723167e+28,1.6094379424703493,186970663813120.0,250000,99450502.93698953,4252067963.764136,77600240338.69547
1684,2393870,-14875.0,1515,True,-300203325573310.6,8.88766866355447e+28,1.6094379424753755,186970663813120.0,250000,99568546.77611949,10630169909.410341,97797563166.57512
1689,2394465,-9749.0,1169,True,-300397043082035.9,8.89913543616478e+28,1.609437942479389,186970663813120.0,250000,99865398.67472167,3189050972.823102,72285155383.99031
1693,2394724,-9339.0,1007,True,-300526679454765.75,8.906843656230172e+28,1.6094379424752876,186970663813120.0,250000,99712003.16724169,1063016990.941034,41457662646.70032
1688,2394955,-12003.0,1204,True,-300417919159925.4,8.90038102918152e+28,1.60943794248013,186970663813120.0,250000,99931542.88534942,1063016990.941034,47835764592.346535
1682,2396822,-20423.0,1863,True,-300169853102437.25,8.885690878079395e+28,1.6094379424728888,186970663813120.0,250000,99408899.24256721,8504135927.528273,77600240338.69548
1691,2396856,-8910.0,1198,True,-300575063396605.0,8.909713623237288e+28,1.609437942480006,186970663813120.0,250000,99722275.69346623,3189050972.823102,48898781583.28757
1694,2397260,-14813.0,1149,True,-300644179378860.44,8.913792897199692e+28,1.6094379424789451,186970663813120.0,250000,99705971.05335212,2126033981.882068,46772747601.405495
1696,2398643,-10630.0,701,True,-300972273616180.25,8.933287144565639e+28,1.6094379424411118,187731795771392.0,250000,9999767885.191448,1063016990.941034,25512407782.58482
1692,2404007,-18180.0,1596,True,-301234384482334.8,8.948978907956906e+28,1.6094379424488634,188447159484416.0,250000,99628648.5325912,5315084954.70517,63781019456.46204
1702,2404750,-9612.0,680,True,-302510298791550.5,9.024957304946358e+28,1.609437942373402,189186883715072.0,250000,99841854.84652385,1063016990.941034,19134305836.938614
1695,2407314,-17905.0,1243,True,-302222399100517.75,9.007937151151546e+28,1.6094379424209664,189186883715072.0,250000,99611432.93843521,1063016990.941034,54213866537.99273
1708,2409516,-11251.0,766,True,-303761274913324.1,9.099884199018672e+28,1.6094379423881635,189186883715072.0,250000,99782883.14200646,2126033981.882068,22323356809.761715
1706,2412630,-12508.0,988,True,-304007201932789.6,9.114767100936183e+28,1.6094379423993077,189663792857088.0,250000,99861392.87069885,2126033981.882068,45709730610.464455
1698,2412677,-15958.0,1445,True,-303060849601292.94,9.058177610408097e+28,1.609437942422385,189663792857088.0,250000,99659092.96887273,3189050972.823102,37205594682.936195
1701,2413103,-14900.0,1228,True,-303582456017042.75,9.089357265650623e+28,1.6094379424199414,189663792857088.0,250000,99697668.49528745,6378101945.646204,49961798574.22859
1703,2413489,-9637.0,1189,True,-303745072800122.94,9.099109269342182e+28,1.6094379424171552,189663792857088.0,250000,99764313.22785048,4252067963.764136,47835764592.34654
1710,2413751,-6469.0,609,True,-305067506853037.2,9.178509990574325e+28,1.609437942431478,189663792857088.0,250000,99846132.54857332,1063016990.941034,47835764592.346535
1700,2414304,-21521.0,1416,True,-303481008827235.8,9.083340659225491e+28,1.6094379424206955,189663792857088.0,250000,99585895.73422217,2126033981.882068,63781019456.46204
1705,2414363,-16207.0,1213,True,-303893072921210.8,9.107975581416385e+28,1.609437942418891,189663792857088.0,250000,99700567.6552113,1063016990.941034,57402917510.81583
1654,2414442,-34784.0,5000,False,-299599965768489.4,8.852855338576005e+28,1.609437942454219,189663792857088.0,250000,98380779.9211778,30827492737.28997,234926754997.96832
1699,2416685,-15042.0,1598,True,-303619864727311.06,9.091688693109106e+28,1.6094379424302838,189663792857088.0,250000,99493622.89334713,8504135927.528273,104175665112.22131
1709,2418163,-11398.0,1220,True,-304719408180025.94,9.157536308981947e+28,1.6094379424193843,190437339955200.0,250000,99643646.48268628,1063016990.941034,63781019456.46203
1712,2419650,-10774.0,771,True,-305597755349286.9,9.21050005437658e+28,1.6094379424469016,190437339955200.0,250000,99896320.22508314,2126033981.882068,43583696628.5824
1707,2422120,-16752.0,1579,True,-304859554906195.0,9.166096506585395e+28,1.6094379424105119,190887556546560.0,250000,99652363.8287205,7441118936.587238,55276883528.93378
1711,2424558,-11955.0,1238,True,-305947083160250.1,9.231605527066004e+28,1.6094379424567369,190887556546560.0,250000,99648582.29274336,1063016990.941034,49961798574.22859
1716,2425119,-9659.0,751,True,-306617444977362.7,9.27209650472931e+28,1.6094379424453575,190887556546560.0,250000,99926726.5573799,1063016990.941034,36142577691.995155
1721,2425930,-7907.0,718,True,-306802894110172.4,9.283342233053266e+28,1.6094379424426217,190887556546560.0,250000,99910931.96519727,1063016990.941034,35079560701.05412
1718,2426855,-7067.0,819,True,-306797316224211.3,9.282995238097093e+28,1.6094379424502998,190887556546560.0,250000,99858579.44474074,2126033981.882068,48898781583.28756
1704,2427828,-22234.0,2069,True,-305111013098628.1,9.181402825959858e+28,1.6094379424256595,191376796942336.0,250000,99336330.72366542,6378101945.646204,78663257329.63654
1714,2428214,-9225.0,974,True,-306824962367605.75,9.28470129285409e+28,1.609437942443687,191376796942336.0,250000,99737035.49365649,1063016990.941034,61654985474.579956
1722,2430925,-11477.0,890,True,-307498913450844.6,9.325592488195193e+28,1.6094379424211684,191857027973120.0,250000,99736735.01764126,3189050972.823102,42520679637.641365
1725,2434088,-9185.0,748,True,-308395183062777.1,9.380179822501631e+28,1.6094379424451188,192327477886976.0,250000,99988096.89988586,7441118936.587238,57402917510.81584
1723,2434211,-13103.0,1003,True,-308078329156731.56,9.36087266912667e+28,1.6094379424454563,192327477886976.0,250000,9999667796.432394,1063016990.941034,51024815565.16964
1726,2435150,-5910.0,662,True,-308729990363055.56,9.400649787598257e+28,1.6094379424373548,192327477886976.0,250000,99875918.87684724,3189050972.823102,30827492737.28999
1727,2438335,-9225.0,826,True,-309080558898039.6,9.422065677085399e+28,1.6094379424327223,192820392493056.0,250000,9999726705.810888,2126033981.882068,49961798574.22859
1719,2438368,-14176.0,1504,True,-308025042032422.1,9.357780260979316e+28,1.609437942435529,192820392493056.0,250000,99558989.51387972,7441118936.587238,57402917510.81584
1732,2439869,-7188.0,559,True,-309999981155571.6,9.478344213718227e+28,1.6094379424249123,193288778809344.0,250000,99936769.64542553,1063016990.941034,15945254864.11551
1729,2442679,-12947.0,989,True,-309903361226696.06,9.472482528324536e+28,1.6094379424144813,193761241989120.0,250000,99881107.53293857,1063016990.941034,26575424773.525852
1697,2444361,-27217.0,3490,True,-306162936823667.2,9.245763569362596e+28,1.609437942423759,194535191740416.0,250000,98856512.54562908,9567152918.469307,109490750066.92647
1717,2444897,-25252.0,1963,True,-308767227144944.25,9.40326883715962e+28,1.6094379424213816,194535191740416.0,250000,99463665.09714173,1063016990.941034,98860580157.51611
1730,2447044,-12444.0,1201,True,-310717823679993.6,9.522576242808266e+28,1.6094379424180318,194535191740416.0,250000,99947685.58352825,2126033981.882068,57402917510.81584
1735,2447214,-11988.0,754,True,-311690530230087.3,9.58233830292029e+28,1.6094379424060687,194535191740416.0,250000,9999750473.907187,3189050972.823102,42520679637.641365
1731,2447286,-9180.0,1192,True,-310799408396796.56,9.52759080411633e+28,1.609437942417376,194535191740416.0,250000,99690271.72113141,5315084954.70517,86104376266.22375
1713,2448348,-22245.0,2427,True,-308852702200759.9,9.408761568413334e+28,1.6094379424250662,195004014264320.0,250000,99291785.40947151,13819220882.233444,128625055903.86508
1734,2448595,-13564.0,899,True,-311779794509596.2,9.587872805568973e+28,1.6094379424054313,195004014264320.0,250000,99758681.20580103,1063016990.941034,29764475746.348953
1740,2449689,-3867.0,333,True,-313720005319055.75,9.707516333425216e+28,1.6094379424601346,195004014264320.0,250000,9999889786.774763,1063016990.941034,27638441764.46689
1737,2450272,-10756.0,744,True,-312755069499502.1,9.64792922205428e+28,1.6094379424047407,195004014264320.0,250000,9999753869.233181,2126033981.882068,42520679637.64136
1720,2451707,-16210.0,2334,True,-309775841967299.7,9.465194948070315e+28,1.60943794242827,195004014264320.0,250000,99244311.5430949,3189050972.823102,76537223347.75443
1724,2452658,-18946.0,2063,True,-310502015302758.75,9.509581795725188e+28,1.6094379424326524,195004014264320.0,250000,99452100.57702759,10630169909.410341,65907053438.34412
1715,2453573,-24926.0,2556,True,-309815369012437.1,9.46770732107998e+28,1.6094379424232645,195796368621568.0,250000,99176088.2224862,7441118936.587238,94608512193.75201
1741,2453729,-9852.0,552,True,-314032652401975.6,9.72675864178612e+28,1.6094379424238983,195796368621568.0,250000,99837152.83050865,1063016990.941034,12756203891.292408
1728,2456650,-19077.0,1920,True,-311755129541973.3,9.586585999398216e+28,1.6094379424195115,195796368621568.0,250000,99470484.32712266,5315084954.70517,47835764592.346535
1745,2457100,-7258.0,547,True,-314782348861724.56,9.773196680945077e+28,1.6094379424503995,195796368621568.0,250000,99864616.72876355,2126033981.882068,45709730610.46447
1738,2457101,-13623.0,1077,True,-313775736510329.0,9.71096246398602e+28,1.6094379424218679,195796368621568.0,250000,99659932.07080801,4252067963.764136,39331628664.81826
1733,2460600,-19684.0,1657,True,-313232216350487.6,9.677538876114268e+28,1.60943794243294,195796368621568.0,250000,99463846.0910694,4252067963.764136,75474206356.8134
1751,2460805,-7340.0,452,True,-315537180024034.56,9.820021868498665e+28,1.6094379423070797,197588124958720.0,250000,99922582.21927714,1063016990.941034,20197322827.87965
1742,2461764,-9671.0,920,True,-315149232968712.9,9.796112574352997e+28,1.6094379423591105,197853624401920.0,250000,99704569.10337116,2126033981.882068,27638441764.46688
1739,2462855,-14890.0,1261,True,-314902862654049.06,9.780998798908659e+28,1.6094379423748966,197853624401920.0,250000,99624332.72655696,6378101945.646204,52087832556.11067
1749,2463723,-13105.0,751,True,-316163677435443.1,9.859426522738343e+28,1.6094379423461487,197853624401920.0,250000,9999751518.225172,1063016990.941034,26575424773.52585
1755,2463821,-6506.0,420,True,-317029106326849.8,9.913572928111877e+28,1.609437942292009,197853624401920.0,250000,9999860987.608442,1063016990.941034,13819220882.233442
1752,2463841,-6936.0,632,True,-316520191296317.56,9.881701332506972e+28,1.6094379423634162,197853624401920.0,250000,99940832.6054255,1063016990.941034,12756203891.292408
1743,2465502,-17144.0,1143,True,-315914380767773.1,9.843959125389958e+28,1.609437942387551,197853624401920.0,250000,99771628.62390374,3189050972.823102,52087832556.11067
1747,2466393,-12505.0,1044,True,-316352141100891.2,9.871248521456332e+28,1.6094379423906977,197853624401920.0,250000,99773764.88986185,4252067963.764136,31890509728.231026
1746,2466947,-15681.0,1147,True,-316296723562610.25,9.86781833833176e+28,1.6094379424009515,197853624401920.0,250000,99826313.10037547,1063016990.941034,42520679637.641365
1760,2468043,-3726.0,270,True,-318960124798202.3,1.0034356858336914e+29,1.6094379424496934,198341791055872.0,250000,99955320.50758912,1063016990.941034,29764475746.348953
1754,2469660,-9639.0,785,True,-318009594830399.25,9.974978163858006e+28,1.6094379423720062,198341791055872.0,250000,99850729.77863039,1063016990.941034,26575424773.525852
1759,2470359,-7447.0,469,True,-319163358071216.3,1.004731225772617e+29,1.6094379424413383,198835712294912.0,250000,99895004.00906792,2126033981.882068,32953526719.17206
1748,2472288,-10752.0,1376,True,-317323676331174.7,9.932198791242718e+28,1.6094379423965894,198835712294912.0,250000,99590664.43221073,3189050972.823102,78663257329.6365
1763,2474046,-7644.0,534,True,-319800749589461.8,1.0087702509824617e+29,1.6094379424490732,198835712294912.0,250000,99856690.85468365,1063016990.941034,29764475746.348953
1750,2474274,-16105.0,1351,True,-317947119474219.56,9.971268231451652e+28,1.6094379423945855,198835712294912.0,250000,99770198.0959342,3189050972.823102,49961798574.22861
1756,2474696,-10196.0,881,True,-319458350326959.5,1.006607414348356e+29,1.6094379423695715,198835712294912.0,250000,99808372.71623853,4252067963.764136,28701458755.40792
1765,2476051,-7806.0,569,True,-320086817450225.1,1.0105783814362206e+29,1.609437942452506,198835712294912.0,250000,99856108.95464559,2126033981.882068,26575424773.525852
1767,2476220,-5105.0,410,True,-320331327600769.9,1.0121293279961837e+29,1.6094379424685386,198835712294912.0,250000,9999864278.148489,1063016990.941034,20197322827.879646
1757,2476357,-8143.0,972,True,-319586796209341.6,1.0074198230695371e+29,1.609437942474222,198835712294912.0,250000,99716505.13733684,3189050972.823102,45709730610.46446
1736,2477407,-21297.0,2442,True,-316327884221622.0,9.870488237767006e+28,1.6094379424133523,198835712294912.0,250000,99214019.52275246,11693186900.351376,87167393257.1648
1753,2477514,-14875.0,1304,True,-318833353305081.7,1.0026899530201777e+29,1.6094379424134646,198835712294912.0,250000,99643484.540751,3189050972.823102,83978342284.34167
1766,2479643,-8591.0,725,True,-320245200518535.25,1.011576003277169e+29,1.6094379424843295,198835712294912.0,250000,99773087.72986186,3189050972.823102,28701458755.40792
1761,2481565,-15159.0,1109,True,-319955553438706.1,1.0097425898442954e+29,1.6094379424780096,198835712294912.0,250000,99698073.7572608,1063016990.941034,31890509728.23102
1775,2482421,-4914.0,379,True,-320387902055459.1,1.0124737431221565e+29,1.6094379425048828,198835712294912.0,250000,99964262.12166901,3189050972.823102,25512407782.584812
1762,2484097,-10889.0,1266,True,-320010424771556.5,1.0100909115965301e+29,1.6094379424813423,198835712294912.0,250000,99600536.05232488,6378101945.646204,52087832556.110664
1777,2485802,-8848.0,518,True,-320403353293701.44,1.0125754373061787e+29,1.609437942476116,199349128658944.0,250000,9999828502.166103,2126033981.882068,28701458755.407917
1776,2486511,-10559.0,569,True,-320465881160878.56,1.0129710153790747e+29,1.6094379424786944,199349128658944.0,250000,99835517.08648582,1063016990.941034,29764475746.348957
1772,2486632,-8964.0,746,True,-320456236412060.5,1.0129095985480461e+29,1.6094379424849081,199349128658944.0,250000,99777503.96599126,1063016990.941034,48898781583.28755
1768,2487335,-12010.0,1061,True,-320470247094698.56,1.0130002705142755e+29,1.6094379424908383,199349128658944.0,250000,99986423.05187826,2126033981.882068,37205594682.93619
1771,2487714,-12810.0,840,True,-320526592043534.6,1.0133542536095974e+29,1.6094379424516643,200147690586112.0,250000,9999722022.84686,2126033981.882068,39331628664.81826
1758,2493348,-23801.0,1974,True,-320700480344532.94,1.0144808676998594e+29,1.6094379424369445,201776724705280.0,250000,99562399.53600532,6378101945.646204,77600240338.69547
1783,2496959,-8675.0,653,True,-323949645526277.9,1.0351643006821453e+29,1.6094379423679657,201776724705280.0,250000,99899744.1290679,4252067963.764136,44646713619.52343
1778,2497915,-11477.0,1142,True,-322757939580418.7,1.027579337526836e+29,1.609437942387448,202587315896320.0,250000,99770050.03585806,1063016990.941034,64844036447.40306
1769,2499024,-19284.0,1671,True,-322256973716989.25,1.0243901602170797e+29,1.6094379424246252,202587315896320.0,250000,99458023.54909608,5315084954.70517,78663257329.63652
1779,2499101,-13565.0,1096,True,-323265099719194.2,1.0308160481938288e+29,1.6094379423825194,202587315896320.0,250000,99742829.45764123,3189050972.823102,65907053438.34409
1744,2500550,-24344.0,3329,True,-319876562533735.56,1.0093728319093519e+29,1.6094379424153595,202587315896320.0,250000,98937668.58821107,11693186900.351376,139255225813.2754
1770,2501486,-26806.0,1715,True,-322756486803873.94,1.0275809963116845e+29,1.6094379424179956,203079425196032.0,250000,99483694.11725582,4252067963.764136,46772747601.4055
1773,2503203,-12531.0,1697,True,-323212275187345.1,1.0304964637517192e+29,1.609437942417074,203079425196032.0,250000,99525073.54363246,15945254864.115513,104175665112.22134
1764,2503529,-22515.0,2321,True,-322417780971425.56,1.0254350619740087e+29,1.609437942427841,203079425196032.0,250000,99322692.26370355,4252067963.764136,68033087420.22617
1782,2504826,-13643.0,1189,True,-324998201654868.8,1.0419017370157513e+29,1.6094379423920901,203079425196032.0,250000,99737874.59559177,3189050972.823102,45709730610.46447
1785,2506919,-13558.0,1224,True,-325532567704810.25,1.045322116766235e+29,1.6094379423953153,203079425196032.0,250000,99681706.7910363,3189050972.823102,55276883528.93378
1792,2508294,-8856.0,484,True,-327140303297002.8,1.0556519466414299e+29,1.6094379424740952,203079425196032.0,250000,9999839804.314205,1063016990.941034,13819220882.23344
1788,2508991,-12698.0,752,True,-326897686192999.5,1.0540902550561337e+29,1.6094379424454366,203079425196032.0,250000,99871254.96481681,1063016990.941034,27638441764.466885
1787,2508996,-13695.0,978,True,-326487265848715.75,1.0514499980589741e+29,1.6094379424591738,203079425196032.0,250000,99770302.88189232,5315084954.70517,49961798574.2286
1774,2509340,-21025.0,2070,True,-323970422040039.75,1.0353510292162422e+29,1.6094379424328966,203079425196032.0,250000,99329168.55782153,1063016990.941034,122246953958.21884
1786,2511250,-21054.0,1471,True,-325928744261457.94,1.0478660550339948e+29,1.6094379424238432,203603780304896.0,250000,99807008.87024234,3189050972.823102,71222138393.04929
1791,2516973,-10387.0,1117,True,-327947413716786.6,1.0608894322782316e+29,1.6094379424115004,205688919818240.0,250000,99736296.0075461,4252067963.764136,40394645655.7593
1781,2517969,-20804.0,2117,True,-326189153366002.44,1.0495941125510411e+29,1.6094379423922618,205688919818240.0,250000,99552990.33384168,4252067963.764136,86104376266.22372
1793,2518926,-11896.0,1090,True,-328535552640749.7,1.064709464828582e+29,1.609437942422858,205688919818240.0,250000,99672226.55103634,2126033981.882068,35079560701.05412
1780,2519973,-24090.0,2347,True,-326208109286697.1,1.0497388961236647e+29,1.6094379424032985,205688919818240.0,250000,99280559.46935737,7441118936.587238,116931869003.51367
1797,2520103,-8864.0,824,True,-329337998257022.75,1.0699246191029871e+29,1.6094379423963792,205688919818240.0,250000,99931900.51734181,2126033981.882068,47835764592.346535
1798,2523862,-7232.0,973,True,-330023417097873.75,1.074385136715853e+29,1.609437942412995,205688919818240.0,250000,99721722.37141675,2126033981.882068,44646713619.52344
1796,2523930,-14226.0,1194,True,-329521790979951.94,1.0711222994119458e+29,1.6094379424300027,205688919818240.0,250000,99640303.9568043,1063016990.941034,47835764592.34653
1790,2525136,-20203.0,1632,True,-329027335808742.9,1.0679172702060204e+29,1.6094379424409686,205688919818240.0,250000,99747598.15562978,2126033981.882068,71222138393.04927
1807,2527079,-6636.0,436,True,-331418062887381.75,1.0834669979405447e+29,1.6094379425048828,205688919818240.0,250000,99896415.48504508,1063016990.941034,17008271855.056545
1784,2529240,-25961.0,2663,True,-327927493856838.56,1.060834578588121e+29,1.6094379424153527,206220036145152.0,250000,99247492.1270416,4252067963.764136,103112648121.28026
1789,2529547,-11998.0,1977,True,-329314633803538.75,1.0697918956237358e+29,1.6094379424445848,206220036145152.0,250000,99422438.08670418,6378101945.646204,105238682103.16234
1801,2530828,-14475.0,1343,True,-330730194231607.06,1.0789976979277725e+29,1.6094379424272147,206220036145152.0,250000,9999555327.4591,5315084954.70517,48898781583.28757
1804,2536529,-13457.0,1160,True,-331814808253348.2,1.0860919763787957e+29,1.609437942492037,206220036145152.0,250000,99762529.42375152,1063016990.941034,41457662646.70033
1802,2536818,-11390.0,1598,True,-331328644388543.6,1.0829116453221113e+29,1.6094379424489336,206220036145152.0,250000,99651167.09479283,11693186900.351376,96734546175.63408
1805,2537070,-12739.0,1134,True,-331849519972323.1,1.086320945675434e+29,1.6094379424917424,206220036145152.0,250000,99797351.99217768,3189050972.823102,49961798574.22861
1812,2537704,-5055.0,529,True,-332272601323972.94,1.0891185112523266e+29,1.6094379425048828,206220036145152.0,250000,99846065.86659996,1063016990.941034,17008271855.056545
1795,2538025,-20025.0,2156,True,-330460821036584.9,1.0772629763345766e+29,1.6094379424565024,206220036145152.0,250000,99782406.02792652,5315084954.70517,90356444229.98788
1810,2539296,-9934.0,885,True,-332180168249543.0,1.0885012016936878e+29,1.609437942471208,206752494649344.0,250000,99847053.02861138,3189050972.823102,39331628664.81826
1808,2539670,-11152.0,988,True,-332140554767007.6,1.0882418577818666e+29,1.6094379424747185,206752494649344.0,250000,99795897.24208252,2126033981.882068,41457662646.700325
1803,2542701,-15410.0,1608,True,-332082598695136.2,1.0878582786371382e+29,1.6094379424770822,207279232122880.0,250000,99592724.4901993,2126033981.882068,75474206356.81339
1799,2544287,-26619.0,2206,True,-331529282228019.75,1.0842491219355663e+29,1.6094379424305796,208094453825536.0,250000,99385264.51027042,3189050972.823102,92482478211.86992
1813,2546987,-12178.0,1090,True,-333294860585166.7,1.0958576834083254e+29,1.6094379424365288,208568108187648.0,250000,99722022.84743197,2126033981.882068,56339900519.87481
1819,2547449,-10052.0,589,True,-334368245247923.5,1.102941367372633e+29,1.6094379423530882,209049228410880.0,250000,99943698.83149782,1063016990.941034,24449390791.643784
1814,2549020,-16935.0,1137,True,-333750625942356.0,1.0988733408510525e+29,1.6094379424262488,209049228410880.0,250000,99737640.8015499,4252067963.764136,46772747601.4055
1809,2549530,-11603.0,1600,True,-333281295537274.9,1.0957744008024333e+29,1.6094379424396903,209049228410880.0,250000,99561488.58196345,5315084954.70517,73348172374.93137
1818,2550488,-11199.0,799,True,-334900154130175.7,1.1064642701653528e+29,1.6094379423929843,209049228410880.0,250000,99901079.3970755,2126033981.882068,34016543710.113094
1822,2554285,-7638.0,724,True,-336278113015547.75,1.11557970143471e+29,1.609437942422556,209049228410880.0,250000,9999760421.735289,2126033981.882068,44646713619.52342
1817,2555902,-14273.0,1177,True,-335413425760804.1,1.109865584318454e+29,1.6094379424162608,209586602639360.0,250000,99723968.59346622,1063016990.941034,42520679637.641365
1816,2556754,-16394.0,1246,True,-335486259609678.9,1.1103524935138894e+29,1.6094379424092091,210098928484352.0,250000,99640684.99665204,1063016990.941034,71222138393.04929
1811,2560183,-20474.0,2069,True,-335131801302134.3,1.1080564170019555e+29,1.6094379424040532,212224652083200.0,250000,99563563.33608145,10630169909.410341,91419461220.9289
1828,2561000,-9744.0,657,True,-338898280689096.7,1.1331047918816978e+29,1.6094379423461185,212224652083200.0,250000,99848540.71255808,2126033981.882068,26575424773.525852
1806,2561141,-20491.0,2573,True,-334645533897476.06,1.104846137935504e+29,1.609437942423804,212224652083200.0,250000,99510013.26742698,17008271855.056547,120120919976.33682
1815,2561297,-18439.0,1548,True,-336553229600032.44,1.1174887624946212e+29,1.6094379423797438,212224652083200.0,250000,99635916.29866348,1063016990.941034,52087832556.11067
1820,2562304,-15024.0,1438,True,-337279286633530.4,1.122320097807502e+29,1.6094379423701712,212721509335040.0,250000,99569882.04412709,6378101945.646204,79726274320.57753
1823,2564927,-13477.0,1290,True,-338814522327294.0,1.1325658550182075e+29,1.6094379423893699,212721509335040.0,250000,99977800.96580598,7441118936.587238,62718002465.521
1825,2565257,-15022.0,1113,True,-339431062783703.75,1.1366897321377331e+29,1.6094379423977765,212721509335040.0,250000,99833213.70845918,5315084954.70517,52087832556.11067
1830,2565438,-8206.0,596,True,-341702183582204.56,1.15193038415448e+29,1.6094379423298693,212721509335040.0,250000,99832679.43840209,1063016990.941034,19134305836.93861
1821,2567478,-13770.0,1738,True,-338353706434032.06,1.129517081350842e+29,1.6094379423848504,213263446966272.0,250000,99446339.54689439,1063016990.941034,54213866537.99272
1800,2568116,-30361.0,3695,True,-334688252412351.9,1.105218646234136e+29,1.6094379424161613,213263446966272.0,250000,98842525.16540076,6378101945.646204,199847194296.9143
1829,2569309,-8906.0,939,True,-341623100912274.7,1.151408064647743e+29,1.6094379423620602,213263446966272.0,250000,99764952.2838657,1063016990.941034,55276883528.93377
1826,2570396,-15312.0,1336,True,-340542711913269.6,1.1441607992551177e+29,1.6094379424045007,213263446966272.0,250000,99622282.19456458,4252067963.764136,44646713619.52344
1834,2571541,-8072.0,650,True,-343127992414926.4,1.1615467941504939e+29,1.6094379424361083,213801056075776.0,250000,99844062.96458855,1063016990.941034,27638441764.466885
1794,2571795,-30093.0,4287,True,-334551272246834.5,1.1043746409788523e+29,1.6094379424249372,213801056075776.0,250000,98630086.1012968,12756203891.29241,214729432170.08868
1838,2572217,-5433.0,435,True,-343556989649498.6,1.1644530638193535e+29,1.6094379424363716,213801056075776.0,250000,99922262.69126953,2126033981.882068,30827492737.289986
1827,2573914,-18385.0,1524,True,-341226122139825.4,1.1487714060523944e+29,1.609437942387551,214659965648896.0,250000,99973485.15977174,1063016990.941034,70159121402.10825
1824,2576379,-18867.0,1837,True,-341329064010579.75,1.1494966520458789e+29,1.6094379423832075,215433529524224.0,250000,99722475.73938629,5315084954.70517,63781019456.46205
1831,2576418,-15111.0,1229,True,-343482051718678.06,1.1639792737320432e+29,1.6094379423593874,215433529524224.0,250000,99754245.91767924,4252067963.764136,62718002465.520996
1832,2577463,-14641.0,1080,True,-344124100399498.44,1.1683351826093412e+29,1.6094379424083012,215433529524224.0,250000,99788281.37001404,2126033981.882068,27638441764.46689
1841,2578836,-12608.0,670,True,-345572810298334.4,1.1781900865019224e+29,1.6094379423936802,215433529524224.0,250000,99919592.15525432,1063016990.941034,20197322827.879646
1835,2579585,-13168.0,1143,True,-344599907495416.4,1.1715722920707822e+29,1.6094379424136247,215433529524224.0,250000,99778595.9139608,5315084954.70517,46772747601.4055
1845,2583971,-11356.0,761,True,-346999866732398.7,1.1879484949013514e+29,1.6094379424069776,215970031337472.0,250000,99800918.78610533,1063016990.941034,34016543710.113094
1836,2584960,-20191.0,1416,True,-345475474326614.75,1.1775532198529976e+29,1.6094379424312188,215970031337472.0,250000,99809803.24420807,1063016990.941034,72285155383.9903
1833,2586984,-15136.0,1624,True,-345512499761333.6,1.177812020106779e+29,1.609437942431478,215970031337472.0,250000,99503914.47156405,3189050972.823102,88230410248.10582
1847,2587594,-10033.0,855,True,-347569619356991.75,1.191854379514105e+29,1.609437942452598,215970031337472.0,250000,99725756.75342815,6378101945.646204,48898781583.28757
1844,2588133,-13035.0,1037,True,-347202546668005.8,1.1893424855603737e+29,1.6094379424330354,215970031337472.0,250000,99700849.07923414,6378101945.646204,46772747601.405495
1842,2589901,-12323.0,1287,True,-346920030561115.3,1.1874161771275217e+29,1.6094379424354135,215970031337472.0,250000,99715418.35950053,5315084954.70517,49961798574.22859
1850,2592231,-10085.0,923,True,-347810494271137.44,1.1935137904206141e+29,1.6094379424887386,215970031337472.0,250000,99932453.83939129,3189050972.823102,49961798574.22861
1839,2594094,-16664.0,1791,True,-346598635246466.8,1.1852291875354896e+29,1.6094379424300027,216852529676288.0,250000,99422428.56070799,8504135927.528273,79726274320.57755
1843,2596364,-18322.0,1623,True,-347476006208901.3,1.1912280471095587e+29,1.609437942431433,216852529676288.0,250000,99585728.62215365,3189050972.823102,81852308302.45961
1840,2596374,-20756.0,1806,True,-347084026855043.0,1.1885499901891057e+29,1.6094379424388754,216852529676288.0,250000,99595638.34625258,3189050972.823102,79726274320.57755
1856,2597866,-12427.0,642,True,-348643683981752.25,1.1992644501001141e+29,1.60943794238883,217825876639744.0,250000,99952611.86758913,3189050972.823102,32953526719.172054
1852,2599457,-16174.0,1242,True,-350009977275106.75,1.2090879750381668e+29,1.6094379412091298,238262253780992.0,250000,99646136.02477382,1063016990.941034,31890509728.231026
1846,2600841,-13941.0,1789,True,-351213224117551.94,1.218190526259362e+29,1.6094379410888977,247239909834752.0,250000,99425118.14871559,5315084954.70517,88230410248.1058
1849,2604802,-18814.0,1774,True,-359368798414545.56,1.2787045201044339e+29,1.6094379408249322,253975441965056.0,250000,99506713.20139274,8504135927.528273,68033087420.22619
1854,2605968,-13957.0,1313,True,-367048987665064.06,1.3357330475277327e+29,1.609437940098907,257275235139584.0,250000,99761098.89578198,2126033981.882068,51024815565.16964
1851,2606660,-18232.0,1739,True,-364057845308333.0,1.3139207651659183e+29,1.6094379405683317,260767093882880.0,250000,99487886.08533955,5315084954.70517,71222138393.04929
1861,2606956,-9845.0,662,True,-392040019475341.56,1.5219482409509822e+29,1.6094379374402887,261195181326336.0,250000,99881288.52686624,2126033981.882068,31890509728.23102
1853,2607315,-13129.0,1459,True,-369239835927263.56,1.3526953962805057e+29,1.6094379401864705,261391541862400.0,250000,99593163.50029446,6378101945.646204,53150849547.0517
1860,2609374,-10912.0,955,True,-391541081503870.5,1.5213690535105712e+29,1.6094379383075923,272740003086336.0,250000,99751103.43771732,5315084954.70517,57402917510.815834
1864,2609777,-7662.0,645,True,-412158423820792.9,1.6785822212998464e+29,1.6094379386236501,273740646580224.0,250000,99901389.39908692,1063016990.941034,19134305836.938614
1858,2612173,-11900.0,1392,True,-389835324605357.6,1.5123229694008567e+29,1.6094379394325888,277235911098368.0,250000,99551946.0158531,7441118936.587238,64844036447.40308
1865,2613321,-11289.0,780,True,-423623352562987.3,1.77422467577327e+29,1.609437940097772,278584396611584.0,250000,99780627.39396079,2126033981.882068,32953526719.17206
1837,2614703,-28379.0,3111,True,-370954981201753.44,1.3711299420110162e+29,1.609437941063144,279731303874560.0,250000,99093581.4014969,11693186900.351376,109490750066.92648
1857,2615589,-19866.0,1716,True,-394575393015860.5,1.5520258848001679e+29,1.6094379398824175,282698505519104.0,250000,99736963.6415499,7441118936.587238,61654985474.57998
1855,2619864,-26714.0,2055,True,-401790882047271.5,1.612413417507604e+29,1.6094379401482515,291529931358208.0,250000,99504858.35945746,4252067963.764136,49961798574.2286
1869,2623148,-12258.0,1012,True,-453758450799158.6,2.0349784044542244e+29,1.6094379408704669,296954575716352.0,250000,99830533.64644778,3189050972.823102,57402917510.81584
1870,2624499,-11530.0,1074,True,-456626124078402.25,2.0609619138959442e+29,1.6094379408399486,300675091136512.0,250000,99824920.67639071,8504135927.528273,56339900519.87481
1872,2627793,-11886.0,1126,True,-465740843946718.8,2.1440701516596928e+29,1.6094379413270823,308001533591552.0,250000,99638043.0386254,3189050972.823102,43583696628.5824
1866,2627970,-15283.0,1448,True,-456934820089018.7,2.0664745730198196e+29,1.6094379408068913,308021532033024.0,250000,99603120.85437435,9567152918.469307,93545495202.81097
1848,2628011,-25558.0,3227,True,-403267558778124.1,1.633202855552372e+29,1.6094379408194401,308021532033024.0,250000,99453158.77687532,18071288845.99758,174334786514.32947
1862,2628886,-19471.0,2032,True,-439849036991899.2,1.9252721667568232e+29,1.6094379397622478,312396325322752.0,250000,99385951.1962666,9567152918.469307,96734546175.63406
1859,2630983,-23788.0,2422,True,-434014782073821.3,1.8834755073381623e+29,1.6094379400500674,320791845535744.0,250000,99316964.98169217,4252067963.764136,64844036447.40308
1873,2631965,-14715.0,1237,True,-477772658979508.06,2.25819524553449e+29,1.609437941071384,323480528617472.0,250000,99629740.48056073,6378101945.646204,45709730610.46446
1876,2634213,-13123.0,1164,True,-489082779377241.75,2.367055118354346e+29,1.6094379408534654,332664678645760.0,250000,99652945.72875856,1063016990.941034,60591968483.63895
1877,2634296,-8588.0,902,True,-497365354090614.06,2.4466108522879083e+29,1.6094379407537485,332664678645760.0,250000,99832536.54845919,5315084954.70517,38268611673.87723
1868,2636388,-24424.0,1858,True,-478499396128622.5,2.271944200443569e+29,1.6094379407003827,339896866701312.0,250000,99413968.41657099,9567152918.469307,98860580157.51616
1871,2636990,-11460.0,1726,True,-485017798315884.9,2.3330315958740663e+29,1.609437940907713,342267520876544.0,250000,99617017.3305037,5315084954.70517,94608512193.75201
1881,2639074,-7584.0,694,True,-531483959011381.1,2.7931534305430507e+29,1.6094379399927274,351585150435328.0,250000,99927274.70929615,1063016990.941034,39331628664.81826
1867,2639168,-20595.0,2075,True,-483787735759348.4,2.3266385158686175e+29,1.6094379405731178,351585150435328.0,250000,99497872.01740801,5315084954.70517,76537223347.75443
1875,2644751,-18426.0,1878,True,-516941687818146.2,2.6601807554482555e+29,1.609437940370478,381108151648256.0,250000,99387601.63641886,2126033981.882068,77600240338.6955
1882,2645531,-13435.0,1095,True,-554510423062092.2,3.0487070476876278e+29,1.6094379395246505,388057442287616.0,250000,99833099.39650486,5315084954.70517,57402917510.815834
1885,2645901,-8225.0,871,True,-568861316666571.4,3.204963503002938e+29,1.609437939356991,390455543988224.0,250000,99985445.41586304,1063016990.941034,39331628664.81826
1863,2645978,-33254.0,3007,True,-485054436432380.75,2.3650567227999998e+29,1.6094379395960097,391123377848320.0,250000,99647990.8667091,15945254864.115513,119057902985.39578
1888,2647524,-11625.0,696,True,-591998755573053.8,3.46946024736463e+29,1.6094379389294604,399800352636928.0,250000,99939130.17942932,1063016990.941034,29764475746.348953
1874,2648265,-20655.0,2184,True,-526062887374592.94,2.765902740868587e+29,1.6094379402533336,401270238085120.0,250000,99338324.9139509,7441118936.587238,54213866537.99274
1889,2649230,-11207.0,765,True,-601953476288544.1,3.588665735502961e+29,1.6094379391350777,404522333634560.0,250000,99775811.06599127,4252067963.764136,40394645655.75929
1883,2652406,-15293.0,1470,True,-584598557276759.1,3.401815894565661e+29,1.6094379396462928,417412570677248.0,250000,99753125.39172111,3189050972.823102,60591968483.63894
1887,2652728,-16576.0,1152,True,-605149666137429.4,3.635696282043366e+29,1.6094379395427596,418356322631680.0,250000,99828916.95441733,3189050972.823102,39331628664.81827
1880,2653089,-16682.0,1581,True,-583416276014835.9,3.391473820780995e+29,1.6094379396961882,419348527185920.0,250000,99495831.01141183,2126033981.882068,60591968483.63894
1886,2653141,-13988.0,1183,True,-606269528284027.6,3.649866747305672e+29,1.6094379395951885,419348527185920.0,250000,99660242.07281943,3189050972.823102,63781019456.46205
1890,2653346,-10107.0,892,True,-626546610247266.8,3.88882365136369e+29,1.6094379394645113,419791881895936.0,250000,99929210.92933421,5315084954.70517,42520679637.64136
1897,2658777,-11230.0,657,True,-684311248757945.5,4.632387364842062e+29,1.6094379398512513,454069512568832.0,250000,99869581.1168092,1063016990.941034,20197322827.879646
1898,2658862,-4790.0,602,True,-688170841903036.0,4.684145611673285e+29,1.6094379398068321,454116253892608.0,250000,99838020.51043251,3189050972.823102,32953526719.17206
1884,2660567,-21396.0,1849,True,-624229209062653.1,3.894152373553232e+29,1.609437939579452,464982890250240.0,250000,99478877.7892863,7441118936.587238,75474206356.81342
1878,2661996,-24463.0,2428,True,-602895841524950.2,3.660091823821489e+29,1.609437939761547,475066332610560.0,250000,99362383.96021344,6378101945.646204,106301699094.10336
1901,2663665,-5304.0,661,True,-728442878093011.5,5.252670652152995e+29,1.6094379389204885,490423357276160.0,250000,99864740.56671406,2126033981.882068,25512407782.584816
1895,2663994,-16112.0,1126,True,-700499219435236.2,4.86866550536243e+29,1.6094379394214275,492113762451456.0,250000,99664724.99092218,2126033981.882068,34016543710.11309
1894,2664541,-14855.0,1165,True,-702921642576889.9,4.904254466100814e+29,1.6094379393967435,495682142076928.0,250000,99650885.67076999,2126033981.882068,49961798574.2286
1903,2665106,-10194.0,735,True,-737780095231701.9,5.390969271101539e+29,1.60943793891644,498821461180416.0,250000,99878785.10291955,3189050972.823102,28701458755.40792
1899,2665798,-8396.0,837,True,-736923659098055.8,5.382220299952701e+29,1.6094379389620739,506120389001216.0,250000,99809436.08621949,2126033981.882068,40394645655.75929
1879,2667219,-26904.0,2670,True,-630669289918638.9,4.027148060646626e+29,1.6094379395358125,515726855110656.0,250000,99352120.95998509,7441118936.587238,121183936967.27783
1904,2668409,-7869.0,602,True,-786340809741635.2,6.1211359443672905e+29,1.6094379386186997,523694522761216.0,250000,99981158.18781738,2126033981.882068,34016543710.11309
1906,2673511,-9070.0,809,True,-826332919902233.4,6.766030379105904e+29,1.6094379388947126,556365164576768.0,250000,9999732423.566906,1063016990.941034,25512407782.584816
1909,2675610,-10454.0,726,True,-857260920577167.9,7.27532276899149e+29,1.6094379393440303,568499722256384.0,250000,99877235.09286246,1063016990.941034,36142577691.995155
1908,2675809,-13231.0,759,True,-856340893640264.1,7.260944872499458e+29,1.609437939363663,569793648263168.0,250000,99881269.47487386,3189050972.823102,38268611673.87723
1911,2676322,-8703.0,701,True,-867130474692701.5,7.44197572060278e+29,1.6094379393801028,573459201523712.0,250000,99792830.97009015,2126033981.882068,28701458755.40792
1912,2677670,-7879.0,742,True,-878092832639136.1,7.632308995423796e+29,1.6094379393117768,589212202041344.0,250000,99810451.82621948,1063016990.941034,26575424773.52585
1900,2678856,-12104.0,1633,True,-812665081137211.0,6.59764339368209e+29,1.6094379387271236,616486452330496.0,250000,99576200.75217274,7441118936.587238,96734546175.63406
1902,2681397,-17648.0,1766,True,-833647570247485.1,6.96700843724738e+29,1.6094379384462993,646340971331584.0,250000,99515574.25164013,9567152918.469307,74411189365.87238
1910,2681581,-12396.0,1065,True,-902989182165030.5,8.106216518704997e+29,1.6094379379715718,652044285247488.0,250000,99660981.55892982,2126033981.882068,34016543710.11309
1905,2682126,-19459.0,1454,True,-872575164348120.2,7.604124631955585e+29,1.6094379379443486,664815907373056.0,250000,99707101.10530643,8504135927.528273,72285155383.99031
1892,2685087,-28805.0,2521,True,-818463954841114.2,6.814149846593139e+29,1.6094379384618862,698557438885888.0,250000,99183026.93455468,5315084954.70517,105238682103.16232
1896,2685236,-20303.0,2357,True,-833421597403079.5,7.047682746215829e+29,1.609437938496679,700580234264576.0,250000,99334381.43603848,6378101945.646204,107364716085.0444
1914,2687305,-8357.0,1181,True,-985037484753534.1,9.697892231438626e+29,1.6094379367134917,749479846215680.0,250000,99640184.47471675,1063016990.941034,40394645655.75929
1891,2688912,-31374.0,3109,True,-821757395338818.0,6.996968832302874e+29,1.6094379380187178,781449368174592.0,250000,99251541.20518242,10630169909.410341,137129191831.39331
1893,2689083,-23188.0,2722,True,-856832399915117.9,7.545427070792942e+29,1.6094379378954862,785421139181568.0,250000,99214949.52878672,12756203891.29241,105238682103.16234
1918,2689314,-11979.0,812,True,-1084786483582562.4,1.172379931400617e+30,1.6094379343936596,787401051996160.0,250000,99758304.52181625,2126033981.882068,27638441764.46688
1920,2694392,-7719.0,971,True,-1222984488071973.8,1.50903063640126e+30,1.6094379293685348,1001767835795456.0,250000,99760579.32185431,3189050972.823102,49961798574.22861
1925,2695572,-5406.0,646,True,-1370472550802650.8,1.8849994828185685e+30,1.6094379244205015,1046752450838528.0,250000,99887192.44694234,2126033981.882068,37205594682.93619
1924,2695871,-8663.0,674,True,-1376327760459150.0,1.9034095782698154e+30,1.6094379245085249,1058231019372544.0,250000,99892729.20902987,3189050972.823102,30827492737.28999
1913,2697619,-15049.0,1900,True,-1149416117101561.5,1.3835898365750534e+30,1.6094379319250585,1142946632040448.0,250000,99410115.02848727,10630169909.410341,97797563166.57512
1926,2698473,-6230.0,698,True,-1517198785787464.0,2.319982172224681e+30,1.6094379220531458,1184692371980288.0,250000,9999768910.457443,2126033981.882068,46772747601.4055
1928,2700091,-8850.0,688,True,-1632579879887419.5,2.686916294236279e+30,1.6094379192218184,1280405852389376.0,250000,99780174.50200647,1063016990.941034,27638441764.46688
1922,2702877,-10671.0,1331,True,-1534903072200567.0,2.4727770572564468e+30,1.6094379239763916,1455302289391616.0,250000,99576510.75418416,7441118936.587238,56339900519.87481
1930,2704296,-10263.0,619,True,-2016474199993249.8,4.091603034055341e+30,1.6094379155431695,1593612450136064.0,250000,99902028.45510215,1063016990.941034,17008271855.056543
1923,2707678,-16748.0,1597,True,-1769306527395401.5,3.4310255420877986e+30,1.6094379194859945,1957718302654464.0,250000,99822221.56238692,4252067963.764136,63781019456.46204
1919,2708406,-21603.0,1921,True,-1694175451890781.2,3.242811927224395e+30,1.6094379209016898,2056278272638976.0,250000,99865556.260794,5315084954.70517,57402917510.81584
1934,2709065,-11490.0,662,True,-2552807487253525.5,6.640741666112628e+30,1.6094379055446009,2158976309395456.0,250000,99926840.86933422,1063016990.941034,12756203891.292408
1932,2709311,-10296.0,840,True,-2423958507850488.5,6.073010548542129e+30,1.6094379081435146,2187619580510208.0,250000,99896510.74500701,4252067963.764136,32953526719.172054
1931,2709684,-15105.0,882,True,-2437995810796904.0,6.172777910810054e+30,1.6094379080565067,2238404213342208.0,250000,99918566.88925813,1063016990.941034,24449390791.643784
1921,2709797,-20913.0,1775,True,-1871308477441850.8,3.9619200547882844e+30,1.6094379177479676,2252391713865728.0,250000,99571746.41205856,8504135927.528273,90356444229.98787
1929,2710034,-12052.0,1295,True,-2168990079074063.5,5.084999202882213e+30,1.609437911356278,2283336684797952.0,250000,99629683.32458358,8504135927.528273,57402917510.81584
1927,2710800,-13881.0,1368,True,-2208598988180953.0,5.335590548140143e+30,1.6094379111884805,2397951108317184.0,250000,99743702.30769832,1063016990.941034,53150849547.05171
1907,2710828,-23124.0,3052,True,-1519922853848639.8,2.9100168489747906e+30,1.6094379253822182,2398884458397696.0,250000,99015715.89895296,12756203891.29241,147759361740.80365
1936,2711981,-11722.0,569,True,-3156707953094807.0,1.0121726829039253e+31,1.6094378985870492,2550571429003264.0,250000,99860668.08071789,1063016990.941034,13819220882.233442
1941,2715535,-5098.0,389,True,-4290452840883502.5,1.8440493633925552e+31,1.6094378941239917,3232549690146816.0,250000,9999871407.380478,2126033981.882068,22323356809.761715
1917,2717169,-21608.0,2585,True,-2239983718192655.2,6.673552419951586e+30,1.6094379154637428,3649109709815808.0,250000,99571588.82598624,9567152918.469307,93545495202.81097
1916,2717354,-22516.0,2609,True,-2250761827044074.5,6.774716521205695e+30,1.6094379154669,3691307226628096.0,250000,99270978.79926226,7441118936.587238,83978342284.34169
1943,2717797,-5822.0,500,True,-4719278706885919.0,2.253997934798642e+31,1.6094378913342953,3795400054013952.0,250000,99905318.9951402,1063016990.941034,24449390791.643784
1939,2719366,-8762.0,685,True,-4810641961330876.0,2.3890209260486805e+31,1.6094378900788997,4260679229898752.0,250000,99981101.03184022,4252067963.764136,44646713619.52343
1935,2719963,-13521.0,1242,True,-3951463428589525.0,1.7494254211822962e+31,1.6094378961577123,4446846197956608.0,250000,99619678.34052272,9567152918.469307,54213866537.99274
1946,2720828,-9764.0,625,True,-5462893948802433.0,3.068198064841976e+31,1.6094378879070281,4727435606097920.0,250000,99845755.86458854,1063016990.941034,20197322827.87965
1938,2721310,-12284.0,852,True,-5090418476254107.0,2.741041766259121e+31,1.6094378891790138,4884967490322432.0,250000,99928252.34531137,3189050972.823102,36142577691.99516
1937,2722808,-14180.0,1157,True,-4940285019040493.0,2.7166587704499866e+31,1.6094378907693905,5412696564432896.0,250000,99626240.36860643,1063016990.941034,54213866537.99274
1942,2725716,-10652.0,1002,True,-6441854513100526.0,4.525540734018984e+31,1.6094378862314358,6722988544098304.0,250000,99885509.07293855,2126033981.882068,42520679637.641365
1944,2727650,-13047.0,1101,True,-7052527800082112.0,5.5294574609416355e+31,1.6094378857424214,7668703298584576.0,250000,99806980.29225376,6378101945.646204,45709730610.46446
1947,2728301,-13842.0,1020,True,-7654771166788540.0,6.42441819914098e+31,1.6094378838936487,8039553323499520.0,250000,99850653.57066084,2126033981.882068,54213866537.992744
1915,2729335,-18641.0,3489,True,-3729095355504816.5,2.4879050329844037e+31,1.609437908965525,8746415282978816.0,250000,98936057.06631386,21260339818.82068,153074446695.50885
1953,2730475,-12174.0,657,True,-1.0646395769694592e+16,1.1742292159084902e+32,1.6094378809950667,9396107469651968.0,250000,99809512.29418904,2126033981.882068,15945254864.115509
1945,2732208,-19792.0,1338,True,-8784377312239873.0,9.04785643713449e+31,1.6094378844037185,1.0607293615833088e+16,250000,99802807.37616242,1063016990.941034,60591968483.63892
1956,2733160,-9186.0,647,True,-1.2951276163438526e+16,1.733743762623962e+32,1.6094378807813712,1.1334603377737728e+16,250000,99920278.84125051,5315084954.70517,32953526719.17206
1933,2734019,-14378.0,2275,True,-7028897518981864.0,7.205870979897631e+31,1.609437891965384,1.1981001324494848e+16,250000,99417588.01061285,8504135927.528273,113742818030.6906
1950,2734650,-12365.0,1081,True,-1.1685106722483394e+16,1.5159631628692138e+32,1.6094378821283,1.250827083710464e+16,250000,99737769.80963364,2126033981.882068,55276883528.93376
1940,2739305,-15904.0,1890,True,-1.1652986464951566e+16,1.823880614154463e+32,1.609437884161712,1.7692052623982592e+16,250000,99416018.94856337,6378101945.646204,76537223347.75444
1954,2740268,-17973.0,1215,True,-1.6443844739802658e+16,3.0938607401105837e+32,1.6094378805822795,1.908338795216896e+16,250000,99604551.38234389,4252067963.764136,55276883528.93378
1961,2740331,-7974.0,616,True,-2.1925859997491944e+16,4.958104125790859e+32,1.609437880190936,1.918038119861453e+16,250000,99888217.71293853,1063016990.941034,35079560701.05412
1963,2740344,-8324.0,449,True,-2.3927732883131896e+16,5.7966826615348056e+32,1.6094378789509325,1.922066584436736e+16,250000,9999851416.464321,1063016990.941034,14882237873.174479
1948,2740543,-13586.0,1563,True,-1.4461589523467336e+16,2.5938572627184604e+32,1.609437881107904,1.9466159732555776e+16,250000,99924585.12128855,1063016990.941034,73348172374.93134
1952,2742534,-15666.0,1448,True,-1.7505141707589666e+16,3.7031873538319856e+32,1.6094378807803214,2.234591812465459e+16,250000,99714669.34739394,8504135927.528273,72285155383.99031
1949,2743953,-15801.0,1674,True,-1.7680871201632046e+16,3.996486019830074e+32,1.6094378806392495,2.502557184294912e+16,250000,99669493.68891074,17008271855.056547,92482478211.86996
1966,2746969,-8116.0,479,True,-3.835453930008321e+16,1.4938385254519095e+33,1.6094378784827748,3.109247943652147e+16,250000,99903607.04314782,1063016990.941034,21260339818.82068
1955,2747182,-16818.0,1617,True,-2.2882341594176416e+16,6.61972693253035e+32,1.609437880098783,3.155959148969984e+16,250000,99523595.38568196,3189050972.823102,56339900519.8748
1967,2748188,-6482.0,495,True,-4.157282333579958e+16,1.7575489467928038e+33,1.6094378790771118,3.400230045220864e+16,250000,99943388.8294864,2126033981.882068,22323356809.76171
1964,2748659,-14415.0,915,True,-3.4738800956248944e+16,1.3067037455652115e+33,1.6094378788614534,3.5084595703578624e+16,250000,9999697248.536558,4252067963.764136,29764475746.348953
1951,2748853,-16001.0,1941,True,-2.274587743110131e+16,7.118381802630246e+32,1.6094378802209464,3.575447316280115e+16,250000,99576052.6920966,5315084954.70517,68033087420.22617
1960,2751159,-14972.0,1364,True,-3.4070104341950668e+16,1.3855770641027037e+33,1.6094378794262136,4.275008153478758e+16,250000,9999548626.896898,1063016990.941034,53150849547.05168
1957,2754660,-19936.0,1809,True,-3.675668857176091e+16,1.813087450160855e+33,1.609437878583926,5.630893680597402e+16,250000,9999401207.161314,7441118936.587238,71222138393.04929
1970,2755535,-15171.0,937,True,-5.75180480380416e+16,3.6155483575872043e+33,1.609437876682144,5.976497243501363e+16,250000,9999689980.77047,3189050972.823102,30827492737.289986
1977,2756437,-6833.0,474,True,-7.823879874279038e+16,6.220291625773537e+33,1.6094378753867833,6.338789760827392e+16,250000,99928080.8773799,1063016990.941034,15945254864.11551
1972,2760657,-8686.0,1044,True,-8.02338835164213e+16,7.192048980891131e+33,1.60943787600631,8.851140759047373e+16,250000,99673685.65699446,4252067963.764136,54213866537.992744
1978,2761351,-8758.0,637,True,-1.0400066946180109e+17,1.1229907001317975e+34,1.6094378744320743,9.373878651663155e+16,250000,99818978.65232983,1063016990.941034,22323356809.761715
1975,2763116,-12714.0,933,True,-1.0229606141775264e+17,1.1452676527188944e+34,1.6094378743236855,1.0736347075156378e+17,250000,99726806.24154995,2126033981.882068,35079560701.05413
1976,2763507,-9479.0,928,True,-1.0565418398133736e+17,1.2208270717327815e+34,1.6094378740847881,1.10611093092565e+17,250000,99714416.50135969,2126033981.882068,58465934501.75687
1979,2764116,-6718.0,591,True,-1.3176635141740571e+17,1.7947010174327655e+34,1.6094378750084217,1.1604286092240486e+17,250000,99815754.79426514,1063016990.941034,34016543710.11309
1968,2766923,-14579.0,1662,True,-9.86079920046423e+16,1.2753715603630454e+34,1.6094378753241363,1.453267811701883e+17,250000,99514682.34959064,11693186900.351376,69096104411.16722
1974,2766942,-11941.0,1235,True,-1.190205191489929e+17,1.6646425831587503e+34,1.6094378740078041,1.4555035998774886e+17,250000,99696337.5831428,5315084954.70517,38268611673.87723
1980,2767119,-14951.0,724,True,-1.5526726511397098e+17,2.5490297169931106e+34,1.609437873535558,1.4734922973026714e+17,250000,9999760297.89735,1063016990.941034,13819220882.233444
1962,2768272,-23932.0,2254,True,-8.71164285566837e+16,1.1768713657575217e+34,1.6094378763156965,1.608510263609262e+17,250000,99616058.74648087,10630169909.410341,100986614139.39821
1971,2769014,-17083.0,1655,True,-1.1615100669178686e+17,1.7709772992909017e+34,1.6094378748419063,1.6995671780569907e+17,250000,99641247.84469771,6378101945.646204,61654985474.57998
1958,2769874,-18739.0,2639,True,-8.640978363942974e+16,inf,1.6094378767060078,1.8206380111639347e+17,250000,99160474.62423123,8504135927.528273,94608512193.75201
1969,2773624,-18198.0,2080,True,-1.4053288906187282e+17,inf,1.6094378749051919,2.453181209467945e+17,250000,99585428.14613843,8504135927.528273,87167393257.1648
1959,2774269,-20541.0,2873,True,-1.1277131874957872e+17,inf,1.6094378761265113,2.5883196066575155e+17,250000,99054610.9533753,7441118936.587238,117994885994.45471
1981,2774421,-10860.0,1124,True,-2.2464730459143914e+17,inf,1.6094378725065455,2.6150064718505574e+17,250000,99683447.32101725,3189050972.823102,30827492737.289986
1990,2775984,-7972.0,482,True,-3.561476624427439e+17,inf,1.6094378720798928,2.959586715846574e+17,250000,99851397.4126342,3189050972.823102,25512407782.584816
1985,2776227,-7145.0,795,True,-3.060998023215784e+17,inf,1.6094378722163867,3.0082816806590874e+17,250000,99770426.71984284,4252067963.764136,34016543710.113087
1982,2776513,-11334.0,991,True,-2.8309932879566547e+17,inf,1.6094378724799507,3.069065775818998e+17,250000,99939807.33942932,3189050972.823102,30827492737.289986
1973,2779401,-19494.0,2027,True,-2.2498802321817078e+17,inf,1.6094378737625255,3.844833420341412e+17,250000,99333598.67581008,6378101945.646204,104175665112.22131
1984,2779500,-19033.0,1024,True,-3.5190973157238374e+17,inf,1.6094378728448646,3.8736292862754816e+17,250000,99689480.2491771,1063016990.941034,32953526719.172054
1987,2780427,-11430.0,844,True,-4.146222835884559e+17,inf,1.6094378729249346,4.187465295373271e+17,250000,99758247.3658391,1063016990.941034,49961798574.2286
1983,2781239,-17939.0,1243,True,-3.630761178726182e+17,inf,1.6094378724346599,4.488845555715277e+17,250000,99779678.33593415,7441118936.587238,59528951492.69791
1988,2783070,-10816.0,1008,True,-4.714220499241575e+17,inf,1.609437871162617,5.282196452750131e+17,250000,99800671.11020431,1063016990.941034,58465934501.756874
1965,2784106,-39442.0,3091,True,-2.2844435752274806e+17,inf,1.6094378738997632,5.778321869006438e+17,250000,99337933.53383671,11693186900.351376,130751089885.74713
1986,2784324,-18961.0,1263,True,-4.610673421679157e+17,inf,1.6094378706890726,5.861306821918065e+17,250000,99920908.37126954,4252067963.764136,54213866537.99274
1993,2784792,-10091.0,698,True,-6.386654842398372e+17,inf,1.6094378695575078,6.062724982620815e+17,250000,99941366.8754826,3189050972.823102,28701458755.407917
2005,2791620,-6316.0,456,True,-1.2892031479647516e+18,inf,1.6094378665939235,1.0668457557900657e+18,250000,9999849084.508303,1063016990.941034,30827492737.28999
1995,2792997,-10843.0,1161,True,-9.832518518128212e+17,inf,1.6094378676268686,1.203965782170534e+18,250000,99794862.45009014,7441118936.587238,58465934501.756874
2001,2793259,-15151.0,802,True,-1.2137565041582858e+18,inf,1.6094378648962167,1.2328132564316324e+18,250000,9999734726.944939,1063016990.941034,24449390791.64378
1997,2793619,-9070.0,1087,True,-1.0746169232151461e+18,inf,1.6094378668338527,1.2710883557061427e+18,250000,9999640117.79202,3189050972.823102,76537223347.75443
1991,2795510,-23821.0,1656,True,-9.631146074407007e+17,inf,1.6094378684849844,1.4719087944002437e+18,250000,99486488.49122155,4252067963.764136,76537223347.75446
2003,2797358,-10825.0,893,True,-1.622692223929386e+18,inf,1.6094378666975198,1.707483283819856e+18,250000,99951333.75555868,1063016990.941034,38268611673.87723
1992,2797554,-21271.0,1730,True,-1.1037909408620919e+18,inf,1.6094378684642,1.735576767982207e+18,250000,99455905.52086008,1063016990.941034,60591968483.63894
1999,2797769,-15428.0,1148,True,-1.4709096532025792e+18,inf,1.609437866065041,1.7694162999113155e+18,250000,99882047.06496902,5315084954.70517,58465934501.756874
2000,2797804,-9055.0,1144,True,-1.4777797666294797e+18,inf,1.6094378660452533,1.7742421938845778e+18,250000,99886601.02090809,2126033981.882068,44646713619.52344
1994,2798877,-15234.0,1538,True,-1.3379168191861532e+18,inf,1.6094378684253778,1.9121227387140833e+18,250000,99718393.72739393,1063016990.941034,59528951492.69788
1989,2798911,-19381.0,1987,True,-1.1100822787756744e+18,inf,1.6094378692964604,1.9157878232863212e+18,250000,99460202.27490193,8504135927.528273,70159121402.10825
1998,2800257,-12938.0,1484,True,-1.5314419040821596e+18,inf,1.6094378682902721,2.1186595383609917e+18,250000,99632182.39266731,1063016990.941034,72285155383.99031
2009,2803035,-6009.0,611,True,-2.989316197983937e+18,inf,1.6094378709500432,2.6680798637635666e+18,250000,9999797823.935707,1063016990.941034,29764475746.348957
2004,2805514,-11090.0,1338,True,-2.505501289116642e+18,inf,1.6094378687341118,3.256106104001659e+18,250000,99622415.55851129,6378101945.646204,45709730610.46446
2007,2806164,-15396.0,909,True,-3.264464998288645e+18,inf,1.6094378697531189,3.431375679172641e+18,250000,99737421.70363745,1063016990.941034,29764475746.348957
2008,2806197,-12546.0,825,True,-3.420365342592812e+18,inf,1.6094378706361308,3.438162964450902e+18,250000,99771065.77585806,3189050972.823102,27638441764.466885
2020,2811930,-6492.0,401,True,-6.884062661492749e+18,inf,1.6094378697455969,5.472874652592243e+18,250000,99978478.12580597,1063016990.941034,20197322827.879646
2013,2812498,-12178.0,934,True,-5.35868760533955e+18,inf,1.6094378702486098,5.766059977894527e+18,250000,99824939.7283831,2126033981.882068,45709730610.46447
2006,2814776,-22524.0,1874,True,-4.1888204560964685e+18,inf,1.6094378686033928,6.944909615951774e+18,250000,99522093.00560583,2126033981.882068,82915325293.4006
2016,2815613,-13518.0,1046,True,-6.520519676901868e+18,inf,1.6094378699507585,7.38546028570162e+18,250000,99971172.25574891,3189050972.823102,68033087420.22617
2018,2816481,-12993.0,1014,True,-7.10887022930124e+18,inf,1.609437869071843,7.97134330289927e+18,250000,99694001.27126463,1063016990.941034,43583696628.5824
1996,2816528,-22040.0,2534,True,-3.7630913466455823e+18,inf,1.6094378687223772,8.014456803091808e+18,250000,99188539.47451659,3189050972.823102,100986614139.3982
2019,2817211,-13888.0,886,True,-8.068625191584581e+18,inf,1.6094378692604618,8.468860769595818e+18,250000,99715713.66538252,4252067963.764136,53150849547.05171
2017,2818879,-13965.0,1248,True,-7.692909379489521e+18,inf,1.609437870196043,9.588536341113602e+18,250000,99678969.57304773,3189050972.823102,57402917510.81584
2010,2819859,-17782.0,1640,True,-6.964420898526937e+18,inf,1.609437870479575,1.0394846700668715e+19,250000,99478090.67319494,6378101945.646204,75474206356.81342
2021,2819876,-12349.0,857,True,-1.0157900901341247e+19,inf,1.6094378700160368,1.0407304167411417e+19,250000,99800699.68819289,5315084954.70517,37205594682.93619
2002,2820791,-17025.0,2472,True,-5.432950766057582e+18,inf,1.6094378686380424,1.1221472736570245e+19,250000,99327156.12981392,15945254864.115513,125436004931.04196
2015,2821036,-13157.0,1452,True,-8.323988251687774e+18,inf,1.6094378706570664,1.144205456031141e+19,250000,99569781.61403193,5315084954.70517,83978342284.34167
2022,2826213,-9194.0,1251,True,-1.3940841131691987e+19,inf,1.6094378691187485,1.7653719113152856e+19,250000,99616764.48446944,9567152918.469307,60591968483.638954
2012,2827710,-22891.0,1897,True,-1.1850924434694083e+19,inf,1.6094378694287086,2.020460368177922e+19,250000,99408355.44651392,2126033981.882068,78663257329.6365
2011,2827814,-21298.0,2019,True,-1.137881019297749e+19,inf,1.609437869408746,2.0391597624315085e+19,250000,99339903.50199658,8504135927.528273,103112648121.28027
2033,2828679,-5491.0,493,True,-2.5666563872456925e+19,inf,1.6094378666993812,2.176046761066365e+19,250000,9999836852.354158,1063016990.941034,24449390791.643784
2032,2830084,-7774.0,638,True,-2.6500496982487253e+19,inf,1.6094378661072366,2.46914423538959e+19,250000,99841449.5845505,2126033981.882068,23386373800.70275
2031,2830579,-7093.0,670,True,-2.7136650523924767e+19,inf,1.609437866108631,2.5748501837723468e+19,250000,99872337.38679016,5315084954.70517,45709730610.46446
2023,2831610,-12022.0,1230,True,-2.2056896462081393e+19,inf,1.6094378678415848,2.7965838558947705e+19,250000,99777427.75802171,4252067963.764136,70159121402.10823
2029,2832171,-10487.0,935,True,-2.683223786257978e+19,inf,1.6094378678875174,2.9234474866284954e+19,250000,99747331.42773637,2126033981.882068,45709730610.46447
2028,2834064,-11923.0,1096,True,-2.8904254545610506e+19,inf,1.609437867645582,3.427766642205629e+19,250000,99731584.4655347,1063016990.941034,39331628664.81826
2027,2834209,-13803.0,1108,True,-2.9076597959088734e+19,inf,1.6094378675956158,3.466069449173159e+19,250000,99774599.63593417,2126033981.882068,55276883528.93377
2024,2834290,-12000.0,1362,True,-2.586146499272469e+19,inf,1.6094378679990768,3.4862914471288898e+19,250000,99565599.1719444,2126033981.882068,52087832556.11067
2014,2835737,-22097.0,2373,True,-1.9229140427091493e+19,inf,1.609437868708656,3.953772125324365e+19,250000,99404478.65057485,10630169909.410341,76537223347.75444
2034,2840508,-10894.0,1217,True,-4.662973341308526e+19,inf,1.6094378663706015,5.829693333742761e+19,250000,99642158.79873958,2126033981.882068,39331628664.81826
2041,2840570,-7173.0,560,True,-6.685314094920262e+19,inf,1.6094378672540188,5.854765277488611e+19,250000,9999814853.365822,1063016990.941034,29764475746.348957
2040,2840883,-9814.0,644,True,-6.53051650991199e+19,inf,1.6094378673974772,6.005439712131128e+19,250000,99976174.74777934,1063016990.941034,36142577691.99516
2038,2843911,-11997.0,952,True,-7.076181894677323e+19,inf,1.6094378674981975,7.66035644453864e+19,250000,99831783.18048964,2126033981.882068,32953526719.17206
2035,2844741,-13298.0,1158,True,-6.805131360150559e+19,inf,1.609437867085448,8.257393017639613e+19,250000,99649946.13873954,2126033981.882068,63781019456.462036
2036,2847310,-12766.0,1225,True,-8.162499361276758e+19,inf,1.609437866867805,1.03487969546742e+20,250000,99650366.09684232,7441118936.587238,73348172374.93135
2049,2849075,-6560.0,512,True,-1.3876009707952826e+20,inf,1.6094378663983662,1.19858255125071e+20,250000,99983828.72383259,1063016990.941034,27638441764.466885
2042,2849707,-10957.0,1096,True,-1.0637565975001373e+20,inf,1.6094378669793805,1.2577051386557602e+20,250000,99664434.04090315,2126033981.882068,51024815565.16963
2030,2850367,-15903.0,1968,True,-7.556771947734739e+19,inf,1.6094378668633176,1.3293848525374541e+20,250000,99429958.69881073,7441118936.587238,102049631130.33923
2043,2851328,-11099.0,1079,True,-1.2270334078839798e+20,inf,1.6094378677643042,1.4256342532534305e+20,250000,99787885.63403688,8504135927.528273,58465934501.756874
2026,2851437,-17404.0,2239,True,-7.431638967843576e+19,inf,1.609437867619726,1.4370623132297436e+20,250000,99614628.21851133,12756203891.29241,104175665112.22133
2044,2851697,-10557.0,1093,True,-1.255783847113222e+20,inf,1.6094378677673113,1.47050171638483e+20,250000,99707310.67722268,7441118936.587238,54213866537.99274
2047,2853292,-13321.0,799,True,-1.6722002616900318e+20,inf,1.6094378684839707,1.6698854837080556e+20,250000,99899009.81309074,1063016990.941034,19134305836.93861
2048,2854890,-9762.0,895,True,-1.8108384469443124e+20,inf,1.6094378676993888,1.9264895073984184e+20,250000,99753478.66785054,3189050972.823102,25512407782.584816
2045,2858130,-12186.0,1490,True,-1.7603181041998158e+20,inf,1.6094378678790675,2.5017128253354777e+20,250000,99709218.31927216,4252067963.764136,51024815565.169624
2039,2859812,-14303.0,1858,True,-1.7220073310531676e+20,inf,1.6094378677584769,2.8696176843167682e+20,250000,99424646.20476888,6378101945.646204,81852308302.4596
2054,2860411,-11511.0,669,True,-3.224313342592016e+20,inf,1.6094378689345759,3.0156627352016965e+20,250000,9999778548.283531,1063016990.941034,23386373800.702747
2037,2862774,-17966.0,2185,True,-1.930082470442659e+20,inf,1.60943786763081,3.6644914077048714e+20,250000,99325982.8037416,10630169909.410341,117994885994.45473
2055,2864255,-13908.0,868,True,-3.969166855880005e+20,inf,1.6094378679819097,4.179508283654684e+20,250000,99900354.60709454,1063016990.941034,31890509728.231026
2056,2865296,-10009.0,873,True,-4.320809724395615e+20,inf,1.6094378665311504,4.608573960716131e+20,250000,99734951.2135423,1063016990.941034,38268611673.87723
2025,2870376,-26691.0,3475,True,-2.410089162824471e+20,inf,1.6094378672357943,7.042586952418743e+20,250000,98872507.18373178,10630169909.410341,132877123867.62918
2052,2871902,-12764.0,1537,True,-5.441458785042783e+20,inf,1.6094378666805615,8.019785740127453e+20,250000,99593683.07422213,8504135927.528273,90356444229.98788
2053,2874595,-14720.0,1595,True,-6.63848942025596e+20,inf,1.6094378670741771,9.962222036409553e+20,250000,99502459.7214689,6378101945.646204,75474206356.81342
2062,2875172,-12128.0,960,True,-9.500129437155546e+20,inf,1.6094378664313505,1.0301970777548616e+21,250000,99748065.74371353,2126033981.882068,40394645655.75929
2046,2876985,-25424.0,2578,True,-5.4977548655817517e+20,inf,1.6094378677447514,1.191185353678382e+21,250000,99309487.64370362,4252067963.764136,116931869003.5137
2064,2878502,-10052.0,983,True,-1.2320990563399513e+21,inf,1.609437866771209,1.357266285986784e+21,250000,99914026.81517822,5315084954.70517,62718002465.52101
2060,2878906,-17044.0,1501,True,-9.874525135892231e+20,inf,1.6094378671155303,1.4151072826384984e+21,250000,99659331.11877756,9567152918.469307,55276883528.93378
2057,2879005,-13302.0,1723,True,-9.017676393758323e+20,inf,1.6094378670823484,1.4252434780248259e+21,250000,99485697.01926723,10630169909.410341,91419461220.9289
2058,2881489,-13601.0,1862,True,-1.0439154934919998e+21,inf,1.6094378672788274,1.7445470027555338e+21,250000,99431036.76492111,3189050972.823102,89293427239.04683
2065,2885247,-11154.0,1312,True,-1.8305710482582085e+21,inf,1.609437865988783,2.4364178435348837e+21,250000,99681687.7390439,6378101945.646204,62718002465.521
2051,2885333,-21296.0,2537,True,-1.1139437762296595e+21,inf,1.6094378665718077,2.451754852065894e+21,250000,99280821.84138782,17008271855.056547,131814106876.68817
2059,2885340,-18004.0,2003,True,-1.360924503859691e+21,inf,1.6094378662582522,2.454113049420776e+21,250000,99379131.96628568,11693186900.351376,91419461220.92892
2073,2889098,-9108.0,637,True,-3.610246661538812e+21,inf,1.6094378650749872,3.343248027803418e+21,250000,99983161.08982879,1063016990.941034,19134305836.938614
2075,2891489,-9058.0,625,True,-4.447001601923118e+21,inf,1.6094378639698028,4.094405098502403e+21,250000,99833194.6564668,1063016990.941034,18071288845.99758
2070,2892340,-14018.0,1073,True,-3.729643784376207e+21,inf,1.6094378655548975,4.3940129746877363e+21,250000,99716963.19942439,1063016990.941034,30827492737.289986
2074,2893517,-12684.0,907,True,-4.5024082255870773e+21,inf,1.6094378649104129,4.866624097283717e+21,250000,9999699852.39061,1063016990.941034,41457662646.700325
2061,2895234,-25519.0,2319,True,-2.764697424313858e+21,inf,1.6094378660392432,5.609104983300573e+21,250000,99320455.56765027,6378101945.646204,80789291311.51859
2067,2897336,-17159.0,1685,True,-4.252848022484963e+21,inf,1.6094378670174574,6.610149345873791e+21,250000,99590883.53012317,2126033981.882068,57402917510.815834
2050,2897927,-23425.0,3376,True,-2.4654744635045084e+21,inf,1.6094378665778168,6.970798166983574e+21,250000,99034190.553147,14882237873.174479,135003157849.51128
2069,2898643,-13164.0,1503,True,-5.138465585870213e+21,inf,1.6094378666903921,7.412313060052467e+21,250000,99557258.50989495,11693186900.351376,76537223347.75446
2081,2900996,-7019.0,541,True,-1.037445007859331e+22,inf,1.6094378670075022,9.048488819074678e+21,250000,99949445.1655016,1063016990.941034,19134305836.938614
2080,2902081,-8847.0,662,True,-1.0591983635127362e+22,inf,1.609437866175823,9.986465335416153e+21,250000,99803923.54625759,2126033981.882068,34016543710.11309
2077,2902149,-13833.0,1051,True,-8.612999615596598e+21,inf,1.6094378661417486,1.0044959213276348e+22,250000,99741050.8236755,1063016990.941034,39331628664.81826
2078,2902572,-8747.0,1077,True,-8.814210033994881e+21,inf,1.609437866214258,1.040069291834281e+22,250000,99934738.16542554,4252067963.764136,40394645655.7593
2076,2904351,-15637.0,1194,True,-9.658776665825057e+21,inf,1.6094378656278703,1.2226388030984118e+22,250000,99800690.1621967,1063016990.941034,59528951492.697914
2068,2906190,-26201.0,2143,True,-7.434654739367724e+21,inf,1.609437865989541,1.436915794949054e+22,250000,99467389.47714171,14882237873.174479,102049631130.33926
2084,2906984,-6415.0,603,True,-1.6707792324832856e+22,inf,1.6094378630814465,1.5321000486134736e+22,250000,99876228.87885866,4252067963.764136,42520679637.641365
2086,2908435,-7956.0,612,True,-1.8826906479876647e+22,inf,1.6094378632998545,1.7322796477305393e+22,250000,99833881.34246299,2126033981.882068,23386373800.70275
2083,2909586,-11426.0,897,True,-1.7654643781162332e+22,inf,1.609437864925816,1.9068819534838797e+22,250000,99779573.54997602,1063016990.941034,44646713619.52344
2063,2910379,-32664.0,3123,True,-7.611395562186742e+21,inf,1.6094378656515356,2.0348891167725195e+22,250000,99721779.5273939,6378101945.646204,143507293777.0395
2079,2911706,-19204.0,1413,True,-1.6282331548476928e+22,inf,1.6094378645189755,2.3054797939037465e+22,250000,99813036.62826896,3189050972.823102,53150849547.05171
2082,2912621,-12546.0,1194,True,-1.959910108696923e+22,inf,1.6094378648665881,2.468262852795016e+22,250000,99718374.67540154,3189050972.823102,44646713619.52344
2071,2912777,-21477.0,2237,True,-1.2583438302900879e+22,inf,1.609437864721754,2.503815844513348e+22,250000,99409947.91641875,10630169909.410341,115868852012.57266
2089,2913061,-8010.0,682,True,-2.6871824100167304e+22,inf,1.609437863956973,2.548275605214731e+22,250000,99936507.27339508,2126033981.882068,53150849547.0517
2092,2913710,-8513.0,470,True,-3.2206510617442428e+22,inf,1.6094378657163457,2.6882526607729775e+22,250000,99873257.86682822,1063016990.941034,12756203891.292408
2088,2920353,-14005.0,1142,True,-3.888917387807e+22,inf,1.609437863262543,4.809176518206951e+22,250000,99704230.52337116,4252067963.764136,75474206356.8134
2096,2920379,-8275.0,625,True,-5.174812653196185e+22,inf,1.609437862610817,4.82332367571641e+22,250000,99858860.86876358,1063016990.941034,26575424773.52585
2093,2928712,-13145.0,1358,True,-7.24538554836964e+22,inf,1.6094378628637724,1.0061416267034685e+23,250000,99793517.65608634,4252067963.764136,42520679637.641365
2085,2930023,-26621.0,2006,True,-6.090915824430697e+22,inf,1.6094378625689927,1.1410171397118185e+23,250000,99387177.32245313,10630169909.410341,82915325293.40065
2094,2932515,-21005.0,1505,True,-9.428136589572977e+22,inf,1.609437862098019,1.4211188788240967e+23,250000,99640665.94465965,1063016990.941034,46772747601.405495
2098,2932973,-11085.0,1272,True,-1.0999349876189297e+23,inf,1.609437861591109,1.4838247482357898e+23,250000,99593587.8142602,4252067963.764136,58465934501.756874
2090,2933276,-18561.0,1919,True,-8.405001787646162e+22,inf,1.6094378621830425,1.5206360907260057e+23,250000,99560630.42803578,8504135927.528273,130751089885.74713
2095,2934226,-10308.0,1540,True,-1.0792291566752584e+23,inf,1.609437862135373,1.64500893918735e+23,250000,99520156.78556778,4252067963.764136,53150849547.05171
2103,2934395,-17092.0,876,True,-1.54346376155289e+23,inf,1.6094378613649982,1.6720042359297492e+23,250000,9999710024.486769,1063016990.941034,21260339818.82068
2072,2935286,-31252.0,3549,True,-5.789162165416167e+22,inf,1.6094378636660258,1.807102316831684e+23,250000,98855463.05750728,18071288845.99758,129688072894.8061
2099,2936233,-16432.0,1466,True,-1.3354059778606268e+23,inf,1.609437861778401,1.9782962083150378e+23,250000,99734726.94549662,2126033981.882068,83978342284.34167
2102,2936881,-14715.0,1033,True,-1.763350633317393e+23,inf,1.6094378611471392,2.0969792090071623e+23,250000,99978130.01980978,4252067963.764136,54213866537.992744
2091,2937711,-16448.0,2085,True,-1.161583370056161e+23,inf,1.6094378624888632,2.2442701553962547e+23,250000,99448523.44283347,10630169909.410341,79726274320.57756
2100,2938053,-16526.0,1562,True,-1.498199570202801e+23,inf,1.6094378618840677,2.304285124030594e+23,250000,99502306.49125953,1063016990.941034,78663257329.63647
2112,2944073,-6896.0,490,True,-4.609877881080422e+23,inf,1.609437861095886,3.988531584899417e+23,250000,9999837706.152239,1063016990.941034,11693186900.351376
2108,2944668,-6774.0,712,True,-4.2401368593256296e+23,inf,1.6094378616786404,4.188069150853605e+23,250000,99865794.41069883,3189050972.823102,39331628664.81826
2110,2944939,-6165.0,659,True,-4.4844486858001415e+23,inf,1.6094378611250966,4.2942611477632395e+23,250000,9999781915.03154,3189050972.823102,39331628664.81826
2097,2945098,-17330.0,2087,True,-2.238388341978844e+23,inf,1.6094378619372245,4.3563484928021095e+23,250000,99469907.59721783,22323356809.76171,138192208822.33438
2066,2945296,-32759.0,5000,False,-1.0042277850027188e+23,inf,1.609437864035368,4.439965926363572e+23,250000,98530092.60239515,13819220882.233444,248745975880.20172
2087,2945924,-19525.0,2808,True,-1.8535769236966376e+23,inf,1.6094378618645533,4.724317802516192e+23,250000,99370748.03011823,17008271855.056547,120120919976.3368
2105,2947047,-18537.0,1064,True,-4.3016408488404335e+23,inf,1.6094378607305593,5.249169464817771e+23,250000,99931590.51533039,1063016990.941034,38268611673.87723
2113,2950433,-11059.0,847,True,-6.586030528201943e+23,inf,1.6094378593609775,7.160982814857625e+23,250000,99796751.04014723,1063016990.941034,39331628664.81826
2104,2950920,-19570.0,1388,True,-5.160668952305476e+23,inf,1.609437859861411,7.475131587008839e+23,250000,99641634.05467868,7441118936.587238,52087832556.11067
2115,2954613,-17234.0,1035,True,-8.679247617918128e+23,inf,1.6094378583097229,1.0485557353605094e+24,250000,99935782.48341411,3189050972.823102,40394645655.75929
2107,2954717,-17130.0,1359,True,-7.397931756819362e+23,inf,1.6094378595890764,1.0602724442662646e+24,250000,99672312.28500208,3189050972.823102,45709730610.46447
2109,2955570,-15831.0,1334,True,-8.09491491658101e+23,inf,1.6094378590628482,1.1462572580222492e+24,250000,99576758.43008518,5315084954.70517,73348172374.93135
2111,2958406,-10829.0,1445,True,-9.932680683345451e+23,inf,1.609437858449959,1.4881279556941409e+24,250000,99569228.29198244,10630169909.410341,94608512193.75201
2121,2959812,-10835.0,868,True,-1.5401123061218064e+24,inf,1.6094378568060388,1.6989575230948242e+24,250000,99767312.8178695,1063016990.941034,43583696628.5824
2101,2962414,-27203.0,3044,True,-7.67192308574779e+23,inf,1.609437860122609,2.1195551054208242e+24,250000,99137388.85812096,8504135927.528273,99923597148.45718
2124,2964152,-11511.0,827,True,-2.3369164309330125e+24,inf,1.6094378604133588,2.4453044296362043e+24,250000,99849065.45661898,2126033981.882068,30827492737.28999
2127,2965234,-8127.0,604,True,-2.9362605370547614e+24,inf,1.6094378625468309,2.704218029538397e+24,250000,99914570.6112315,5315084954.70517,35079560701.05412
2106,2966979,-19014.0,2154,True,-1.577448931885864e+24,inf,1.6094378603202055,3.2236734427376634e+24,250000,99322659.32985201,10630169909.410341,92482478211.86996
2116,2967433,-16318.0,1460,True,-2.2348563657751739e+24,inf,1.6094378599157073,3.352870114774283e+24,250000,99837753.7825391,1063016990.941034,58465934501.75687
2120,2967952,-16450.0,1416,True,-2.3932455792737525e+24,inf,1.6094378597276695,3.5264404296802105e+24,250000,99706585.88724172,2126033981.882068,76537223347.75444
2122,2968183,-13285.0,1321,True,-2.565666224322244e+24,inf,1.6094378603059716,3.601045115552191e+24,250000,99627923.74261023,2126033981.882068,45709730610.46446
2125,2968325,-8038.0,857,True,-3.33893184251856e+24,inf,1.6094378618438714,3.6355929848984876e+24,250000,9999716352.72082,4252067963.764136,39331628664.81826
2114,2969215,-22509.0,1969,True,-2.0881541575488693e+24,inf,1.6094378596971095,3.9964228281952925e+24,250000,99378283.3383542,6378101945.646204,86104376266.22375
2119,2969754,-30246.0,1541,True,-2.6597313997362185e+24,inf,1.6094378594799834,4.2003267961178026e+24,250000,9999489841.356342,3189050972.823102,57402917510.81582
2118,2974907,-20921.0,1873,True,-3.6760959226653035e+24,inf,1.6094378592954621,6.798948168588506e+24,250000,99481314.53125964,2126033981.882068,63781019456.46204
2117,2975260,-20398.0,1912,True,-3.735345063445126e+24,inf,1.6094378591612541,7.041634110082981e+24,250000,99443349.48287156,7441118936.587238,71222138393.04927
2128,2976934,-10065.0,1158,True,-6.254681827580061e+24,inf,1.6094378613334452,8.132341087997481e+24,250000,99627737.57854933,7441118936.587238,56339900519.87481
2139,2977290,-7093.0,471,True,-9.764409070771546e+24,inf,1.6094378586028033,8.454394145869092e+24,250000,99902667.51111737,2126033981.882068,26575424773.52585
2134,2986569,-12355.0,1196,True,-1.5092142632027052e+25,inf,1.6094378578946942,2.014240798829609e+25,250000,99688345.02708955,5315084954.70517,59528951492.697914
2126,2986973,-12762.0,2016,True,-1.0622771635841642e+25,inf,1.609437859491519,2.089746319919214e+25,250000,99370285.61216772,15945254864.115513,127562038912.92404
2138,2987103,-11666.0,1118,True,-1.654031135380511e+25,inf,1.6094378583493087,2.1098677977705157e+25,250000,99714988.87540156,5315084954.70517,48898781583.287575
2133,2988563,-14915.0,1349,True,-1.6734758071294808e+25,inf,1.6094378590186142,2.3855640724927436e+25,250000,99578175.07619557,2126033981.882068,65907053438.344086
2129,2989764,-18527.0,1872,True,-1.458733084342245e+25,inf,1.6094378608828173,2.6502261966629813e+25,250000,99405222.4925482,4252067963.764136,79726274320.57753
2123,2989809,-34804.0,2461,True,-1.1583751749799218e+25,inf,1.6094378599097021,2.6626599939215643e+25,250000,99204825.06263831,8504135927.528273,104175665112.22128
2135,2993200,-20639.0,1578,True,-2.2814571910944404e+25,inf,1.6094378601235582,3.579257493188507e+25,250000,99498515.4292862,6378101945.646204,69096104411.1672
2131,2993656,-16879.0,1844,True,-2.106058808018144e+25,inf,1.6094378601767754,3.7513301054138753e+25,250000,99411307.40655197,7441118936.587238,97797563166.5751
2130,2995582,-19672.0,2073,True,-2.277172658551858e+25,inf,1.6094378605664668,4.518033743439572e+25,250000,99757927.83783148,7441118936.587238,99923597148.45717
2144,2996953,-10751.0,649,True,-5.311488114045125e+25,inf,1.6094378632922386,5.108717396592427e+25,250000,99833790.43836401,2126033981.882068,23386373800.70275
2142,2997478,-7882.0,1284,True,-3.897207293233898e+25,inf,1.6094378605949173,5.334380567363533e+25,250000,99606282.38632865,3189050972.823102,40394645655.75929
2143,2999882,-16718.0,1412,True,-4.523939534682412e+25,inf,1.609437862922973,6.403417809138195e+25,250000,99552265.54386072,2126033981.882068,57402917510.81584
2146,3003103,-12425.0,1000,True,-7.456861463332699e+25,inf,1.609437865614891,8.823167157164036e+25,250000,99681883.429101,7441118936.587238,47835764592.346535
2141,3003308,-14779.0,1753,True,-5.229776452148769e+25,inf,1.6094378625078332,9.023551371025132e+25,250000,99580564.18818794,8504135927.528273,94608512193.75201
2132,3007954,-25849.0,2670,True,-5.626326014806246e+25,inf,1.6094378613019258,1.4531857987224839e+26,250000,99189793.36442141,7441118936.587238,138192208822.33435
2150,3008768,-12933.0,973,True,-1.293102046132097e+26,inf,1.609437863312792,1.5832779564209465e+26,250000,99692932.73115043,1063016990.941034,46772747601.4055
2149,3009281,-13324.0,1217,True,-1.1896231643123447e+26,inf,1.6094378635544413,1.6729383559912118e+26,250000,99605858.07236291,4252067963.764136,61654985474.57996
2147,3010947,-14345.0,1399,True,-1.2756865932527969e+26,inf,1.6094378632272968,1.9931612893248395e+26,250000,99680004.36504011,5315084954.70517,74411189365.87238
2145,3011325,-16843.0,1522,True,-1.2474631523920747e+26,inf,1.609437863593346,2.0730340309570352e+26,250000,99645506.49475479,8504135927.528273,58465934501.75688
2140,3012395,-24776.0,2343,True,-9.763144879487457e+25,inf,1.6094378615183755,2.3256769484417465e+26,250000,99271117.3333422,10630169909.410341,107364716085.04442
2148,3016644,-13717.0,1680,True,-1.972495402731696e+26,inf,1.6094378618612175,3.6013095150408426e+26,250000,99635024.396614,7441118936.587238,71222138393.04927
2153,3017161,-16185.0,1263,True,-2.565361134898712e+26,inf,1.6094378617460163,3.8099997443560076e+26,250000,99932463.36538748,2126033981.882068,35079560701.05412
2152,3019710,-17609.0,1508,True,-2.9292299845282222e+26,inf,1.6094378616650953,4.9419742331973945e+26,250000,99643589.32670912,6378101945.646204,58465934501.756874
2162,3019741,-7773.0,526,True,-5.3315531612526585e+26,inf,1.609437857857222,4.95465895229224e+26,250000,99914074.44515918,1063016990.941034,34016543710.11309
2151,3020936,-13961.0,1705,True,-3.020957781090093e+26,inf,1.6094378611296851,5.5989863828474855e+26,250000,99489192.77535857,8504135927.528273,90356444229.98788
2165,3021481,-4768.0,270,True,-7.698938241801202e+26,inf,1.609437860769254,5.886609492184291e+26,250000,99985116.36185923,1063016990.941034,14882237873.174477
2154,3022070,-19977.0,1537,True,-3.670952860183473e+26,inf,1.60943786161979,6.204751263851522e+26,250000,99792926.23005208,3189050972.823102,58465934501.75687
2159,3023648,-8873.0,930,True,-6.0686434014505185e+26,inf,1.6094378594749716,7.2723757617313e+26,250000,99705861.09726076,1063016990.941034,29764475746.348953
2137,3024373,-27694.0,3503,True,-2.2284090513717968e+26,inf,1.6094378608101068,7.810189847330538e+26,250000,98870757.12775463,11693186900.351376,175397803505.27057
2166,3026110,-5927.0,400,True,-1.1070920255106277e+27,inf,1.609437864497304,9.281874041010138e+26,250000,99900373.65908693,1063016990.941034,22323356809.761715
2156,3030399,-15958.0,1706,True,-7.815568752938692e+26,inf,1.6094378611599156,1.42003257240345e+27,250000,99537071.90370853,6378101945.646204,78663257329.6365
2160,3030833,-16943.0,1347,True,-9.797264446104933e+26,inf,1.6094378615275258,1.486263762325697e+27,250000,99561770.00598629,11693186900.351376,70159121402.10826
2158,3034402,-9822.0,1653,True,-1.1970775491599578e+27,inf,1.6094378620223861,2.108542242411495e+27,250000,99467127.10511126,4252067963.764136,78663257329.6365
2163,3034875,-11895.0,1405,True,-1.4236176743774148e+27,inf,1.6094378631416164,2.2086294058150076e+27,250000,99607069.50242001,4252067963.764136,55276883528.93377
2157,3037180,-30395.0,2117,True,-1.2814593753956713e+27,inf,1.6094378622694854,2.777733744155788e+27,250000,99347413.77383666,3189050972.823102,48898781583.28757
2164,3037908,-9862.0,1329,True,-2.0011959538918832e+27,inf,1.609437864792356,2.9809489798298763e+27,250000,99575780.79406996,1063016990.941034,72285155383.9903
2168,3038312,-10705.0,1086,True,-2.3862489176758673e+27,inf,1.6094378656527615,3.1407842618444185e+27,250000,99933526.73536845,2126033981.882068,35079560701.05412
2136,3038887,-32712.0,4419,True,-7.53715094305111e+26,inf,1.6094378619124972,3.297659505517917e+27,250000,98578739.79484408,11693186900.351376,178586854478.09357
2174,3040543,-6986.0,634,True,-3.982409899817958e+27,inf,1.6094378591852985,4.22309930398264e+27,250000,99799121.10014722,1063016990.941034,38268611673.87723
2169,3040617,-14119.0,1196,True,-2.844211848605927e+27,inf,1.6094378620934326,4.2723586039133585e+27,250000,99650294.24473573,5315084954.70517,58465934501.75688
2171,3041008,-16143.0,1085,True,-3.160714567110035e+27,inf,1.6094378607751039,4.516919043588686e+27,250000,9999641004.523916,2126033981.882068,49961798574.22859
2161,3042259,-18187.0,1957,True,-2.3380081654656102e+27,inf,1.6094378588923886,5.395124847048031e+27,250000,99518249.1435183,5315084954.70517,115868852012.57266
2180,3044712,-6797.0,400,True,-8.076898509366416e+27,inf,1.6094378281012178,7.637075418340119e+27,250000,99911599.59920107,1063016990.941034,25512407782.584816
2172,3045061,-13062.0,1293,True,-4.5308548110226404e+27,inf,1.609437853316881,7.997726088411736e+27,250000,99806717.92022331,4252067963.764136,64844036447.40308
2155,3047418,-33605.0,2971,True,-2.969011411766389e+27,inf,1.6094378552596122,1.1071260014617324e+28,250000,99603001.3722868,17008271855.056547,122246953958.21887
2167,3048845,-21021.0,1819,True,-5.581307851868989e+27,inf,1.6094378511154632,1.346251528581506e+28,250000,99504319.7335374,1063016990.941034,79726274320.57751
2175,3051041,-12952.0,1263,True,-9.987833277855502e+27,inf,1.6094378405210052,1.8191138904274508e+28,250000,99821105.39229175,3189050972.823102,64844036447.403076
2182,3052735,-7082.0,762,True,-1.7909329658850245e+28,inf,1.6094378232955933,2.29620938158864e+28,250000,99804104.54018526,1063016990.941034,39331628664.81826
2170,3052918,-21425.0,1928,True,-9.020116096100558e+27,inf,1.6094378464743186,2.352384764322264e+28,250000,99391364.12040362,6378101945.646204,104175665112.22128
2178,3053212,-8238.0,1002,True,-1.590444987253755e+28,inf,1.6094378277272758,2.452671064017401e+28,250000,99741665.6575651,3189050972.823102,38268611673.87723
2177,3053323,-16786.0,1153,True,-1.4562458984717566e+28,inf,1.6094378325878178,2.49068658644115e+28,250000,99730220.61953852,1063016990.941034,43583696628.5824
2176,3055426,-15062.0,1314,True,-1.7487853870474907e+28,inf,1.6094378324812406,3.3214460064625505e+28,250000,99655902.85892984,3189050972.823102,65907053438.34412
2173,3055534,-14139.0,1839,True,-1.335180717232149e+28,inf,1.6094378419078648,3.3729278291488505e+28,250000,99639760.16075101,9567152918.469307,86104376266.22374
2179,3058404,-15940.0,1281,True,-2.683178764864245e+28,inf,1.6094378252033141,4.998269327921359e+28,250000,99681206.26910101,4252067963.764136,54213866537.99274
2196,3059422,-3851.0,243,True,-7.173165802436909e+28,inf,1.6094378232955933,5.752972438434579e+28,250000,9999919573.103098,1063016990.941034,15945254864.115509
2181,3059511,-14896.0,1289,True,-3.1143059808812144e+28,inf,1.6094378232955933,5.829319881836429e+28,250000,99682598.69308577,2126033981.882068,41457662646.70033
2183,3061641,-16293.0,1314,True,-4.107980945104697e+28,inf,1.6094378232955933,7.807904546615525e+28,250000,99673394.70697543,3189050972.823102,47835764592.34653
