episode,global_step,reward,steps,goal,actor_loss,critic_loss,entropy,alpha,replay_size,energy_level,min_collected_data,collected_data_sum,boundary_hits,obstacle_hits
0,7985,-6293.597469572031,500,False,0.0,0.0,0.0,1.0,7985,99956617.67161195,0.0,12756203891.292408,51,44
1,7986,-7845.757833781881,500,False,0.0,0.0,0.0,1.0,7986,99885971.49088906,0.0,14882237873.174477,66,61
2,7987,-4413.751651703685,500,False,0.0,0.0,0.0,1.0,7987,9999834625.184088,0.0,25512407782.58482,23,43
3,7988,-4616.623289761923,500,False,0.0,0.0,0.0,1.0,7988,9999834653.762074,0.0,25512407782.584816,35,38
4,7989,-9856.853374505303,500,False,0.0,0.0,0.0,1.0,7989,99845550.64853525,0.0,18071288845.997578,85,74
5,7990,-7297.651846546878,500,False,0.0,0.0,0.0,1.0,7990,99874998.39680918,0.0,29764475746.348946,56,58
6,7991,-9803.964475037383,500,False,0.0,0.0,0.0,1.0,7991,99894741.63703747,0.0,15945254864.115513,67,79
7,7992,-7868.828591525244,500,False,0.0,0.0,0.0,1.0,7992,99930884.77734181,0.0,29764475746.348957,38,75
8,7993,-5754.037307055482,500,False,0.0,0.0,0.0,1.0,7993,99844573.01252003,0.0,29764475746.348953,30,53
9,7994,-6224.867371577877,500,False,0.0,0.0,0.0,1.0,7994,99857077.06466462,0.0,27638441764.46689,34,56
10,7995,-9264.193924017467,500,False,0.0,0.0,0.0,1.0,7995,9999834729.970036,0.0,8504135927.528273,104,46
11,7996,-8078.716943274143,500,False,0.0,0.0,0.0,1.0,7996,99882604.74288146,0.0,17008271855.056545,80,55
12,7997,-5988.544492679107,500,False,0.0,0.0,0.0,1.0,7997,99863820.086676,0.0,19134305836.938614,41,52
13,7998,-6281.696308235407,500,False,0.0,0.0,0.0,1.0,7998,99902028.45510215,0.0,26575424773.525856,45,49
14,7999,-5811.755277207439,500,False,0.0,0.0,0.0,1.0,7999,9999834739.49603,0.0,20197322827.879646,41,46
15,8000,-6596.07599281968,500,False,0.0,0.0,0.0,1.0,8000,99980781.50383261,0.0,22323356809.76171,53,44
16,15985,-9737.780432351308,500,False,5.274331352872017,16.56441850980123,0.8757649207214514,0.8376287221908569,15985,9999833348.700724,0.0,3189050972.823102,139,27
17,15986,-8977.835517880641,500,False,5.274331352872017,16.56441850980123,0.8757649207214514,0.8376287221908569,15986,9999833301.070747,0.0,7441118936.587238,90,50
18,15987,-6047.456453141364,500,False,5.274331352872017,16.56441850980123,0.8757649207214514,0.8376287221908569,15987,9999833196.2848,0.0,7441118936.587238,80,23
19,15988,-12873.985728774422,500,False,5.274331352872017,16.56441850980123,0.8757649207214514,0.8376287221908569,15988,99839924.6108893,0.0,4252067963.764136,49,133
20,15989,-9524.214645606467,500,False,5.274331352872017,16.56441850980123,0.8757649207214514,0.8376287221908569,15989,9999833196.2848,0.0,0.0,74,63
21,15990,-13833.689164432926,500,False,5.274331352872017,16.56441850980123,0.8757649207214514,0.8376287221908569,15990,9999833463.012667,0.0,1063016990.941034,20,161
22,15991,-7138.595481775752,500,False,5.274331352872017,16.56441850980123,0.8757649207214514,0.8376287221908569,15991,99874208.5533954,0.0,7441118936.587238,105,15
23,15992,-12043.024969155045,500,False,5.274331352872017,16.56441850980123,0.8757649207214514,0.8376287221908569,15992,99870802.88713276,0.0,9567152918.469305,59,122
24,15993,-11920.318667451364,500,False,5.274331352872017,16.56441850980123,0.8757649207214514,0.8376287221908569,15993,99866053.2411366,0.0,3189050972.823102,85,96
25,15994,-10392.9782689749,500,False,5.274331352872017,16.56441850980123,0.8757649207214514,0.8376287221908569,15994,9999833482.064657,0.0,4252067963.764136,137,37
26,15995,-12396.730217963255,500,False,5.274331352872017,16.56441850980123,0.8757649207214514,0.8376287221908569,15995,9999833634.480581,0.0,12756203891.292408,72,110
27,15996,-8187.515921627914,500,False,5.274331352872017,16.56441850980123,0.8757649207214514,0.8376287221908569,15996,99854765.78918234,0.0,12756203891.29241,130,12
28,15997,-10057.085386936262,500,False,5.274331352872017,16.56441850980123,0.8757649207214514,0.8376287221908569,15997,9999833196.2848,0.0,1063016990.941034,122,42
29,15998,-9305.78848311369,500,False,5.274331352872017,16.56441850980123,0.8757649207214514,0.8376287221908569,15998,9999833396.3307,0.0,1063016990.941034,132,26
30,15999,-8463.182518140193,500,False,5.274331352872017,16.56441850980123,0.8757649207214514,0.8376287221908569,15999,99874041.44132689,0.0,2126033981.882068,134,13
31,16000,-8970.782020119059,500,False,5.274331352872017,16.56441850980123,0.8757649207214514,0.8376287221908569,16000,9999833262.966766,0.0,3189050972.823102,124,26
32,23985,-1150.929739336229,500,False,28.797496218919754,8.82396720957756,0.2616676024347544,1.205568552017212,23985,9999830786.208,0.0,0.0,3,0
33,23986,-1376.8885438199982,500,False,28.797496218919754,8.82396720957756,0.2616676024347544,1.205568552017212,23986,9999830805.25999,0.0,0.0,3,3
34,23987,-1104.3960780543712,500,False,28.797496218919754,8.82396720957756,0.2616676024347544,1.205568552017212,23987,9999830767.15601,0.0,0.0,2,0
35,23988,-1047.8212427333576,500,False,28.797496218919754,8.82396720957756,0.2616676024347544,1.205568552017212,23988,9999830757.630014,0.0,0.0,1,0
36,23989,-997.8212427333576,500,False,28.797496218919754,8.82396720957756,0.2616676024347544,1.205568552017212,23989,9999830767.15601,0.0,0.0,0,0
37,23990,-1400.9297393362287,500,False,28.797496218919754,8.82396720957756,0.2616676024347544,1.205568552017212,23990,9999830852.889967,0.0,0.0,8,0
38,23991,-1526.8885438199984,500,False,28.797496218919754,8.82396720957756,0.2616676024347544,1.205568552017212,23991,9999830833.837976,0.0,0.0,6,3
39,23992,-464.1748353210157,500,False,28.797496218919754,8.82396720957756,0.2616676024347544,1.205568552017212,23992,9999831167.24781,0.0,326346216218.8988,0,0
40,23993,-1226.8885438199982,500,False,28.797496218919754,8.82396720957756,0.2616676024347544,1.205568552017212,23993,9999830757.630014,0.0,0.0,0,3
41,23994,-1600.9297393362287,500,False,28.797496218919754,8.82396720957756,0.2616676024347544,1.205568552017212,23994,9999830871.941957,0.0,0.0,12,0
42,23995,-1300.9297393362287,500,False,28.797496218919754,8.82396720957756,0.2616676024347544,1.205568552017212,23995,9999830814.785986,0.0,0.0,6,0
43,23996,-1451.8885438199982,500,False,28.797496218919754,8.82396720957756,0.2616676024347544,1.205568552017212,23996,9999830814.785986,0.0,0.0,3,4
44,23997,-1251.8885438199982,500,False,28.797496218919754,8.82396720957756,0.2616676024347544,1.205568552017212,23997,9999830786.208,0.0,0.0,2,2
45,23998,-1101.8885438199982,500,False,28.797496218919754,8.82396720957756,0.2616676024347544,1.205568552017212,23998,9999830805.25999,0.0,0.0,2,0
46,23999,-1250.9297393362287,500,False,28.797496218919754,8.82396720957756,0.2616676024347544,1.205568552017212,23999,9999830805.25999,0.0,0.0,5,0
47,24000,-1250.9297393362287,500,False,28.797496218919754,8.82396720957756,0.2616676024347544,1.205568552017212,24000,9999830824.311981,0.0,0.0,5,0
48,31985,-563.3490837592644,500,False,39.560283862590786,4.986214332967997,0.23314391868375242,1.8024144172668457,31985,9999832424.679184,0.0,2126033981.882068,0,0
49,31986,-564.6605399392662,500,False,39.560283862590786,4.986214332967997,0.23314391868375242,1.8024144172668457,31986,9999832434.20518,0.0,2126033981.882068,0,0
50,31987,-561.4142685003385,500,False,39.560283862590786,4.986214332967997,0.23314391868375242,1.8024144172668457,31987,9999832424.679184,0.0,2126033981.882068,0,0
51,31988,-564.2605399392662,500,False,39.560283862590786,4.986214332967997,0.23314391868375242,1.8024144172668457,31988,9999832434.20518,0.0,2126033981.882068,0,0
52,31989,-637.2142685003394,500,False,39.560283862590786,4.986214332967997,0.23314391868375242,1.8024144172668457,31989,9999832434.20518,0.0,2126033981.882068,0,1
53,31990,-567.0605399392664,500,False,39.560283862590786,4.986214332967997,0.23314391868375242,1.8024144172668457,31990,9999832415.153189,0.0,2126033981.882068,0,0
54,31991,-574.2605399392656,500,False,39.560283862590786,4.986214332967997,0.23314391868375242,1.8024144172668457,31991,9999832434.20518,0.0,2126033981.882068,0,0
55,31992,-651.260539939265,500,False,39.560283862590786,4.986214332967997,0.23314391868375242,1.8024144172668457,31992,9999832443.731174,0.0,2126033981.882068,0,1
56,31993,-572.6605399392658,500,False,39.560283862590786,4.986214332967997,0.23314391868375242,1.8024144172668457,31993,9999832434.20518,0.0,2126033981.882068,0,0
57,31994,-562.9490837592645,500,False,39.560283862590786,4.986214332967997,0.23314391868375242,1.8024144172668457,31994,9999832424.679184,0.0,2126033981.882068,0,0
58,31995,-573.4142685003376,500,False,39.560283862590786,4.986214332967997,0.23314391868375242,1.8024144172668457,31995,9999832424.679184,0.0,2126033981.882068,0,0
59,31996,-565.0605399392662,500,False,39.560283862590786,4.986214332967997,0.23314391868375242,1.8024144172668457,31996,9999832434.20518,0.0,2126033981.882068,0,0
60,31997,-641.3257246803407,500,False,39.560283862590786,4.986214332967997,0.23314391868375242,1.8024144172668457,31997,9999832443.731174,0.0,2126033981.882068,0,1
61,31998,-571.52572468034,500,False,39.560283862590786,4.986214332967997,0.23314391868375242,1.8024144172668457,31998,9999832434.20518,0.0,2126033981.882068,0,0
62,31999,-637.2142685003395,500,False,39.560283862590786,4.986214332967997,0.23314391868375242,1.8024144172668457,31999,9999832434.20518,0.0,2126033981.882068,0,1
63,32000,-571.8605399392661,500,False,39.560283862590786,4.986214332967997,0.23314391868375242,1.8024144172668457,32000,9999832434.20518,0.0,2126033981.882068,0,0
64,39985,-430.9318556817945,500,False,2.8742434790721165,3.616974589526653,0.32030712720751764,2.4751181602478027,39985,9999835472.997665,0.0,2126033981.882068,0,0
65,39986,-430.93185568179456,500,False,2.8742434790721165,3.616974589526653,0.32030712720751764,2.4751181602478027,39986,9999835472.997665,0.0,2126033981.882068,0,0
66,39987,-430.93185568179445,500,False,2.8742434790721165,3.616974589526653,0.32030712720751764,2.4751181602478027,39987,9999835472.997665,0.0,2126033981.882068,0,0
67,39988,-429.9357343642665,500,False,2.8742434790721165,3.616974589526653,0.32030712720751764,2.4751181602478027,39988,9999835463.47167,0.0,2126033981.882068,0,0
68,39989,-429.93573436426664,500,False,2.8742434790721165,3.616974589526653,0.32030712720751764,2.4751181602478027,39989,9999835463.47167,0.0,2126033981.882068,0,0
69,39990,-433.04331186179644,500,False,2.8742434790721165,3.616974589526653,0.32030712720751764,2.4751181602478027,39990,9999835463.47167,0.0,2126033981.882068,0,0
70,39991,-430.93185568179433,500,False,2.8742434790721165,3.616974589526653,0.32030712720751764,2.4751181602478027,39991,9999835472.997665,0.0,2126033981.882068,0,0
71,39992,-430.93185568179456,500,False,2.8742434790721165,3.616974589526653,0.32030712720751764,2.4751181602478027,39992,9999835472.997665,0.0,2126033981.882068,0,0
72,39993,-430.9318556817945,500,False,2.8742434790721165,3.616974589526653,0.32030712720751764,2.4751181602478027,39993,9999835472.997665,0.0,2126033981.882068,0,0
73,39994,-430.9318556817946,500,False,2.8742434790721165,3.616974589526653,0.32030712720751764,2.4751181602478027,39994,9999835472.997665,0.0,2126033981.882068,0,0
74,39995,-430.93185568179445,500,False,2.8742434790721165,3.616974589526653,0.32030712720751764,2.4751181602478027,39995,9999835472.997665,0.0,2126033981.882068,0,0
75,39996,-430.93185568179484,500,False,2.8742434790721165,3.616974589526653,0.32030712720751764,2.4751181602478027,39996,9999835472.997665,0.0,2126033981.882068,0,0
76,39997,-430.9318556817946,500,False,2.8742434790721165,3.616974589526653,0.32030712720751764,2.4751181602478027,39997,9999835472.997665,0.0,2126033981.882068,0,0
77,39998,-430.93185568179456,500,False,2.8742434790721165,3.616974589526653,0.32030712720751764,2.4751181602478027,39998,9999835472.997665,0.0,2126033981.882068,0,0
78,39999,-430.9318556817946,500,False,2.8742434790721165,3.616974589526653,0.32030712720751764,2.4751181602478027,39999,9999835472.997665,0.0,2126033981.882068,0,0
79,40000,-429.5357343642668,500,False,2.8742434790721165,3.616974589526653,0.32030712720751764,2.4751181602478027,40000,9999835463.47167,0.0,3189050972.823102,0,0
80,47985,-424.8527685128708,500,False,-23.347851729989053,3.091575817063451,0.46862614496052263,2.719231367111206,47985,9999833024.816885,0.0,22323356809.76171,0,0
81,47986,-500.50849660287224,500,False,-23.347851729989053,3.091575817063451,0.46862614496052263,2.719231367111206,47986,9999833948.838425,0.0,254061060834.9081,0,1
82,47987,-576.9576072435456,500,False,-23.347851729989053,3.091575817063451,0.46862614496052263,2.719231367111206,47987,9999833796.4225,0.0,233863738007.02835,0,2
83,47988,-423.65276851287115,500,False,-23.347851729989053,3.091575817063451,0.46862614496052263,2.719231367111206,47988,9999833863.104467,0.0,231737704025.14627,0,0
84,47989,-574.0222051018565,500,False,-23.347851729989053,3.091575817063451,0.46862614496052263,2.719231367111206,47989,9999833567.798615,0.0,298707774454.43176,0,2
85,47990,-501.9576072435455,500,False,-23.347851729989053,3.091575817063451,0.46862614496052263,2.719231367111206,47990,9999834110.780344,0.0,262565196762.43643,0,1
86,47991,-424.45276851287105,500,False,-23.347851729989053,3.091575817063451,0.46862614496052263,2.719231367111206,47991,9999834129.832335,0.0,245556924907.3798,0,0
87,47992,-422.4527685128715,500,False,-23.347851729989053,3.091575817063451,0.46862614496052263,2.719231367111206,47992,9999833748.792524,0.0,221107534115.73587,0,0
88,47993,-420.70849660287195,500,False,-23.347851729989053,3.091575817063451,0.46862614496052263,2.719231367111206,47993,9999834082.202358,0.0,255124077825.84915,0,0
89,47994,-427.2527685128708,500,False,-23.347851729989053,3.091575817063451,0.46862614496052263,2.719231367111206,47994,9999834053.624372,0.0,270006315699.0237,0,0
90,47995,-428.70849660287206,500,False,-23.347851729989053,3.091575817063451,0.46862614496052263,2.719231367111206,47995,9999834082.202358,0.0,240241839952.6746,0,0
91,47996,-425.6527685128715,500,False,-23.347851729989053,3.091575817063451,0.46862614496052263,2.719231367111206,47996,9999833805.948496,0.0,266817264726.2006,0,0
92,47997,-572.8527685128705,500,False,-23.347851729989053,3.091575817063451,0.46862614496052263,2.719231367111206,47997,9999833844.052477,0.0,276384417644.6699,0,2
93,47998,-575.2527685128706,500,False,-23.347851729989053,3.091575817063451,0.46862614496052263,2.719231367111206,47998,9999833825.000486,0.0,267880281717.14163,0,2
94,47999,-426.70849660287223,500,False,-23.347851729989053,3.091575817063451,0.46862614496052263,2.719231367111206,47999,9999833767.844515,0.0,228548653052.32315,0,0
95,48000,-424.852768512871,500,False,-23.347851729989053,3.091575817063451,0.46862614496052263,2.719231367111206,48000,9999833996.468401,0.0,277447434635.61096,0,0
96,55985,-429.29242250247114,500,False,-54.284204975128176,2.402699028193951,0.6056586388498545,1.8341737985610962,55985,9999833948.838425,0.0,126499021921.9833,0,0
97,55986,-425.15760724354567,500,False,-54.284204975128176,2.402699028193951,0.6056586388498545,1.8341737985610962,55986,9999833948.838425,0.0,102049631130.33939,0,0
98,55987,-425.44331186179846,500,False,-54.284204975128176,2.402699028193951,0.6056586388498545,1.8341737985610962,55987,9999833825.000486,0.0,110553767057.8677,0,0
99,55988,-426.643311861798,500,False,-54.284204975128176,2.402699028193951,0.6056586388498545,1.8341737985610962,55988,9999833977.41641,0.0,110553767057.8677,0,0
100,55989,-500.2433118617986,500,False,-54.284204975128176,2.402699028193951,0.6056586388498545,1.8341737985610962,55989,9999834044.098377,0.0,98860580157.51627,0,1
101,55990,-496.84331186179816,500,False,-54.284204975128176,2.402699028193951,0.6056586388498545,1.8341737985610962,55990,9999834091.728354,0.0,110553767057.8677,0,1
102,55991,-422.0433118617986,500,False,-54.284204975128176,2.402699028193951,0.6056586388498545,1.8341737985610962,55991,9999833891.682453,0.0,99923597148.4573,0,0
103,55992,-429.6009191053431,500,False,-54.284204975128176,2.402699028193951,0.6056586388498545,1.8341737985610962,55992,9999833767.844515,0.0,150948412713.62723,0,0
104,55993,-425.58758377179726,500,False,-54.284204975128176,2.402699028193951,0.6056586388498545,1.8341737985610962,55993,9999833691.636553,0.0,124372987940.10123,0,0
105,55994,-426.09242250247206,500,False,-54.284204975128176,2.402699028193951,0.6056586388498545,1.8341737985610962,55994,9999833910.734444,0.0,114805835021.63187,0,0
106,55995,-422.38758377179715,500,False,-54.284204975128176,2.402699028193951,0.6056586388498545,1.8341737985610962,55995,9999833786.896505,0.0,102049631130.33939,0,0
107,55996,-425.1576072435453,500,False,-54.284204975128176,2.402699028193951,0.6056586388498545,1.8341737985610962,55996,9999833929.786434,0.0,128625055903.86539,0,0
108,55997,-424.2527685128716,500,False,-54.284204975128176,2.402699028193951,0.6056586388498545,1.8341737985610962,55997,9999833996.468401,0.0,116931869003.51395,0,0
109,55998,-426.09242250247183,500,False,-54.284204975128176,2.402699028193951,0.6056586388498545,1.8341737985610962,55998,9999833910.734444,0.0,117994885994.45499,0,0
110,55999,-429.50849660287196,500,False,-54.284204975128176,2.402699028193951,0.6056586388498545,1.8341737985610962,55999,9999833939.31243,0.0,129688072894.80643,0,0
111,56000,-515.5379338543952,500,False,-54.284204975128176,2.402699028193951,0.6056586388498545,1.8341737985610962,56000,9999833110.550842,0.0,49961798574.22855,0,1
112,63985,-421.9875837717965,500,False,-75.19276380157471,2.259749976336956,0.5910367720872164,1.2445945739746094,63985,9999834034.572382,0.0,72285155383.99026,0,0
113,63986,-420.90849660287245,500,False,-75.19276380157471,2.259749976336956,0.5910367720872164,1.2445945739746094,63986,9999834120.30634,0.0,73348172374.9313,0,0
114,63987,-425.1576072435454,500,False,-75.19276380157471,2.259749976336956,0.5910367720872164,1.2445945739746094,63987,9999833986.942406,0.0,95671529184.69315,0,0
115,63988,-424.3084966028719,500,False,-75.19276380157471,2.259749976336956,0.5910367720872164,1.2445945739746094,63988,9999833958.36442,0.0,68033087420.226105,0,0
116,63989,-421.04331186179746,500,False,-75.19276380157471,2.259749976336956,0.5910367720872164,1.2445945739746094,63989,9999834082.202358,0.0,80789291311.51859,0,0
117,63990,-425.643311861798,500,False,-75.19276380157471,2.259749976336956,0.5910367720872164,1.2445945739746094,63990,9999834129.832335,0.0,73348172374.9313,0,0
118,63991,-425.1576072435455,500,False,-75.19276380157471,2.259749976336956,0.5910367720872164,1.2445945739746094,63991,9999834044.098377,0.0,78663257329.6365,0,0
119,63992,-421.2527685128707,500,False,-75.19276380157471,2.259749976336956,0.5910367720872164,1.2445945739746094,63992,9999834053.624372,0.0,96734546175.63419,0,0
120,63993,-425.4433118617978,500,False,-75.19276380157471,2.259749976336956,0.5910367720872164,1.2445945739746094,63993,9999834186.988306,0.0,96734546175.63419,0,0
121,63994,-425.55760724354536,500,False,-75.19276380157471,2.259749976336956,0.5910367720872164,1.2445945739746094,63994,9999833986.942406,0.0,85041359275.28275,0,0
122,63995,-422.3875837717972,500,False,-75.19276380157471,2.259749976336956,0.5910367720872164,1.2445945739746094,63995,9999833958.36442,0.0,85041359275.28275,0,0
123,63996,-424.95760724354557,500,False,-75.19276380157471,2.259749976336956,0.5910367720872164,1.2445945739746094,63996,9999834063.150368,0.0,66970070429.28507,0,0
124,63997,-424.7084966028718,500,False,-75.19276380157471,2.259749976336956,0.5910367720872164,1.2445945739746094,63997,9999834186.988306,0.0,89293427239.0469,0,0
125,63998,-425.1576072435459,500,False,-75.19276380157471,2.259749976336956,0.5910367720872164,1.2445945739746094,63998,9999834120.30634,0.0,100986614139.39835,0,0
126,63999,-425.3570203607825,500,False,-75.19276380157471,2.259749976336956,0.5910367720872164,1.2445945739746094,63999,9999834158.41032,0.0,79726274320.57755,0,0
127,64000,-425.1576072435455,500,False,-75.19276380157471,2.259749976336956,0.5910367720872164,1.2445945739746094,64000,9999834082.202358,0.0,70159121402.10818,0,0
128,71985,-730.4525150919736,500,False,-92.19551957130432,2.445369675785303,0.5156854889839888,1.126547932624817,71985,9999834053.624372,0.0,29764475746.348938,0,0
129,71986,-728.3822976913602,500,False,-92.19551957130432,2.445369675785303,0.5156854889839888,1.126547932624817,71986,9999833977.41641,0.0,29764475746.348938,0,0
130,71987,-729.4676700870333,500,False,-92.19551957130432,2.445369675785303,0.5156854889839888,1.126547932624817,71987,9999833863.104467,0.0,26575424773.52584,0,0
131,71988,-716.0864707375893,500,False,-92.19551957130432,2.445369675785303,0.5156854889839888,1.126547932624817,71988,9999833967.890415,0.0,28701458755.407906,0,0
132,71989,-723.1016257326468,500,False,-92.19551957130432,2.445369675785303,0.5156854889839888,1.126547932624817,71989,9999834025.046387,0.0,27638441764.466873,0,0
133,71990,-725.9600925895032,500,False,-92.19551957130432,2.445369675785303,0.5156854889839888,1.126547932624817,71990,9999833996.468401,0.0,27638441764.466873,0,0
134,71991,-726.9449375944447,500,False,-92.19551957130432,2.445369675785303,0.5156854889839888,1.126547932624817,71991,9999833844.052477,0.0,26575424773.52584,0,0
135,71992,-716.2864707375875,500,False,-92.19551957130432,2.445369675785303,0.5156854889839888,1.126547932624817,71992,9999833758.31852,0.0,26575424773.52584,0,0
136,71993,-723.4373600969151,500,False,-92.19551957130432,2.445369675785303,0.5156854889839888,1.126547932624817,71993,9999833882.156458,0.0,27638441764.466873,0,0
137,71994,-733.6243582252355,500,False,-92.19551957130432,2.445369675785303,0.5156854889839888,1.126547932624817,71994,9999833853.578472,0.0,27638441764.466873,0,0
138,71995,-461.7227324925898,500,False,-92.19551957130432,2.445369675785303,0.5156854889839888,1.126547932624817,71995,9999834958.593922,0.0,114805835021.6317,0,0
139,71996,-730.4525150919728,500,False,-92.19551957130432,2.445369675785303,0.5156854889839888,1.126547932624817,71996,9999833710.688543,0.0,27638441764.466873,0,0
140,71997,-719.5940482351177,500,False,-92.19551957130432,2.445369675785303,0.5156854889839888,1.126547932624817,71997,9999833682.110558,0.0,25512407782.58481,0,0
141,71998,-726.9449375944416,500,False,-92.19551957130432,2.445369675785303,0.5156854889839888,1.126547932624817,71998,9999833748.792524,0.0,27638441764.466873,0,0
142,71999,-722.4525150919735,500,False,-92.19551957130432,2.445369675785303,0.5156854889839888,1.126547932624817,71999,9999833805.948496,0.0,27638441764.466873,0,0
143,72000,-731.8898751888885,500,False,-92.19551957130432,2.445369675785303,0.5156854889839888,1.126547932624817,72000,9999833882.156458,0.0,28701458755.407906,0,0
144,79985,-771.8898751888864,500,False,-95.98352527046204,1.9550180552750827,0.6542926946431399,0.7014670372009277,79985,9999833367.752714,0.0,11693186900.351376,0,0
145,79986,-789.69282100989,500,False,-95.98352527046204,1.9550180552750827,0.6542926946431399,0.7014670372009277,79986,9999833339.174728,0.0,10630169909.410341,0,0
146,79987,-788.05466821535,500,False,-95.98352527046204,1.9550180552750827,0.6542926946431399,0.7014670372009277,79987,9999833529.694633,0.0,12756203891.29241,0,0
147,79988,-775.7974526864149,500,False,-95.98352527046204,1.9550180552750827,0.6542926946431399,0.7014670372009277,79988,9999833405.856695,0.0,14882237873.174479,0,0
148,79989,-779.1050301839448,500,False,-95.98352527046204,1.9550180552750827,0.6542926946431399,0.7014670372009277,79989,9999833405.856695,0.0,12756203891.29241,0,0
149,79990,-776.72930836821,500,False,-95.98352527046204,1.9550180552750827,0.6542926946431399,0.7014670372009277,79990,9999833120.076838,0.0,7441118936.587238,0,0
150,79991,-777.3319357227621,500,False,-95.98352527046204,1.9550180552750827,0.6542926946431399,0.7014670372009277,79991,9999833453.486671,0.0,17008271855.056547,0,0
151,79992,-783.0126076814737,500,False,-95.98352527046204,1.9550180552750827,0.6542926946431399,0.7014670372009277,79992,9999833101.024847,0.0,9567152918.469307,0,0
152,79993,-777.131935722762,500,False,-95.98352527046204,1.9550180552750827,0.6542926946431399,0.7014670372009277,79993,9999833320.122738,0.0,11693186900.351376,0,0
153,79994,-786.160965328095,500,False,-95.98352527046204,1.9550180552750827,0.6542926946431399,0.7014670372009277,79994,9999833339.174728,0.0,11693186900.351376,0,0
154,79995,-784.9609653280946,500,False,-95.98352527046204,1.9550180552750827,0.6542926946431399,0.7014670372009277,79995,9999833529.694633,0.0,8504135927.528273,0,0
155,79996,-774.4382328355066,500,False,-95.98352527046204,1.9550180552750827,0.6542926946431399,0.7014670372009277,79996,9999833491.590652,0.0,13819220882.233444,0,0
156,79997,-774.9974526864148,500,False,-95.98352527046204,1.9550180552750827,0.6542926946431399,0.7014670372009277,79997,9999833329.648733,0.0,11693186900.351376,0,0
157,79998,-767.5822976913566,500,False,-95.98352527046204,1.9550180552750827,0.6542926946431399,0.7014670372009277,79998,9999833386.804705,0.0,9567152918.469307,0,0
158,79999,-774.7974526864145,500,False,-95.98352527046204,1.9550180552750827,0.6542926946431399,0.7014670372009277,79999,9999833348.700724,0.0,10630169909.410341,0,0
159,80000,-772.0898751888856,500,False,-95.98352527046204,1.9550180552750827,0.6542926946431399,0.7014670372009277,80000,9999833196.2848,0.0,11693186900.351376,0,0
160,87985,-720.0629186659662,500,False,-81.0092636089325,1.5401720930114389,0.7237349149882794,0.4733788073062897,87985,9999833748.792524,0.0,4252067963.764136,0,0
161,87986,-722.6851237678235,500,False,-81.0092636089325,1.5401720930114389,0.7237349149882794,0.4733788073062897,87986,9999834053.624372,0.0,4252067963.764136,0,0
162,87987,-714.3519877012436,500,False,-81.0092636089325,1.5401720930114389,0.7237349149882794,0.4733788073062897,87987,9999834110.780344,0.0,1063016990.941034,0,0
163,87988,-710.844410203713,500,False,-81.0092636089325,1.5401720930114389,0.7237349149882794,0.4733788073062897,87988,9999834034.572382,0.0,1063016990.941034,0,0
164,87989,-723.2031048393421,500,False,-81.0092636089325,1.5401720930114389,0.7237349149882794,0.4733788073062897,87989,9999833672.584562,0.0,2126033981.882068,0,0
165,87990,-720.0629186659671,500,False,-81.0092636089325,1.5401720930114389,0.7237349149882794,0.4733788073062897,87990,9999833710.688543,0.0,3189050972.823102,0,0
166,87991,-731.8347617992284,500,False,-81.0092636089325,1.5401720930114389,0.7237349149882794,0.4733788073062897,87991,9999833910.734444,0.0,1063016990.941034,0,0
167,87992,-722.2851237678228,500,False,-81.0092636089325,1.5401720930114389,0.7237349149882794,0.4733788073062897,87992,9999833443.960676,0.0,3189050972.823102,0,0
168,87993,-720.7808997374882,500,False,-81.0092636089325,1.5401720930114389,0.7237349149882794,0.4733788073062897,87993,9999833786.896505,0.0,2126033981.882068,0,0
169,87994,-713.5927678503348,500,False,-81.0092636089325,1.5401720930114389,0.7237349149882794,0.4733788073062897,87994,9999834044.098377,0.0,1063016990.941034,0,0
170,87995,-731.9527428707454,500,False,-81.0092636089325,1.5401720930114389,0.7237349149882794,0.4733788073062897,87995,9999833586.850605,0.0,6378101945.646204,0,0
171,87996,-718.9775462702944,500,False,-81.0092636089325,1.5401720930114389,0.7237349149882794,0.4733788073062897,87996,9999833996.468401,0.0,1063016990.941034,0,0
172,87997,-718.9775462702929,500,False,-81.0092636089325,1.5401720930114389,0.7237349149882794,0.4733788073062897,87997,9999833825.000486,0.0,2126033981.882068,0,0
173,87998,-731.3704961634911,500,False,-81.0092636089325,1.5401720930114389,0.7237349149882794,0.4733788073062897,87998,9999833767.844515,0.0,3189050972.823102,0,0
174,87999,-723.3016257326436,500,False,-81.0092636089325,1.5401720930114389,0.7237349149882794,0.4733788073062897,87999,9999833624.954586,0.0,6378101945.646204,0,0
175,88000,-732.8707239422691,500,False,-81.0092636089325,1.5401720930114389,0.7237349149882794,0.4733788073062897,88000,9999833701.162548,0.0,1063016990.941034,0,0
176,95985,-710.8444102037107,500,False,-58.646803232192994,1.3277325310334562,0.6265535122826695,0.3373459577560425,95985,9999833825.000486,0.0,6378101945.646204,0,0
177,95986,-708.4222051018547,500,False,-58.646803232192994,1.3277325310334562,0.6265535122826695,0.3373459577560425,95986,9999833844.052477,0.0,15945254864.115513,0,0
178,95987,-709.0713157425278,500,False,-58.646803232192994,1.3277325310334562,0.6265535122826695,0.3373459577560425,95987,9999833853.578472,0.0,26575424773.52584,0,0
179,95988,-709.2713157425275,500,False,-58.646803232192994,1.3277325310334562,0.6265535122826695,0.3373459577560425,95988,9999833720.214539,0.0,14882237873.174479,0,0
180,95989,-710.8444102037103,500,False,-58.646803232192994,1.3277325310334562,0.6265535122826695,0.3373459577560425,95989,9999834034.572382,0.0,12756203891.29241,0,0
181,95990,-709.9892968140495,500,False,-58.646803232192994,1.3277325310334562,0.6265535122826695,0.3373459577560425,95990,9999833910.734444,0.0,13819220882.233444,0,0
182,95991,-709.071315742528,500,False,-58.646803232192994,1.3277325310334562,0.6265535122826695,0.3373459577560425,95991,9999833777.37051,0.0,18071288845.99758,0,0
183,95992,-712.9146276043246,500,False,-58.646803232192994,1.3277325310334562,0.6265535122826695,0.3373459577560425,95992,9999833691.636553,0.0,15945254864.115513,0,0
184,95993,-713.3927678503306,500,False,-58.646803232192994,1.3277325310334562,0.6265535122826695,0.3373459577560425,95993,9999833491.590652,0.0,11693186900.351376,0,0
185,95994,-709.0713157425283,500,False,-58.646803232192994,1.3277325310334562,0.6265535122826695,0.3373459577560425,95994,9999833682.110558,0.0,10630169909.410341,0,0
186,95995,-709.0713157425276,500,False,-58.646803232192994,1.3277325310334562,0.6265535122826695,0.3373459577560425,95995,9999833624.954586,0.0,19134305836.938614,0,0
187,95996,-709.0713157425281,500,False,-58.646803232192994,1.3277325310334562,0.6265535122826695,0.3373459577560425,95996,9999833796.4225,0.0,17008271855.056547,0,0
188,95997,-712.9146276043246,500,False,-58.646803232192994,1.3277325310334562,0.6265535122826695,0.3373459577560425,95997,9999833805.948496,0.0,15945254864.115513,0,0
189,95998,-713.496874311579,500,False,-58.646803232192994,1.3277325310334562,0.6265535122826695,0.3373459577560425,95998,9999833929.786434,0.0,9567152918.469307,0,0
190,95999,-710.8444102037098,500,False,-58.646803232192994,1.3277325310334562,0.6265535122826695,0.3373459577560425,95999,9999833939.31243,0.0,22323356809.76171,0,0
191,96000,-709.071315742527,500,False,-58.646803232192994,1.3277325310334562,0.6265535122826695,0.3373459577560425,96000,9999834044.098377,0.0,17008271855.056547,0,0
192,103985,-462.2222051018585,500,False,-34.755463866233825,1.1749081565998494,0.568130719691515,0.2452569454908371,103985,9999831891.22345,0.0,311463978345.72424,0,0
193,103986,-709.0713157425286,500,False,-34.755463866233825,1.1749081565998494,0.568130719691515,0.2452569454908371,103986,9999833682.110558,0.0,1063016990.941034,0,0
194,103987,-708.4222051018542,500,False,-34.755463866233825,1.1749081565998494,0.568130719691515,0.2452569454908371,103987,9999833501.116648,0.0,1063016990.941034,0,0
195,103988,-709.0713157425274,500,False,-34.755463866233825,1.1749081565998494,0.568130719691515,0.2452569454908371,103988,9999833301.070747,0.0,1063016990.941034,0,0
196,103989,-708.4222051018543,500,False,-34.755463866233825,1.1749081565998494,0.568130719691515,0.2452569454908371,103989,9999833367.752714,0.0,1063016990.941034,0,0
197,103990,-705.3664770118536,500,False,-34.755463866233825,1.1749081565998494,0.568130719691515,0.2452569454908371,103990,9999833482.064657,0.0,1063016990.941034,0,0
198,103991,-709.0713157425286,500,False,-34.755463866233825,1.1749081565998494,0.568130719691515,0.2452569454908371,103991,9999833358.226719,0.0,1063016990.941034,0,0
199,103992,-709.0713157425274,500,False,-34.755463866233825,1.1749081565998494,0.568130719691515,0.2452569454908371,103992,9999833396.3307,0.0,1063016990.941034,0,0
200,103993,-709.071315742528,500,False,-34.755463866233825,1.1749081565998494,0.568130719691515,0.2452569454908371,103993,9999833434.43468,0.0,1063016990.941034,0,0
201,103994,-438.22220510185747,500,False,-34.755463866233825,1.1749081565998494,0.568130719691515,0.2452569454908371,103994,9999831300.611744,0.0,439026017258.64905,0,0
202,103995,-708.4222051018548,500,False,-34.755463866233825,1.1749081565998494,0.568130719691515,0.2452569454908371,103995,9999833177.23281,0.0,1063016990.941034,0,0
203,103996,-704.4222051018537,500,False,-34.755463866233825,1.1749081565998494,0.568130719691515,0.2452569454908371,103996,9999833282.018757,0.0,1063016990.941034,0,0
204,103997,-712.9146276043242,500,False,-34.755463866233825,1.1749081565998494,0.568130719691515,0.2452569454908371,103997,9999833577.32461,0.0,1063016990.941034,0,0
205,103998,-708.4222051018547,500,False,-34.755463866233825,1.1749081565998494,0.568130719691515,0.2452569454908371,103998,9999833482.064657,0.0,1063016990.941034,0,0
206,103999,-709.0713157425279,500,False,-34.755463866233825,1.1749081565998494,0.568130719691515,0.2452569454908371,103999,9999833567.798615,0.0,1063016990.941034,0,0
207,104000,-710.8444102037108,500,False,-34.755463866233825,1.1749081565998494,0.568130719691515,0.2452569454908371,104000,9999833539.220629,0.0,1063016990.941034,0,0
208,111985,-433.42220510185746,500,False,-13.679697904139758,1.1100892796479165,0.4868464066311717,0.2640857398509979,111985,9999831205.351791,0.0,468790493004.99817,0,0
209,111986,-432.4222051018576,500,False,-13.679697904139758,1.1100892796479165,0.4868464066311717,0.2640857398509979,111986,9999831148.19582,0.0,474105577959.70337,0,0
210,111987,-431.02220510185776,500,False,-13.679697904139758,1.1100892796479165,0.4868464066311717,0.2640857398509979,111987,9999831071.987858,0.0,481546696896.29065,0,0
211,111988,-434.22220510185736,500,False,-13.679697904139758,1.1100892796479165,0.4868464066311717,0.2640857398509979,111988,9999831243.455772,0.0,464538425041.234,0,0
212,111989,-432.4222051018575,500,False,-13.679697904139758,1.1100892796479165,0.4868464066311717,0.2640857398509979,111989,9999831205.351791,0.0,474105577959.70337,0,0
213,111990,-438.0222051018574,500,False,-13.679697904139758,1.1100892796479165,0.4868464066311717,0.2640857398509979,111990,9999831395.871696,0.0,444341102213.35425,0,0
214,111991,-442.8222051018576,500,False,-13.679697904139758,1.1100892796479165,0.4868464066311717,0.2640857398509979,111991,9999831624.495583,0.0,418828694430.7693,0,0
215,111992,-712.914627604323,500,False,-13.679697904139758,1.1100892796479165,0.4868464066311717,0.2640857398509979,111992,9999834568.028116,0.0,1063016990.941034,0,0
216,111993,-712.9146276043231,500,False,-13.679697904139758,1.1100892796479165,0.4868464066311717,0.2640857398509979,111993,9999834758.548021,0.0,1063016990.941034,0,0
217,111994,-433.0222051018575,500,False,-13.679697904139758,1.1100892796479165,0.4868464066311717,0.2640857398509979,111994,9999831224.403782,0.0,470916526986.88025,0,0
218,111995,-431.02220510185776,500,False,-13.679697904139758,1.1100892796479165,0.4868464066311717,0.2640857398509979,111995,9999831129.14383,0.0,481546696896.29065,0,0
219,111996,-430.4222051018577,500,False,-13.679697904139758,1.1100892796479165,0.4868464066311717,0.2640857398509979,111996,9999831110.091839,0.0,483672730878.1727,0,0
220,111997,-439.6222051018575,500,False,-13.679697904139758,1.1100892796479165,0.4868464066311717,0.2640857398509979,111997,9999831491.131649,0.0,435836966285.8259,0,0
221,111998,-435.2222051018573,500,False,-13.679697904139758,1.1100892796479165,0.4868464066311717,0.2640857398509979,111998,9999831319.663734,0.0,457097306104.6467,0,0
222,111999,-436.2222051018574,500,False,-13.679697904139758,1.1100892796479165,0.4868464066311717,0.2640857398509979,111999,9999831281.559753,0.0,452845238140.88257,0,0
223,112000,-437.0222051018573,500,False,-13.679697904139758,1.1100892796479165,0.4868464066311717,0.2640857398509979,112000,9999831453.027668,0.0,446467136195.2363,0,0
224,119985,-714.3107489218525,500,False,0.6816271198783069,1.114165006581694,0.45930986619740727,0.32551857829093933,119985,9999832767.615013,0.0,1063016990.941034,0,0
225,119986,-714.3107489218525,500,False,0.6816271198783069,1.114165006581694,0.45930986619740727,0.32551857829093933,119986,9999832862.874966,0.0,1063016990.941034,0,0
226,119987,-714.3107489218518,500,False,0.6816271198783069,1.114165006581694,0.45930986619740727,0.32551857829093933,119987,9999832824.770985,0.0,1063016990.941034,0,0
227,119988,-710.8444102037103,500,False,0.6816271198783069,1.114165006581694,0.45930986619740727,0.32551857829093933,119988,9999832777.141008,0.0,1063016990.941034,0,0
228,119989,-714.3107489218528,500,False,0.6816271198783069,1.114165006581694,0.45930986619740727,0.32551857829093933,119989,9999832672.35506,0.0,1063016990.941034,0,0
229,119990,-714.3107489218523,500,False,0.6816271198783069,1.114165006581694,0.45930986619740727,0.32551857829093933,119990,9999832786.667004,0.0,1063016990.941034,0,0
230,119991,-714.3107489218523,500,False,0.6816271198783069,1.114165006581694,0.45930986619740727,0.32551857829093933,119991,9999832824.770985,0.0,1063016990.941034,0,0
231,119992,-714.3107489218529,500,False,0.6816271198783069,1.114165006581694,0.45930986619740727,0.32551857829093933,119992,9999832748.563023,0.0,1063016990.941034,0,0
232,119993,-710.8444102037105,500,False,0.6816271198783069,1.114165006581694,0.45930986619740727,0.32551857829093933,119993,9999832662.829065,0.0,1063016990.941034,0,0
233,119994,-714.3107489218523,500,False,0.6816271198783069,1.114165006581694,0.45930986619740727,0.32551857829093933,119994,9999832805.718994,0.0,1063016990.941034,0,0
234,119995,-714.3107489218521,500,False,0.6816271198783069,1.114165006581694,0.45930986619740727,0.32551857829093933,119995,9999832538.991127,0.0,1063016990.941034,0,0
235,119996,-714.3107489218528,500,False,0.6816271198783069,1.114165006581694,0.45930986619740727,0.32551857829093933,119996,9999832805.718994,0.0,1063016990.941034,0,0
236,119997,-714.310748921853,500,False,0.6816271198783069,1.114165006581694,0.45930986619740727,0.32551857829093933,119997,9999832805.718994,0.0,1063016990.941034,0,0
237,119998,-714.3107489218531,500,False,0.6816271198783069,1.114165006581694,0.45930986619740727,0.32551857829093933,119998,9999832958.134918,0.0,1063016990.941034,0,0
238,119999,-714.3107489218526,500,False,0.6816271198783069,1.114165006581694,0.45930986619740727,0.32551857829093933,119999,9999832958.134918,0.0,1063016990.941034,0,0
239,120000,-714.3107489218517,500,False,0.6816271198783069,1.114165006581694,0.45930986619740727,0.32551857829093933,120000,9999832634.25108,0.0,1063016990.941034,0,0
240,127985,-499.5007529940544,500,False,5.24298012367636,1.1548485525660217,0.47480266085267064,0.3383234143257141,127985,9999833034.34288,0.0,17008271855.056547,0,0
241,127986,-500.5007529940538,500,False,5.24298012367636,1.1548485525660217,0.47480266085267064,0.3383234143257141,127986,9999833167.706814,0.0,15945254864.115513,0,0
242,127987,-495.19591426337985,500,False,5.24298012367636,1.1548485525660217,0.47480266085267064,0.3383234143257141,127987,9999832739.037027,0.0,21260339818.82068,0,0
243,127988,-499.30075299405394,500,False,5.24298012367636,1.1548485525660217,0.47480266085267064,0.3383234143257141,127988,9999833091.498852,0.0,18071288845.99758,0,0
244,127989,-495.7007529940546,500,False,5.24298012367636,1.1548485525660217,0.47480266085267064,0.3383234143257141,127989,9999832843.822975,0.0,36142577691.99513,0,0
245,127990,-495.99591426338003,500,False,5.24298012367636,1.1548485525660217,0.47480266085267064,0.3383234143257141,127990,9999832967.660913,0.0,15945254864.115513,0,0
246,127991,-501.9007529940537,500,False,5.24298012367636,1.1548485525660217,0.47480266085267064,0.3383234143257141,127991,9999832824.770985,0.0,10630169909.410341,0,0
247,127992,-498.10075299405446,500,False,5.24298012367636,1.1548485525660217,0.47480266085267064,0.3383234143257141,127992,9999832786.667004,0.0,26575424773.52584,0,0
248,127993,-502.3007529940543,500,False,5.24298012367636,1.1548485525660217,0.47480266085267064,0.3383234143257141,127993,9999832939.082928,0.0,8504135927.528273,0,0
249,127994,-498.900752994055,500,False,5.24298012367636,1.1548485525660217,0.47480266085267064,0.3383234143257141,127994,9999832900.978947,0.0,19134305836.938614,0,0
250,127995,-499.7007529940533,500,False,5.24298012367636,1.1548485525660217,0.47480266085267064,0.3383234143257141,127995,9999833072.446861,0.0,15945254864.115513,0,0
251,127996,-498.9007529940542,500,False,5.24298012367636,1.1548485525660217,0.47480266085267064,0.3383234143257141,127996,9999833034.34288,0.0,21260339818.82068,0,0
252,127997,-501.10075299405474,500,False,5.24298012367636,1.1548485525660217,0.47480266085267064,0.3383234143257141,127997,9999832939.082928,0.0,12756203891.29241,0,0
253,127998,-498.9007529940543,500,False,5.24298012367636,1.1548485525660217,0.47480266085267064,0.3383234143257141,127998,9999832996.2389,0.0,21260339818.82068,0,0
254,127999,-499.1007529940542,500,False,5.24298012367636,1.1548485525660217,0.47480266085267064,0.3383234143257141,127999,9999832996.2389,0.0,20197322827.879646,0,0
255,128000,-500.500752994054,500,False,5.24298012367636,1.1548485525660217,0.47480266085267064,0.3383234143257141,128000,9999832977.186909,0.0,13819220882.233444,0,0
256,135985,-429.85164235337953,500,False,15.424717734575271,1.094845622923225,0.3963700195029378,0.5043960809707642,135985,9999831957.905416,0.0,34016543710.113068,0,0
257,135986,-429.45164235337865,500,False,15.424717734575271,1.094845622923225,0.3963700195029378,0.5043960809707642,135986,9999832186.529303,0.0,49961798574.22855,0,0
258,135987,-433.8516423533802,500,False,15.424717734575271,1.094845622923225,0.3963700195029378,0.5043960809707642,135987,9999831634.021578,0.0,14882237873.174479,0,0
259,135988,-424.6222051018556,500,False,15.424717734575271,1.094845622923225,0.3963700195029378,0.5043960809707642,135988,9999832500.887146,0.0,59528951492.697845,0,0
260,135989,-424.22220510185605,500,False,15.424717734575271,1.094845622923225,0.3963700195029378,0.5043960809707642,135989,9999832291.31525,0.0,47835764592.34649,0,0
261,135990,-425.0222051018561,500,False,15.424717734575271,1.094845622923225,0.3963700195029378,0.5043960809707642,135990,9999832253.21127,0.0,49961798574.22855,0,0
262,135991,-428.65164235337886,500,False,15.424717734575271,1.094845622923225,0.3963700195029378,0.5043960809707642,135991,9999832186.529303,0.0,48898781583.28752,0,0
263,135992,-428.45164235337876,500,False,15.424717734575271,1.094845622923225,0.3963700195029378,0.5043960809707642,135992,9999832357.997217,0.0,52087832556.11062,0,0
264,135993,-428.8516423533797,500,False,15.424717734575271,1.094845622923225,0.3963700195029378,0.5043960809707642,135993,9999831938.853426,0.0,32953526719.172035,0,0
265,135994,-426.62220510185637,500,False,15.424717734575271,1.094845622923225,0.3963700195029378,0.5043960809707642,135994,9999831853.119469,0.0,37205594682.936165,0,0
266,135995,-428.25164235337877,500,False,15.424717734575271,1.094845622923225,0.3963700195029378,0.5043960809707642,135995,9999832281.789255,0.0,49961798574.22855,0,0
267,135996,-425.82220510185545,500,False,15.424717734575271,1.094845622923225,0.3963700195029378,0.5043960809707642,135996,9999832177.003307,0.0,54213866537.99268,0,0
268,135997,-429.25164235338,500,False,15.424717734575271,1.094845622923225,0.3963700195029378,0.5043960809707642,135997,9999831938.853426,0.0,28701458755.407906,0,0
269,135998,-427.45164235338024,500,False,15.424717734575271,1.094845622923225,0.3963700195029378,0.5043960809707642,135998,9999831862.645464,0.0,23386373800.702744,0,0
270,135999,-428.0516423533783,500,False,15.424717734575271,1.094845622923225,0.3963700195029378,0.5043960809707642,135999,9999832396.101198,0.0,63781019456.461975,0,0
271,136000,-425.42220510185547,500,False,15.424717734575271,1.094845622923225,0.3963700195029378,0.5043960809707642,136000,9999832291.31525,0.0,57402917510.81578,0,0
272,143985,-424.42220510185564,500,False,20.89454847550392,1.0046323763728142,0.4515658631771803,0.6245279908180237,143985,9999833815.474491,0.0,351858624001.48376,0,0
273,143986,-424.4222051018557,500,False,20.89454847550392,1.0046323763728142,0.4515658631771803,0.6245279908180237,143986,9999833739.26653,0.0,356110691965.2479,0,0
274,143987,-424.42220510185564,500,False,20.89454847550392,1.0046323763728142,0.4515658631771803,0.6245279908180237,143987,9999833834.526482,0.0,350795607010.5427,0,0
275,143988,-424.62220510185546,500,False,20.89454847550392,1.0046323763728142,0.4515658631771803,0.6245279908180237,143988,9999833720.214539,0.0,356110691965.2479,0,0
276,143989,-424.42220510185535,500,False,20.89454847550392,1.0046323763728142,0.4515658631771803,0.6245279908180237,143989,9999833815.474491,0.0,351858624001.48376,0,0
277,143990,-427.45164235337825,500,False,20.89454847550392,1.0046323763728142,0.4515658631771803,0.6245279908180237,143990,9999833901.208448,0.0,346543539046.77856,0,0
278,143991,-424.82220510185545,500,False,20.89454847550392,1.0046323763728142,0.4515658631771803,0.6245279908180237,143991,9999833891.682453,0.0,346543539046.77856,0,0
279,143992,-424.4222051018561,500,False,20.89454847550392,1.0046323763728142,0.4515658631771803,0.6245279908180237,143992,9999833510.642643,0.0,368866895856.5404,0,0
280,143993,-424.8222051018559,500,False,20.89454847550392,1.0046323763728142,0.4515658631771803,0.6245279908180237,143993,9999833567.798615,0.0,364614827892.77625,0,0
281,143994,-424.42220510185535,500,False,20.89454847550392,1.0046323763728142,0.4515658631771803,0.6245279908180237,143994,9999833853.578472,0.0,349732590019.6017,0,0
282,143995,-424.42220510185547,500,False,20.89454847550392,1.0046323763728142,0.4515658631771803,0.6245279908180237,143995,9999833701.162548,0.0,358236725947.13,0,0
283,143996,-424.4222051018555,500,False,20.89454847550392,1.0046323763728142,0.4515658631771803,0.6245279908180237,143996,9999833758.31852,0.0,355047674974.3069,0,0
284,143997,-424.42220510185547,500,False,20.89454847550392,1.0046323763728142,0.4515658631771803,0.6245279908180237,143997,9999833853.578472,0.0,349732590019.6017,0,0
285,143998,-425.02220510185566,500,False,20.89454847550392,1.0046323763728142,0.4515658631771803,0.6245279908180237,143998,9999833758.31852,0.0,352921640992.4248,0,0
286,143999,-424.8222051018554,500,False,20.89454847550392,1.0046323763728142,0.4515658631771803,0.6245279908180237,143999,9999833872.630463,0.0,347606556037.7196,0,0
287,144000,-427.8516423533782,500,False,20.89454847550392,1.0046323763728142,0.4515658631771803,0.6245279908180237,144000,9999833844.052477,0.0,347606556037.7196,0,0
288,151985,-419.16535085236336,500,False,28.339093922138215,0.9556000478193164,0.50613898229599,0.6031820178031921,151985,9999833644.006577,0.0,299770791445.3728,0,0
289,151986,-416.9959142633776,500,False,28.339093922138215,0.9556000478193164,0.50613898229599,0.6031820178031921,151986,9999833634.480581,0.0,270006315699.0237,0,0
290,151987,-421.48333192388435,500,False,28.339093922138215,0.9556000478193164,0.50613898229599,0.6031820178031921,151987,9999833472.538662,0.0,285951570563.1393,0,0
291,151988,-417.19591426337735,500,False,28.339093922138215,0.9556000478193164,0.50613898229599,0.6031820178031921,151988,9999833539.220629,0.0,307211910381.9601,0,0
292,151989,-420.1653508523633,500,False,28.339093922138215,0.9556000478193164,0.50613898229599,0.6031820178031921,151989,9999833605.902596,0.0,296581740472.5497,0,0
293,151990,-419.5653508523633,500,False,28.339093922138215,0.9556000478193164,0.50613898229599,0.6031820178031921,151990,9999833739.26653,0.0,293392689499.72656,0,0
294,151991,-420.28333192388453,500,False,28.339093922138215,0.9556000478193164,0.50613898229599,0.6031820178031921,151991,9999833472.538662,0.0,308274927372.9011,0,0
295,151992,-419.5653508523633,500,False,28.339093922138215,0.9556000478193164,0.50613898229599,0.6031820178031921,151992,9999833701.162548,0.0,293392689499.72656,0,0
296,151993,-419.11389533489853,500,False,28.339093922138215,0.9556000478193164,0.50613898229599,0.6031820178031921,151993,9999833577.32461,0.0,300833808436.31384,0,0
297,151994,-420.3653508523632,500,False,28.339093922138215,0.9556000478193164,0.50613898229599,0.6031820178031921,151994,9999833644.006577,0.0,298707774454.43176,0,0
298,151995,-417.19591426337763,500,False,28.339093922138215,0.9556000478193164,0.50613898229599,0.6031820178031921,151995,9999833463.012667,0.0,309337944363.84216,0,0
299,151996,-417.79591426337765,500,False,28.339093922138215,0.9556000478193164,0.50613898229599,0.6031820178031921,151996,9999833520.168638,0.0,305085876400.078,0,0
300,151997,-418.71389533489895,500,False,28.339093922138215,0.9556000478193164,0.50613898229599,0.6031820178031921,151997,9999833482.064657,0.0,305085876400.078,0,0
301,151998,-417.99591426337776,500,False,28.339093922138215,0.9556000478193164,0.50613898229599,0.6031820178031921,151998,9999833482.064657,0.0,300833808436.31384,0,0
302,151999,-416.3959142633778,500,False,28.339093922138215,0.9556000478193164,0.50613898229599,0.6031820178031921,151999,9999833615.42859,0.0,302959842418.1959,0,0
303,152000,-417.9959142633777,500,False,28.339093922138215,0.9556000478193164,0.50613898229599,0.6031820178031921,152000,9999833615.42859,0.0,297644757463.4907,0,0
304,159985,-429.65164235337994,500,False,33.5776160364151,0.9414829079769552,0.42601757633686066,0.7934836149215698,159985,9999834129.832335,0.0,4252067963.764136,0,0
305,159986,-429.76962342490094,500,False,33.5776160364151,0.9414829079769552,0.42601757633686066,0.7934836149215698,159986,9999833977.41641,0.0,10630169909.410341,0,0
306,159987,-427.85164235337936,500,False,33.5776160364151,0.9414829079769552,0.42601757633686066,0.7934836149215698,159987,9999834110.780344,0.0,29764475746.348938,0,0
307,159988,-430.16962342490075,500,False,33.5776160364151,0.9414829079769552,0.42601757633686066,0.7934836149215698,159988,9999833977.41641,0.0,15945254864.115513,0,0
308,159989,-429.0516423533789,500,False,33.5776160364151,0.9414829079769552,0.42601757633686066,0.7934836149215698,159989,9999834206.040297,0.0,43583696628.58236,0,0
309,159990,-431.2790593513495,500,False,33.5776160364151,0.9414829079769552,0.42601757633686066,0.7934836149215698,159990,9999833834.526482,0.0,14882237873.174479,0,0
310,159991,-430.47905935134884,500,False,33.5776160364151,0.9414829079769552,0.42601757633686066,0.7934836149215698,159991,9999834196.514301,0.0,29764475746.348938,0,0
311,159992,-430.87905935134904,500,False,33.5776160364151,0.9414829079769552,0.42601757633686066,0.7934836149215698,159992,9999833834.526482,0.0,5315084954.70517,0,0
312,159993,-430.6790593513495,500,False,33.5776160364151,0.9414829079769552,0.42601757633686066,0.7934836149215698,159993,9999833948.838425,0.0,8504135927.528273,0,0
313,159994,-430.4790593513494,500,False,33.5776160364151,0.9414829079769552,0.42601757633686066,0.7934836149215698,159994,9999833891.682453,0.0,17008271855.056547,0,0
314,159995,-430.2790593513495,500,False,33.5776160364151,0.9414829079769552,0.42601757633686066,0.7934836149215698,159995,9999833891.682453,0.0,10630169909.410341,0,0
315,159996,-429.25164235337957,500,False,33.5776160364151,0.9414829079769552,0.42601757633686066,0.7934836149215698,159996,9999833977.41641,0.0,21260339818.82068,0,0
316,159997,-429.0516423533797,500,False,33.5776160364151,0.9414829079769552,0.42601757633686066,0.7934836149215698,159997,9999834110.780344,0.0,13819220882.233444,0,0
317,159998,-421.3007529940535,500,False,33.5776160364151,0.9414829079769552,0.42601757633686066,0.7934836149215698,159998,9999834120.30634,0.0,2126033981.882068,0,0
318,159999,-431.5970404228704,500,False,33.5776160364151,0.9414829079769552,0.42601757633686066,0.7934836149215698,159999,9999833796.4225,0.0,4252067963.764136,0,0
319,160000,-430.47905935134963,500,False,33.5776160364151,0.9414829079769552,0.42601757633686066,0.7934836149215698,160000,9999833758.31852,0.0,4252067963.764136,0,0
320,167985,-510.6222051018564,500,False,28.709661402225496,0.9042753607779741,0.5522784027382731,0.6510928869247437,167985,9999834425.138187,0.0,36142577691.99513,0,0
321,167986,-476.02220510185595,500,False,28.709661402225496,0.9042753607779741,0.5522784027382731,0.6510928869247437,167986,9999834558.502121,0.0,136066174840.45267,0,0
322,167987,-518.8516423533786,500,False,28.709661402225496,0.9042753607779741,0.5522784027382731,0.6510928869247437,167987,9999834225.092287,0.0,19134305836.938614,0,0
323,167988,-517.2516423533796,500,False,28.709661402225496,0.9042753607779741,0.5522784027382731,0.6510928869247437,167988,9999834282.248259,0.0,21260339818.82068,0,0
324,167989,-501.8222051018573,500,False,28.709661402225496,0.9042753607779741,0.5522784027382731,0.6510928869247437,167989,9999834196.514301,0.0,61654985474.57991,0,0
325,167990,-512.6222051018558,500,False,28.709661402225496,0.9042753607779741,0.5522784027382731,0.6510928869247437,167990,9999834406.086197,0.0,25512407782.58481,0,0
326,167991,-707.735913600841,500,False,28.709661402225496,0.9042753607779741,0.5522784027382731,0.6510928869247437,167991,9999834234.618282,0.0,1063016990.941034,0,0
327,167992,-504.8222051018572,500,False,28.709661402225496,0.9042753607779741,0.5522784027382731,0.6510928869247437,167992,9999834425.138187,0.0,47835764592.34649,0,0
328,167993,-515.4738474552345,500,False,28.709661402225496,0.9042753607779741,0.5522784027382731,0.6510928869247437,167993,9999834396.560202,0.0,7441118936.587238,0,0
329,167994,-712.9146276043265,500,False,28.709661402225496,0.9042753607779741,0.5522784027382731,0.6510928869247437,167994,9999834358.45622,0.0,1063016990.941034,0,0
330,167995,-709.0713157425294,500,False,28.709661402225496,0.9042753607779741,0.5522784027382731,0.6510928869247437,167995,9999834272.722263,0.0,1063016990.941034,0,0
331,167996,-474.6738474552352,500,False,28.709661402225496,0.9042753607779741,0.5522784027382731,0.6510928869247437,167996,9999834472.768164,0.0,132877123867.62955,0,0
332,167997,-709.0713157425295,500,False,28.709661402225496,0.9042753607779741,0.5522784027382731,0.6510928869247437,167997,9999834329.878235,0.0,1063016990.941034,0,0
333,167998,-517.6222051018566,500,False,28.709661402225496,0.9042753607779741,0.5522784027382731,0.6510928869247437,167998,9999834348.930225,0.0,12756203891.29241,0,0
334,167999,-714.3107489218538,500,False,28.709661402225496,0.9042753607779741,0.5522784027382731,0.6510928869247437,167999,9999834272.722263,0.0,1063016990.941034,0,0
335,168000,-505.0222051018567,500,False,28.709661402225496,0.9042753607779741,0.5522784027382731,0.6510928869247437,168000,9999834501.34615,0.0,52087832556.11062,0,0
336,175985,-423.70075299405295,500,False,32.20047320270538,0.9564493880718946,0.6361320288032293,0.46119749546051025,175985,9999833834.526482,0.0,115868852012.5729,0,0
337,175986,-449.6738474552354,500,False,32.20047320270538,0.9564493880718946,0.6361320288032293,0.46119749546051025,175986,9999834053.624372,0.0,69096104411.16714,0,0
338,175987,-432.25164235337905,500,False,32.20047320270538,0.9564493880718946,0.6361320288032293,0.46119749546051025,175987,9999834015.520391,0.0,144570310767.981,0,0
339,175988,-437.9959142633788,500,False,32.20047320270538,0.9564493880718946,0.6361320288032293,0.46119749546051025,175988,9999834034.572382,0.0,75474206356.81339,0,0
340,175989,-449.6738474552358,500,False,32.20047320270538,0.9564493880718946,0.6361320288032293,0.46119749546051025,175989,9999834186.988306,0.0,80789291311.51859,0,0
341,175990,-439.365350852364,500,False,32.20047320270538,0.9564493880718946,0.6361320288032293,0.46119749546051025,175990,9999833948.838425,0.0,66970070429.28507,0,0
342,175991,-431.05164235337975,500,False,32.20047320270538,0.9564493880718946,0.6361320288032293,0.46119749546051025,175991,9999833863.104467,0.0,124372987940.10123,0,0
343,175992,-453.9653508523648,500,False,32.20047320270538,0.9564493880718946,0.6361320288032293,0.46119749546051025,175992,9999833853.578472,0.0,76537223347.75443,0,0
344,175993,-447.27384745523557,500,False,32.20047320270538,0.9564493880718946,0.6361320288032293,0.46119749546051025,175993,9999834015.520391,0.0,87167393257.16483,0,0
345,175994,-426.873847455236,500,False,32.20047320270538,0.9564493880718946,0.6361320288032293,0.46119749546051025,175994,9999834129.832335,0.0,100986614139.39835,0,0
346,175995,-432.1959142633787,500,False,32.20047320270538,0.9564493880718946,0.6361320288032293,0.46119749546051025,175995,9999834167.936316,0.0,102049631130.33939,0,0
347,175996,-435.39591426337853,500,False,32.20047320270538,0.9564493880718946,0.6361320288032293,0.46119749546051025,175996,9999833958.36442,0.0,65907053438.34404,0,0
348,175997,-432.70075299405306,500,False,32.20047320270538,0.9564493880718946,0.6361320288032293,0.46119749546051025,175997,9999834044.098377,0.0,106301699094.10355,0,0
349,175998,-423.59591426337875,500,False,32.20047320270538,0.9564493880718946,0.6361320288032293,0.46119749546051025,175998,9999833939.31243,0.0,78663257329.6365,0,0
350,175999,-435.6738474552352,500,False,32.20047320270538,0.9564493880718946,0.6361320288032293,0.46119749546051025,175999,9999834034.572382,0.0,81852308302.45963,0,0
351,176000,-433.50075299405313,500,False,32.20047320270538,0.9564493880718946,0.6361320288032293,0.46119749546051025,176000,9999834139.35833,0.0,104175665112.22147,0,0
352,183985,-424.42220510185706,500,False,37.239561294078825,0.9957342984862626,0.5291207902804017,0.38172248005867004,183985,9999834196.514301,0.0,98860580157.51627,0,0
353,183986,-418.7653508523645,500,False,37.239561294078825,0.9957342984862626,0.5291207902804017,0.38172248005867004,183986,9999834139.35833,0.0,90356444229.98795,0,0
354,183987,-416.79591426337913,500,False,37.239561294078825,0.9957342984862626,0.5291207902804017,0.38172248005867004,183987,9999833958.36442,0.0,73348172374.9313,0,0
355,183988,-425.0222051018566,500,False,37.239561294078825,0.9957342984862626,0.5291207902804017,0.38172248005867004,183988,9999834196.514301,0.0,91419461220.92899,0,0
356,183989,-430.47905935134855,500,False,37.239561294078825,0.9957342984862626,0.5291207902804017,0.38172248005867004,183989,9999834253.670273,0.0,77600240338.69547,0,0
357,183990,-430.2790593513488,500,False,37.239561294078825,0.9957342984862626,0.5291207902804017,0.38172248005867004,183990,9999834196.514301,0.0,106301699094.10355,0,0
358,183991,-430.279059351349,500,False,37.239561294078825,0.9957342984862626,0.5291207902804017,0.38172248005867004,183991,9999834272.722263,0.0,112679801039.74979,0,0
359,183992,-430.07905935134903,500,False,37.239561294078825,0.9957342984862626,0.5291207902804017,0.38172248005867004,183992,9999834101.254349,0.0,87167393257.16483,0,0
360,183993,-424.4222051018569,500,False,37.239561294078825,0.9957342984862626,0.5291207902804017,0.38172248005867004,183993,9999834177.46231,0.0,129688072894.80643,0,0
361,183994,-427.45164235337944,500,False,37.239561294078825,0.9957342984862626,0.5291207902804017,0.38172248005867004,183994,9999834148.884325,0.0,125436004931.04227,0,0
362,183995,-430.87905935134904,500,False,37.239561294078825,0.9957342984862626,0.5291207902804017,0.38172248005867004,183995,9999834063.150368,0.0,74411189365.87234,0,0
363,183996,-416.79591426337913,500,False,37.239561294078825,0.9957342984862626,0.5291207902804017,0.38172248005867004,183996,9999834167.936316,0.0,74411189365.87234,0,0
364,183997,-427.45164235338007,500,False,37.239561294078825,0.9957342984862626,0.5291207902804017,0.38172248005867004,183997,9999834129.832335,0.0,109490750066.92667,0,0
365,183998,-430.07905935134977,500,False,37.239561294078825,0.9957342984862626,0.5291207902804017,0.38172248005867004,183998,9999833853.578472,0.0,74411189365.87234,0,0
366,183999,-421.8738474552354,500,False,37.239561294078825,0.9957342984862626,0.5291207902804017,0.38172248005867004,183999,9999834186.988306,0.0,113742818030.69083,0,0
367,184000,-422.0738474552359,500,False,37.239561294078825,0.9957342984862626,0.5291207902804017,0.38172248005867004,184000,9999834015.520391,0.0,94608512193.7521,0,0
368,191985,-433.4738474552351,500,False,39.94064014482498,1.090535393640399,0.5089871399998664,0.33231329917907715,191985,9999833558.27262,0.0,98860580157.51627,0,0
369,191986,-425.19591426337865,500,False,39.94064014482498,1.090535393640399,0.5089871399998664,0.33231329917907715,191986,9999833653.532572,0.0,73348172374.9313,0,0
370,191987,-416.7959142633787,500,False,39.94064014482498,1.090535393640399,0.5089871399998664,0.33231329917907715,191987,9999833958.36442,0.0,71222138393.04922,0,0
371,191988,-425.0222051018565,500,False,39.94064014482498,1.090535393640399,0.5089871399998664,0.33231329917907715,191988,9999834120.30634,0.0,119057902985.39603,0,0
372,191989,-426.50075299405313,500,False,39.94064014482498,1.090535393640399,0.5089871399998664,0.33231329917907715,191989,9999834025.046387,0.0,105238682103.1625,0,0
373,191990,-428.8738474552353,500,False,39.94064014482498,1.090535393640399,0.5089871399998664,0.33231329917907715,191990,9999833882.156458,0.0,113742818030.69083,0,0
374,191991,-421.7007529940532,500,False,39.94064014482498,1.090535393640399,0.5089871399998664,0.33231329917907715,191991,9999833986.942406,0.0,100986614139.39835,0,0
375,191992,-427.4516423533791,500,False,39.94064014482498,1.090535393640399,0.5089871399998664,0.33231329917907715,191992,9999834015.520391,0.0,90356444229.98795,0,0
376,191993,-419.7653508523641,500,False,39.94064014482498,1.090535393640399,0.5089871399998664,0.33231329917907715,191993,9999834005.994396,0.0,105238682103.1625,0,0
377,191994,-422.56535085236453,500,False,39.94064014482498,1.090535393640399,0.5089871399998664,0.33231329917907715,191994,9999833853.578472,0.0,88230410248.10587,0,0
378,191995,-420.9653508523644,500,False,39.94064014482498,1.090535393640399,0.5089871399998664,0.33231329917907715,191995,9999833853.578472,0.0,116931869003.51395,0,0
379,191996,-422.1959142633787,500,False,39.94064014482498,1.090535393640399,0.5089871399998664,0.33231329917907715,191996,9999833520.168638,0.0,78663257329.6365,0,0
380,191997,-434.0222051018563,500,False,39.94064014482498,1.090535393640399,0.5089871399998664,0.33231329917907715,191997,9999833739.26653,0.0,128625055903.86539,0,0
381,191998,-428.0738474552351,500,False,39.94064014482498,1.090535393640399,0.5089871399998664,0.33231329917907715,191998,9999833996.468401,0.0,107364716085.04459,0,0
382,191999,-422.7653508523647,500,False,39.94064014482498,1.090535393640399,0.5089871399998664,0.33231329917907715,191999,9999833948.838425,0.0,119057902985.39603,0,0
383,192000,-424.79591426337856,500,False,39.94064014482498,1.090535393640399,0.5089871399998664,0.33231329917907715,192000,9999833691.636553,0.0,93545495202.81107,0,0
384,199985,-420.1653508523639,500,False,40.13620303821564,1.2233757105767726,0.44227002932876347,0.42033642530441284,199985,9999832958.134918,0.0,120120919976.33707,0,0
385,199986,-426.02220510185634,500,False,40.13620303821564,1.2233757105767726,0.44227002932876347,0.42033642530441284,199986,9999833167.706814,0.0,128625055903.86539,0,0
386,199987,-427.9401861733778,500,False,40.13620303821564,1.2233757105767726,0.44227002932876347,0.42033642530441284,199987,9999833072.446861,0.0,121183936967.2781,0,0
387,199988,-423.08333192388505,500,False,40.13620303821564,1.2233757105767726,0.44227002932876347,0.42033642530441284,199988,9999833091.498852,0.0,107364716085.04459,0,0
388,199989,-423.4738474552353,500,False,40.13620303821564,1.2233757105767726,0.44227002932876347,0.42033642530441284,199989,9999833253.440771,0.0,127562038912.92435,0,0
389,199990,-429.14018617337774,500,False,40.13620303821564,1.2233757105767726,0.44227002932876347,0.42033642530441284,199990,9999833320.122738,0.0,131814106876.6885,0,0
390,199991,-438.3549384960685,500,False,40.13620303821564,1.2233757105767726,0.44227002932876347,0.42033642530441284,199991,9999834396.560202,0.0,4252067963.764136,0,0
391,199992,-423.0738474552353,500,False,40.13620303821564,1.2233757105767726,0.44227002932876347,0.42033642530441284,199992,9999833253.440771,0.0,106301699094.10355,0,0
392,199993,-433.5696234249006,500,False,40.13620303821564,1.2233757105767726,0.44227002932876347,0.42033642530441284,199993,9999832986.712904,0.0,107364716085.04459,0,0
393,199994,-428.740186173378,500,False,40.13620303821564,1.2233757105767726,0.44227002932876347,0.42033642530441284,199994,9999833129.602833,0.0,128625055903.86539,0,0
394,199995,-434.6790593513489,500,False,40.13620303821564,1.2233757105767726,0.44227002932876347,0.42033642530441284,199995,9999832843.822975,0.0,107364716085.04459,0,0
395,199996,-430.3696234249003,500,False,40.13620303821564,1.2233757105767726,0.44227002932876347,0.42033642530441284,199996,9999833272.492762,0.0,129688072894.80643,0,0
396,199997,-420.16535085236404,500,False,40.13620303821564,1.2233757105767726,0.44227002932876347,0.42033642530441284,199997,9999833091.498852,0.0,127562038912.92435,0,0
397,199998,-430.0516423533791,500,False,40.13620303821564,1.2233757105767726,0.44227002932876347,0.42033642530441284,199998,9999833120.076838,0.0,116931869003.51395,0,0
398,199999,-434.7401861733774,500,False,40.13620303821564,1.2233757105767726,0.44227002932876347,0.42033642530441284,199999,9999833091.498852,0.0,116931869003.51395,0,0
399,200000,-426.4222051018567,500,False,40.13620303821564,1.2233757105767726,0.44227002932876347,0.42033642530441284,200000,9999833072.446861,0.0,109490750066.92667,0,0
400,207985,-428.4516423533794,500,False,31.826345380306243,1.4552503201290965,0.34976069993153214,0.6433501243591309,207985,9999834129.832335,0.0,114805835021.63187,0,0
401,207986,-421.8738474552354,500,False,31.826345380306243,1.4552503201290965,0.34976069993153214,0.6433501243591309,207986,9999834186.988306,0.0,107364716085.04459,0,0
402,207987,-424.4222051018564,500,False,31.826345380306243,1.4552503201290965,0.34976069993153214,0.6433501243591309,207987,9999834406.086197,0.0,124372987940.10123,0,0
403,207988,-424.62220510185654,500,False,31.826345380306243,1.4552503201290965,0.34976069993153214,0.6433501243591309,207988,9999834272.722263,0.0,115868852012.5729,0,0
404,207989,-424.6738474552354,500,False,31.826345380306243,1.4552503201290965,0.34976069993153214,0.6433501243591309,207989,9999834110.780344,0.0,104175665112.22147,0,0
405,207990,-428.94018617337775,500,False,31.826345380306243,1.4552503201290965,0.34976069993153214,0.6433501243591309,207990,9999834177.46231,0.0,107364716085.04459,0,0
406,207991,-422.6738474552352,500,False,31.826345380306243,1.4552503201290965,0.34976069993153214,0.6433501243591309,207991,9999834263.196268,0.0,120120919976.33707,0,0
407,207992,-428.8516423533794,500,False,31.826345380306243,1.4552503201290965,0.34976069993153214,0.6433501243591309,207992,9999834282.248259,0.0,126499021921.9833,0,0
408,207993,-429.8516423533795,500,False,31.826345380306243,1.4552503201290965,0.34976069993153214,0.6433501243591309,207993,9999834148.884325,0.0,108427733075.98563,0,0
409,207994,-424.62220510185654,500,False,31.826345380306243,1.4552503201290965,0.34976069993153214,0.6433501243591309,207994,9999834215.566292,0.0,107364716085.04459,0,0
410,207995,-421.87384745523514,500,False,31.826345380306243,1.4552503201290965,0.34976069993153214,0.6433501243591309,207995,9999834301.30025,0.0,119057902985.39603,0,0
411,207996,-428.6516423533793,500,False,31.826345380306243,1.4552503201290965,0.34976069993153214,0.6433501243591309,207996,9999834320.35224,0.0,112679801039.74979,0,0
412,207997,-430.34018617337773,500,False,31.826345380306243,1.4552503201290965,0.34976069993153214,0.6433501243591309,207997,9999834082.202358,0.0,103112648121.28043,0,0
413,207998,-426.94018617337775,500,False,31.826345380306243,1.4552503201290965,0.34976069993153214,0.6433501243591309,207998,9999834291.774254,0.0,124372987940.10123,0,0
414,207999,-424.82220510185664,500,False,31.826345380306243,1.4552503201290965,0.34976069993153214,0.6433501243591309,207999,9999834367.982216,0.0,121183936967.2781,0,0
415,208000,-427.5401861733777,500,False,31.826345380306243,1.4552503201290965,0.34976069993153214,0.6433501243591309,208000,9999834139.35833,0.0,107364716085.04459,0,0
416,215985,-536.6924903729424,500,False,1.3936859970986843,2.105300890132785,0.31145218478143216,0.7873328328132629,215985,9999834625.184088,0.0,78663257329.6365,2,0
417,215986,-834.8844580833797,500,False,1.3936859970986843,2.105300890132785,0.31145218478143216,0.7873328328132629,215986,9999834529.924135,0.0,70159121402.10818,8,0
418,215987,-685.484458083377,500,False,1.3936859970986843,2.105300890132785,0.31145218478143216,0.7873328328132629,215987,9999834653.762074,0.0,80789291311.51859,5,0
419,215988,-788.3163713373597,500,False,1.3936859970986843,2.105300890132785,0.31145218478143216,0.7873328328132629,215988,9999834644.236078,0.0,73348172374.9313,7,0
420,215989,-734.6844580833782,500,False,1.3936859970986843,2.105300890132785,0.31145218478143216,0.7873328328132629,215989,9999834587.080107,0.0,78663257329.6365,6,0
421,215990,-884.8844580833802,500,False,1.3936859970986843,2.105300890132785,0.31145218478143216,0.7873328328132629,215990,9999834501.34615,0.0,80789291311.51859,9,0
422,215991,-688.1163713373567,500,False,1.3936859970986843,2.105300890132785,0.31145218478143216,0.7873328328132629,215991,9999834453.716173,0.0,81852308302.45963,5,0
423,215992,-834.68445808338,500,False,1.3936859970986843,2.105300890132785,0.31145218478143216,0.7873328328132629,215992,9999834529.924135,0.0,75474206356.81339,8,0
424,215993,-885.4844580833799,500,False,1.3936859970986843,2.105300890132785,0.31145218478143216,0.7873328328132629,215993,9999834710.918045,0.0,83978342284.3417,9,0
425,215994,-539.7198161984024,500,False,1.3936859970986843,2.105300890132785,0.31145218478143216,0.7873328328132629,215994,9999834606.132097,0.0,74411189365.87234,0,0
426,215995,-487.70995352616626,500,False,1.3936859970986843,2.105300890132785,0.31145218478143216,0.7873328328132629,215995,9999834158.41032,0.0,72285155383.99026,0,0
427,215996,-591.7404682060593,500,False,1.3936859970986843,2.105300890132785,0.31145218478143216,0.7873328328132629,215996,9999834758.548021,0.0,76537223347.75443,3,0
428,215997,-536.2924903729426,500,False,1.3936859970986843,2.105300890132785,0.31145218478143216,0.7873328328132629,215997,9999834225.092287,0.0,64844036447.40301,2,0
429,215998,-735.8924903729459,500,False,1.3936859970986843,2.105300890132785,0.31145218478143216,0.7873328328132629,215998,9999834472.768164,0.0,73348172374.9313,6,0
430,215999,-491.7406841103483,500,False,1.3936859970986843,2.105300890132785,0.31145218478143216,0.7873328328132629,215999,9999834577.554111,0.0,76537223347.75443,1,0
431,216000,-884.8844580833792,500,False,1.3936859970986843,2.105300890132785,0.31145218478143216,0.7873328328132629,216000,9999834596.606102,0.0,56339900519.87475,9,0
432,223985,-863.4891957665463,500,False,-61.98650339746475,1.851158581994474,0.1779829621007666,1.1080055236816406,223985,9999835215.795794,0.0,1063016990.941034,0,0
433,223986,-790.3919681480635,500,False,-61.98650339746475,1.851158581994474,0.1779829621007666,1.1080055236816406,223986,9999834920.48994,0.0,1063016990.941034,0,0
434,223987,-797.1428142442334,500,False,-61.98650339746475,1.851158581994474,0.1779829621007666,1.1080055236816406,223987,9999835234.847784,0.0,1063016990.941034,0,0
435,223988,-800.0503484786067,500,False,-61.98650339746475,1.851158581994474,0.1779829621007666,1.1080055236816406,223988,9999835025.275888,0.0,1063016990.941034,0,0
436,223989,-814.0611137822085,500,False,-61.98650339746475,1.851158581994474,0.1779829621007666,1.1080055236816406,223989,9999835044.327879,0.0,1063016990.941034,0,0
437,223990,-861.1329321110153,500,False,-61.98650339746475,1.851158581994474,0.1779829621007666,1.1080055236816406,223990,9999835139.587831,0.0,1063016990.941034,0,0
438,223991,-793.2995023824358,500,False,-61.98650339746475,1.851158581994474,0.1779829621007666,1.1080055236816406,223991,9999835244.37378,0.0,1063016990.941034,0,0
439,223992,-824.9311083816967,500,False,-61.98650339746475,1.851158581994474,0.1779829621007666,1.1080055236816406,223992,9999835244.37378,0.0,1063016990.941034,0,0
440,223993,-790.3919681480634,500,False,-61.98650339746475,1.851158581994474,0.1779829621007666,1.1080055236816406,223993,9999835091.957855,0.0,1063016990.941034,0,0
441,223994,-805.689781657931,500,False,-61.98650339746475,1.851158581994474,0.1779829621007666,1.1080055236816406,223994,9999834872.859964,0.0,1063016990.941034,0,0
442,223995,-800.0503484786044,500,False,-61.98650339746475,1.851158581994474,0.1779829621007666,1.1080055236816406,223995,9999835330.107737,0.0,1063016990.941034,0,0
443,223996,-828.2630073266482,500,False,-61.98650339746475,1.851158581994474,0.1779829621007666,1.1080055236816406,223996,9999835168.165817,0.0,1063016990.941034,0,0
444,223997,-807.6615382648795,500,False,-61.98650339746475,1.851158581994474,0.1779829621007666,1.1080055236816406,223997,9999835282.47776,0.0,1063016990.941034,0,0
445,223998,-797.1428142442333,500,False,-61.98650339746475,1.851158581994474,0.1779829621007666,1.1080055236816406,223998,9999835082.43186,0.0,1063016990.941034,0,0
446,223999,-796.2070366168091,500,False,-61.98650339746475,1.851158581994474,0.1779829621007666,1.1080055236816406,223999,9999835187.217808,0.0,1063016990.941034,0,0
447,224000,-793.2995023824361,500,False,-61.98650339746475,1.851158581994474,0.1779829621007666,1.1080055236816406,224000,9999835225.321789,0.0,1063016990.941034,0,0
448,231985,-715.731855681792,500,False,-95.11401901245117,1.8269782858118415,0.40927912322059273,1.2807966470718384,231985,9999834930.015936,0.0,1063016990.941034,0,0
449,231986,-711.8885438199949,500,False,-95.11401901245117,1.8269782858118415,0.40927912322059273,1.2807966470718384,231986,9999835091.957855,0.0,1063016990.941034,0,0
450,231987,-708.1837050893209,500,False,-95.11401901245117,1.8269782858118415,0.40927912322059273,1.2807966470718384,231987,9999834815.703993,0.0,1063016990.941034,0,0
451,231988,-715.731855681792,500,False,-95.11401901245117,1.8269782858118415,0.40927912322059273,1.2807966470718384,231988,9999835082.43186,0.0,1063016990.941034,0,0
452,231989,-711.8885438199949,500,False,-95.11401901245117,1.8269782858118415,0.40927912322059273,1.2807966470718384,231989,9999835149.113827,0.0,1063016990.941034,0,0
453,231990,-711.8885438199949,500,False,-95.11401901245117,1.8269782858118415,0.40927912322059273,1.2807966470718384,231990,9999835168.165817,0.0,1063016990.941034,0,0
454,231991,-711.8885438199947,500,False,-95.11401901245117,1.8269782858118415,0.40927912322059273,1.2807966470718384,231991,9999835053.853874,0.0,1063016990.941034,0,0
455,231992,-715.731855681792,500,False,-95.11401901245117,1.8269782858118415,0.40927912322059273,1.2807966470718384,231992,9999835044.327879,0.0,1063016990.941034,0,0
456,231993,-715.731855681792,500,False,-95.11401901245117,1.8269782858118415,0.40927912322059273,1.2807966470718384,231993,9999835025.275888,0.0,1063016990.941034,0,0
457,231994,-707.2394331793216,500,False,-95.11401901245117,1.8269782858118415,0.40927912322059273,1.2807966470718384,231994,9999834996.697903,0.0,1063016990.941034,0,0
458,231995,-711.8885438199949,500,False,-95.11401901245117,1.8269782858118415,0.40927912322059273,1.2807966470718384,231995,9999835072.905865,0.0,1063016990.941034,0,0
459,231996,-711.8885438199948,500,False,-95.11401901245117,1.8269782858118415,0.40927912322059273,1.2807966470718384,231996,9999835053.853874,0.0,1063016990.941034,0,0
460,231997,-711.8885438199947,500,False,-95.11401901245117,1.8269782858118415,0.40927912322059273,1.2807966470718384,231997,9999835091.957855,0.0,1063016990.941034,0,0
461,231998,-715.731855681792,500,False,-95.11401901245117,1.8269782858118415,0.40927912322059273,1.2807966470718384,231998,9999835063.37987,0.0,1063016990.941034,0,0
462,231999,-715.731855681792,500,False,-95.11401901245117,1.8269782858118415,0.40927912322059273,1.2807966470718384,231999,9999835101.48385,0.0,1063016990.941034,0,0
463,232000,-715.731855681792,500,False,-95.11401901245117,1.8269782858118415,0.40927912322059273,1.2807966470718384,232000,9999835025.275888,0.0,1063016990.941034,0,0
464,239985,-719.239433179323,500,False,-127.7225975074768,2.161119722083211,0.47884482055902483,1.4291784763336182,239985,9999833863.104467,0.0,1063016990.941034,0,0
465,239986,-719.2394331793228,500,False,-127.7225975074768,2.161119722083211,0.47884482055902483,1.4291784763336182,239986,9999833786.896505,0.0,1063016990.941034,0,0
466,239987,-715.2394331793231,500,False,-127.7225975074768,2.161119722083211,0.47884482055902483,1.4291784763336182,239987,9999833396.3307,0.0,1063016990.941034,0,0
467,239988,-719.6355112336943,500,False,-127.7225975074768,2.161119722083211,0.47884482055902483,1.4291784763336182,239988,9999833434.43468,0.0,1063016990.941034,0,0
468,239989,-719.6355112336944,500,False,-127.7225975074768,2.161119722083211,0.47884482055902483,1.4291784763336182,239989,9999833301.070747,0.0,1063016990.941034,0,0
469,239990,-720.1574142508445,500,False,-127.7225975074768,2.161119722083211,0.47884482055902483,1.4291784763336182,239990,9999833501.116648,0.0,1063016990.941034,0,0
470,239991,-711.2394331793236,500,False,-127.7225975074768,2.161119722083211,0.47884482055902483,1.4291784763336182,239991,9999833710.688543,0.0,1063016990.941034,0,0
471,239992,-716.157414250844,500,False,-127.7225975074768,2.161119722083211,0.47884482055902483,1.4291784763336182,239992,9999833396.3307,0.0,1063016990.941034,0,0
472,239993,-716.4222051018545,500,False,-127.7225975074768,2.161119722083211,0.47884482055902483,1.4291784763336182,239993,9999833710.688543,0.0,1063016990.941034,0,0
473,239994,-765.2394331793226,500,False,-127.7225975074768,2.161119722083211,0.47884482055902483,1.4291784763336182,239994,9999833596.3766,0.0,1063016990.941034,1,0
474,239995,-715.2394331793229,500,False,-127.7225975074768,2.161119722083211,0.47884482055902483,1.4291784763336182,239995,9999833396.3307,0.0,1063016990.941034,0,0
475,239996,-719.2394331793232,500,False,-127.7225975074768,2.161119722083211,0.47884482055902483,1.4291784763336182,239996,9999833539.220629,0.0,1063016990.941034,0,0
476,239997,-719.2394331793229,500,False,-127.7225975074768,2.161119722083211,0.47884482055902483,1.4291784763336182,239997,9999834472.768164,0.0,1063016990.941034,0,0
477,239998,-716.818283156225,500,False,-127.7225975074768,2.161119722083211,0.47884482055902483,1.4291784763336182,239998,9999833986.942406,0.0,1063016990.941034,0,0
478,239999,-711.2394331793232,500,False,-127.7225975074768,2.161119722083211,0.47884482055902483,1.4291784763336182,239999,9999833691.636553,0.0,1063016990.941034,0,0
479,240000,-715.7318556817941,500,False,-127.7225975074768,2.161119722083211,0.47884482055902483,1.4291784763336182,240000,9999833786.896505,0.0,1063016990.941034,0,0
480,247985,-711.2394331793226,500,False,-170.11146019744874,2.7024770940989256,0.48488653684407473,1.5201082229614258,247985,9999834358.45622,0.0,1063016990.941034,0,0
481,247986,-763.3401861733747,500,False,-170.11146019744874,2.7024770940989256,0.48488653684407473,1.5201082229614258,247986,9999834644.236078,0.0,1063016990.941034,1,0
482,247987,-712.9146276043246,500,False,-170.11146019744874,2.7024770940989256,0.48488653684407473,1.5201082229614258,247987,9999834434.664183,0.0,1063016990.941034,0,0
483,247988,-712.4222051018543,500,False,-170.11146019744874,2.7024770940989256,0.48488653684407473,1.5201082229614258,247988,9999834596.606102,0.0,1063016990.941034,0,0
484,247989,-712.9146276043246,500,False,-170.11146019744874,2.7024770940989256,0.48488653684407473,1.5201082229614258,247989,9999834510.872145,0.0,1063016990.941034,0,0
485,247990,-713.832608675846,500,False,-170.11146019744874,2.7024770940989256,0.48488653684407473,1.5201082229614258,247990,9999834548.976126,0.0,1063016990.941034,0,0
486,247991,-713.3401861733754,500,False,-170.11146019744874,2.7024770940989256,0.48488653684407473,1.5201082229614258,247991,9999834749.022026,0.0,1063016990.941034,0,0
487,247992,-712.9146276043244,500,False,-170.11146019744874,2.7024770940989256,0.48488653684407473,1.5201082229614258,247992,9999834358.45622,0.0,1063016990.941034,0,0
488,247993,-713.8326086758457,500,False,-170.11146019744874,2.7024770940989256,0.48488653684407473,1.5201082229614258,247993,9999834625.184088,0.0,1063016990.941034,0,0
489,247994,-709.0713157425276,500,False,-170.11146019744874,2.7024770940989256,0.48488653684407473,1.5201082229614258,247994,9999834596.606102,0.0,1063016990.941034,0,0
490,247995,-716.4222051018535,500,False,-170.11146019744874,2.7024770940989256,0.48488653684407473,1.5201082229614258,247995,9999834606.132097,0.0,1063016990.941034,0,0
491,247996,-709.0713157425275,500,False,-170.11146019744874,2.7024770940989256,0.48488653684407473,1.5201082229614258,247996,9999834501.34615,0.0,1063016990.941034,0,0
492,247997,-709.0713157425276,500,False,-170.11146019744874,2.7024770940989256,0.48488653684407473,1.5201082229614258,247997,9999834482.294159,0.0,1063016990.941034,0,0
493,247998,-716.4222051018539,500,False,-170.11146019744874,2.7024770940989256,0.48488653684407473,1.5201082229614258,247998,9999834510.872145,0.0,1063016990.941034,0,0
494,247999,-712.422205101854,500,False,-170.11146019744874,2.7024770940989256,0.48488653684407473,1.5201082229614258,247999,9999834425.138187,0.0,1063016990.941034,0,0
495,248000,-712.9146276043244,500,False,-170.11146019744874,2.7024770940989256,0.48488653684407473,1.5201082229614258,248000,9999834453.716173,0.0,1063016990.941034,0,0
496,255985,-715.7318556817924,500,False,-215.97296895217895,3.3693071010261773,0.5235579199567437,1.1557167768478394,255985,9999832491.36115,0.0,1063016990.941034,0,0
497,255986,-761.8885438199942,500,False,-215.97296895217895,3.3693071010261773,0.5235579199567437,1.1557167768478394,255986,9999832396.101198,0.0,1063016990.941034,1,0
498,255987,-715.731855681793,500,False,-215.97296895217895,3.3693071010261773,0.5235579199567437,1.1557167768478394,255987,9999832605.673094,0.0,1063016990.941034,0,0
499,255988,-716.649836753314,500,False,-215.97296895217895,3.3693071010261773,0.5235579199567437,1.1557167768478394,255988,9999832319.893236,0.0,1063016990.941034,0,0
500,255989,-713.3401861733746,500,False,-215.97296895217895,3.3693071010261773,0.5235579199567437,1.1557167768478394,255989,9999832367.523212,0.0,1063016990.941034,0,0
501,255990,-766.6498367533138,500,False,-215.97296895217895,3.3693071010261773,0.5235579199567437,1.1557167768478394,255990,9999832310.36724,0.0,1063016990.941034,1,0
502,255991,-715.7318556817927,500,False,-215.97296895217895,3.3693071010261773,0.5235579199567437,1.1557167768478394,255991,9999832567.569113,0.0,1063016990.941034,0,0
503,255992,-711.2394331793218,500,False,-215.97296895217895,3.3693071010261773,0.5235579199567437,1.1557167768478394,255992,9999832396.101198,0.0,1063016990.941034,0,0
504,255993,-715.7318556817934,500,False,-215.97296895217895,3.3693071010261773,0.5235579199567437,1.1557167768478394,255993,9999832319.893236,0.0,1063016990.941034,0,0
505,255994,-715.2394331793225,500,False,-215.97296895217895,3.3693071010261773,0.5235579199567437,1.1557167768478394,255994,9999832500.887146,0.0,1063016990.941034,0,0
506,255995,-715.7318556817925,500,False,-215.97296895217895,3.3693071010261773,0.5235579199567437,1.1557167768478394,255995,9999832643.777075,0.0,1063016990.941034,0,0
507,255996,-715.7318556817925,500,False,-215.97296895217895,3.3693071010261773,0.5235579199567437,1.1557167768478394,255996,9999832357.997217,0.0,1063016990.941034,0,0
508,255997,-715.7318556817926,500,False,-215.97296895217895,3.3693071010261773,0.5235579199567437,1.1557167768478394,255997,9999832491.36115,0.0,1063016990.941034,0,0
509,255998,-715.7318556817927,500,False,-215.97296895217895,3.3693071010261773,0.5235579199567437,1.1557167768478394,255998,9999832529.465132,0.0,1063016990.941034,0,0
510,255999,-716.6498367533135,500,False,-215.97296895217895,3.3693071010261773,0.5235579199567437,1.1557167768478394,255999,9999832529.465132,0.0,1063016990.941034,0,0
511,256000,-715.731855681793,500,False,-215.97296895217895,3.3693071010261773,0.5235579199567437,1.1557167768478394,256000,9999832338.945227,0.0,1063016990.941034,0,0
512,263985,-716.2099959278031,500,False,-272.55343160247804,4.871541772410273,0.4016037727147341,1.491004228591919,263985,9999835034.801884,0.0,176460820496.2122,0,0
513,263986,-713.6616382811821,500,False,-272.55343160247804,4.871541772410273,0.4016037727147341,1.491004228591919,263986,9999835063.37987,0.0,177523837487.15323,0,0
514,263987,-713.6616382811819,500,False,-272.55343160247804,4.871541772410273,0.4016037727147341,1.491004228591919,263987,9999834930.015936,0.0,176460820496.2122,0,0
515,263988,-713.6616382811823,500,False,-272.55343160247804,4.871541772410273,0.4016037727147341,1.491004228591919,263988,9999835044.327879,0.0,177523837487.15323,0,0
516,263989,-713.661638281182,500,False,-272.55343160247804,4.871541772410273,0.4016037727147341,1.491004228591919,263989,9999835120.535841,0.0,177523837487.15323,0,0
517,263990,-710.5531416783106,500,False,-272.55343160247804,4.871541772410273,0.4016037727147341,1.491004228591919,263990,9999835015.749893,0.0,177523837487.15323,0,0
518,263991,-713.6616382811821,500,False,-272.55343160247804,4.871541772410273,0.4016037727147341,1.491004228591919,263991,9999834930.015936,0.0,177523837487.15323,0,0
519,263992,-713.6616382811824,500,False,-272.55343160247804,4.871541772410273,0.4016037727147341,1.491004228591919,263992,9999834987.171907,0.0,177523837487.15323,0,0
520,263993,-716.2099959278032,500,False,-272.55343160247804,4.871541772410273,0.4016037727147341,1.491004228591919,263993,9999834920.48994,0.0,177523837487.15323,0,0
521,263994,-716.2099959278032,500,False,-272.55343160247804,4.871541772410273,0.4016037727147341,1.491004228591919,263994,9999835091.957855,0.0,177523837487.15323,0,0
522,263995,-716.2099959278034,500,False,-272.55343160247804,4.871541772410273,0.4016037727147341,1.491004228591919,263995,9999835053.853874,0.0,177523837487.15323,0,0
523,263996,-716.2099959278025,500,False,-272.55343160247804,4.871541772410273,0.4016037727147341,1.491004228591919,263996,9999835072.905865,0.0,177523837487.15323,0,0
524,263997,-710.5531416783106,500,False,-272.55343160247804,4.871541772410273,0.4016037727147341,1.491004228591919,263997,9999834996.697903,0.0,176460820496.2122,0,0
525,263998,-713.6616382811819,500,False,-272.55343160247804,4.871541772410273,0.4016037727147341,1.491004228591919,263998,9999834949.067926,0.0,177523837487.15323,0,0
526,263999,-716.2099959278033,500,False,-272.55343160247804,4.871541772410273,0.4016037727147341,1.491004228591919,263999,9999834996.697903,0.0,177523837487.15323,0,0
527,264000,-716.2099959278033,500,False,-272.55343160247804,4.871541772410273,0.4016037727147341,1.491004228591919,264000,9999835015.749893,0.0,177523837487.15323,0,0
528,271985,-804.6222051018553,500,False,-386.0349305038452,5.5749730337560175,0.21266174924001097,2.1730222702026367,271985,9999832624.725084,0.0,1063016990.941034,0,0
529,271986,-790.4222051018521,500,False,-386.0349305038452,5.5749730337560175,0.21266174924001097,2.1730222702026367,271986,9999832643.777075,0.0,1063016990.941034,0,0
530,271987,-790.022205101852,500,False,-386.0349305038452,5.5749730337560175,0.21266174924001097,2.1730222702026367,271987,9999832548.517122,0.0,1063016990.941034,0,0
531,271988,-796.0222051018534,500,False,-386.0349305038452,5.5749730337560175,0.21266174924001097,2.1730222702026367,271988,9999832567.569113,0.0,1063016990.941034,0,0
532,271989,-796.6222051018535,500,False,-386.0349305038452,5.5749730337560175,0.21266174924001097,2.1730222702026367,271989,9999832548.517122,0.0,1063016990.941034,0,0
533,271990,-800.6222051018544,500,False,-386.0349305038452,5.5749730337560175,0.21266174924001097,2.1730222702026367,271990,9999832777.141008,0.0,1063016990.941034,0,0
534,271991,-803.222205101855,500,False,-386.0349305038452,5.5749730337560175,0.21266174924001097,2.1730222702026367,271991,9999832434.20518,0.0,1063016990.941034,0,0
535,271992,-794.8222051018531,500,False,-386.0349305038452,5.5749730337560175,0.21266174924001097,2.1730222702026367,271992,9999832681.881056,0.0,1063016990.941034,0,0
536,271993,-790.6222051018522,500,False,-386.0349305038452,5.5749730337560175,0.21266174924001097,2.1730222702026367,271993,9999832662.829065,0.0,1063016990.941034,0,0
537,271994,-791.8222051018524,500,False,-386.0349305038452,5.5749730337560175,0.21266174924001097,2.1730222702026367,271994,9999832662.829065,0.0,1063016990.941034,0,0
538,271995,-789.822205101852,500,False,-386.0349305038452,5.5749730337560175,0.21266174924001097,2.1730222702026367,271995,9999831843.593473,0.0,1063016990.941034,0,0
539,271996,-799.0222051018541,500,False,-386.0349305038452,5.5749730337560175,0.21266174924001097,2.1730222702026367,271996,9999832567.569113,0.0,1063016990.941034,0,0
540,271997,-807.0222051018559,500,False,-386.0349305038452,5.5749730337560175,0.21266174924001097,2.1730222702026367,271997,9999832643.777075,0.0,1063016990.941034,0,0
541,271998,-795.6222051018533,500,False,-386.0349305038452,5.5749730337560175,0.21266174924001097,2.1730222702026367,271998,9999832586.621103,0.0,1063016990.941034,0,0
542,271999,-795.8222051018533,500,False,-386.0349305038452,5.5749730337560175,0.21266174924001097,2.1730222702026367,271999,9999831176.773806,0.0,1063016990.941034,0,0
543,272000,-805.8222051018556,500,False,-386.0349305038452,5.5749730337560175,0.21266174924001097,2.1730222702026367,272000,9999832796.192999,0.0,1063016990.941034,0,0
544,279985,-738.4289863421793,500,False,-527.1690028076172,12.200865223258734,0.3211560927554965,3.187882900238037,279985,9999834520.39814,0.0,1063016990.941034,0,0
545,279986,-778.0684195215036,500,False,-527.1690028076172,12.200865223258734,0.3211560927554965,3.187882900238037,279986,9999832939.082928,0.0,1063016990.941034,0,0
546,279987,-756.2655854181284,500,False,-527.1690028076172,12.200865223258734,0.3211560927554965,3.187882900238037,279987,9999835282.47776,0.0,1063016990.941034,0,0
547,279988,-804.3327479050918,500,False,-527.1690028076172,12.200865223258734,0.3211560927554965,3.187882900238037,279988,9999834625.184088,0.0,1063016990.941034,0,0
548,279989,-784.8567156498179,500,False,-527.1690028076172,12.200865223258734,0.3211560927554965,3.187882900238037,279989,9999833577.32461,0.0,1063016990.941034,0,0
549,279990,-723.8595497531937,500,False,-527.1690028076172,12.200865223258734,0.3211560927554965,3.187882900238037,279990,9999835101.48385,0.0,1063016990.941034,0,0
550,279991,-741.9898716293078,500,False,-527.1690028076172,12.200865223258734,0.3211560927554965,3.187882900238037,279991,9999834844.281979,0.0,2126033981.882068,0,0
551,279992,-783.6172824704929,500,False,-527.1690028076172,12.200865223258734,0.3211560927554965,3.187882900238037,279992,9999833329.648733,0.0,1063016990.941034,0,0
552,279993,-805.3355820084669,500,False,-527.1690028076172,12.200865223258734,0.3211560927554965,3.187882900238037,279993,9999833101.024847,0.0,1063016990.941034,0,0
553,279994,-784.3838849561029,500,False,-527.1690028076172,12.200865223258734,0.3211560927554965,3.187882900238037,279994,9999834768.074017,0.0,1063016990.941034,0,0
554,279995,-734.5078527008291,500,False,-527.1690028076172,12.200865223258734,0.3211560927554965,3.187882900238037,279995,9999835282.47776,0.0,1063016990.941034,0,0
555,279996,-719.6289863421794,500,False,-527.1690028076172,12.200865223258734,0.3211560927554965,3.187882900238037,279996,9999835434.893684,0.0,1063016990.941034,0,0
556,279997,-734.4684195215042,500,False,-527.1690028076172,12.200865223258734,0.3211560927554965,3.187882900238037,279997,9999834977.645912,0.0,1063016990.941034,0,0
557,279998,-771.7472858801541,500,False,-527.1690028076172,12.200865223258734,0.3211560927554965,3.187882900238037,279998,9999833796.4225,0.0,1063016990.941034,0,0
558,279999,-813.8989829325187,500,False,-527.1690028076172,12.200865223258734,0.3211560927554965,3.187882900238037,279999,9999833548.746624,0.0,1063016990.941034,1,0
559,280000,-769.2684195215041,500,False,-527.1690028076172,12.200865223258734,0.3211560927554965,3.187882900238037,280000,9999833396.3307,0.0,1063016990.941034,0,0
560,287985,-428.50965057994074,500,False,-1587.3303638153077,90.36565317642689,0.09606776978445122,5.14716911315918,287985,9999835472.997665,0.0,163704616604.9197,0,0
561,287986,-428.50965057994074,500,False,-1587.3303638153077,90.36565317642689,0.09606776978445122,5.14716911315918,287986,9999835472.997665,0.0,162641599613.97867,0,0
562,287987,-428.50965057994074,500,False,-1587.3303638153077,90.36565317642689,0.09606776978445122,5.14716911315918,287987,9999835472.997665,0.0,167956684568.68387,0,0
563,287988,-427.17424843825125,500,False,-1587.3303638153077,90.36565317642689,0.09606776978445122,5.14716911315918,287988,9999835472.997665,0.0,2126033981.882068,0,0
564,287989,-428.50965057994074,500,False,-1587.3303638153077,90.36565317642689,0.09606776978445122,5.14716911315918,287989,9999835472.997665,0.0,164767633595.86075,0,0
565,287990,-427.17424843825125,500,False,-1587.3303638153077,90.36565317642689,0.09606776978445122,5.14716911315918,287990,9999835472.997665,0.0,2126033981.882068,0,0
566,287991,-428.50965057994074,500,False,-1587.3303638153077,90.36565317642689,0.09606776978445122,5.14716911315918,287991,9999835472.997665,0.0,172208752532.44803,0,0
567,287992,-787.3180690458728,500,False,-1587.3303638153077,90.36565317642689,0.09606776978445122,5.14716911315918,287992,9999835472.997665,0.0,157326514659.27347,0,0
568,287993,-788.3840227125798,500,False,-1587.3303638153077,90.36565317642689,0.09606776978445122,5.14716911315918,287993,9999835472.997665,0.0,156263497668.33243,0,0
569,287994,-428.50965057994074,500,False,-1587.3303638153077,90.36565317642689,0.09606776978445122,5.14716911315918,287994,9999835472.997665,0.0,152011429704.56827,0,0
570,287995,-428.50965057994074,500,False,-1587.3303638153077,90.36565317642689,0.09606776978445122,5.14716911315918,287995,9999835472.997665,0.0,164767633595.86075,0,0
571,287996,-428.50965057994074,500,False,-1587.3303638153077,90.36565317642689,0.09606776978445122,5.14716911315918,287996,9999835472.997665,0.0,163704616604.9197,0,0
572,287997,-427.1742484382512,500,False,-1587.3303638153077,90.36565317642689,0.09606776978445122,5.14716911315918,287997,9999835472.997665,0.0,91419461220.92899,0,0
573,287998,-427.17424843825125,500,False,-1587.3303638153077,90.36565317642689,0.09606776978445122,5.14716911315918,287998,9999835472.997665,0.0,2126033981.882068,0,0
574,287999,-428.50965057994074,500,False,-1587.3303638153077,90.36565317642689,0.09606776978445122,5.14716911315918,287999,9999835472.997665,0.0,154137463686.45035,0,0
575,288000,-428.50965057994074,500,False,-1587.3303638153077,90.36565317642689,0.09606776978445122,5.14716911315918,288000,9999835472.997665,0.0,170082718550.56595,0,0
576,295985,-21991.853922489783,500,False,-6214.584179443359,232.86675692558288,0.010783952223602683,7.389056205749512,295985,99948996.62941024,0.0,1063016990.941034,0,283
577,295986,-21991.853922489783,500,False,-6214.584179443359,232.86675692558288,0.010783952223602683,7.389056205749512,295986,99947022.30538741,0.0,1063016990.941034,0,283
578,295987,-21920.358761220457,500,False,-6214.584179443359,232.86675692558288,0.010783952223602683,7.389056205749512,295987,99948009.46739882,0.0,1063016990.941034,0,282
579,295988,-21920.358761220457,500,False,-6214.584179443359,232.86675692558288,0.010783952223602683,7.389056205749512,295988,99949983.79142165,0.0,1063016990.941034,0,282
580,295989,-21920.358761220457,500,False,-6214.584179443359,232.86675692558288,0.010783952223602683,7.389056205749512,295989,99950641.89942926,0.0,1063016990.941034,0,282
581,295990,-21920.358761220457,500,False,-6214.584179443359,232.86675692558288,0.010783952223602683,7.389056205749512,295990,99947351.35939121,0.0,1063016990.941034,0,282
582,295991,-21920.358761220457,500,False,-6214.584179443359,232.86675692558288,0.010783952223602683,7.389056205749512,295991,99947351.35939121,0.0,1063016990.941034,0,282
583,295992,-21920.358761220457,500,False,-6214.584179443359,232.86675692558288,0.010783952223602683,7.389056205749512,295992,99951958.11544448,0.0,1063016990.941034,0,282
584,295993,-21920.358761220457,500,False,-6214.584179443359,232.86675692558288,0.010783952223602683,7.389056205749512,295993,99947351.35939121,0.0,1063016990.941034,0,282
585,295994,-21991.853922489783,500,False,-6214.584179443359,232.86675692558288,0.010783952223602683,7.389056205749512,295994,99947680.41339502,0.0,1063016990.941034,0,283
586,295995,-21920.358761220457,500,False,-6214.584179443359,232.86675692558288,0.010783952223602683,7.389056205749512,295995,99949325.68341404,0.0,1063016990.941034,0,282
587,295996,-21920.358761220457,500,False,-6214.584179443359,232.86675692558288,0.010783952223602683,7.389056205749512,295996,99948667.57540643,0.0,1063016990.941034,0,282
588,295997,-21991.853922489783,500,False,-6214.584179443359,232.86675692558288,0.010783952223602683,7.389056205749512,295997,99945047.98136458,0.0,1063016990.941034,0,283
589,295998,-21920.358761220457,500,False,-6214.584179443359,232.86675692558288,0.010783952223602683,7.389056205749512,295998,99949983.79142165,0.0,1063016990.941034,0,282
590,295999,-21991.853922489783,500,False,-6214.584179443359,232.86675692558288,0.010783952223602683,7.389056205749512,295999,99942415.54933414,0.0,1063016990.941034,0,283
591,296000,-21920.358761220457,500,False,-6214.584179443359,232.86675692558288,0.010783952223602683,7.389056205749512,296000,99949325.68341404,0.0,1063016990.941034,0,282
592,303985,-1252.9999567368434,500,False,-10150.963189941407,196.32723309135437,0.01320225699077855,7.389056205749512,300000,9999835472.997665,0.0,0.0,5,0
593,303986,-1052.9999567368434,500,False,-10150.963189941407,196.32723309135437,0.01320225699077855,7.389056205749512,300000,9999835472.997665,0.0,0.0,1,0
594,303987,-1152.9999567368434,500,False,-10150.963189941407,196.32723309135437,0.01320225699077855,7.389056205749512,300000,9999835472.997665,0.0,0.0,3,0
595,303988,-1352.9999567368434,500,False,-10150.963189941407,196.32723309135437,0.01320225699077855,7.389056205749512,300000,9999835472.997665,0.0,0.0,7,0
596,303989,-1152.9999567368434,500,False,-10150.963189941407,196.32723309135437,0.01320225699077855,7.389056205749512,300000,9999835472.997665,0.0,0.0,3,0
597,303990,-1052.9999567368434,500,False,-10150.963189941407,196.32723309135437,0.01320225699077855,7.389056205749512,300000,9999835472.997665,0.0,0.0,1,0
598,303991,-1099.1566448750464,500,False,-10150.963189941407,196.32723309135437,0.01320225699077855,7.389056205749512,300000,9999835472.997665,0.0,0.0,2,0
599,303992,-1152.9999567368434,500,False,-10150.963189941407,196.32723309135437,0.01320225699077855,7.389056205749512,300000,9999835472.997665,0.0,0.0,3,0
600,303993,-1052.9999567368434,500,False,-10150.963189941407,196.32723309135437,0.01320225699077855,7.389056205749512,300000,9999835472.997665,0.0,0.0,1,0
601,303994,-1152.9999567368434,500,False,-10150.963189941407,196.32723309135437,0.01320225699077855,7.389056205749512,300000,9999835472.997665,0.0,0.0,3,0
602,303995,-1250.4924225024706,500,False,-10150.963189941407,196.32723309135437,0.01320225699077855,7.389056205749512,300000,9999835472.997665,0.0,0.0,5,0
603,303996,-1150.4924225024706,500,False,-10150.963189941407,196.32723309135437,0.01320225699077855,7.389056205749512,300000,9999835472.997665,0.0,0.0,3,0
604,303997,-1206.903612288744,500,False,-10150.963189941407,196.32723309135437,0.01320225699077855,7.389056205749512,300000,9999835472.997665,0.0,0.0,4,0
605,303998,-1352.9999567368434,500,False,-10150.963189941407,196.32723309135437,0.01320225699077855,7.389056205749512,300000,9999835472.997665,0.0,0.0,7,0
606,303999,-1152.9999567368434,500,False,-10150.963189941407,196.32723309135437,0.01320225699077855,7.389056205749512,300000,9999835472.997665,0.0,0.0,3,0
607,304000,-1252.9999567368434,500,False,-10150.963189941407,196.32723309135437,0.01320225699077855,7.389056205749512,300000,9999835472.997665,0.0,0.0,5,0
608,311985,-1150.4924225024706,500,False,-11451.810239746093,128.5330552997589,0.046740114085492675,7.389056205749512,300000,9999835472.997665,0.0,0.0,3,0
609,311986,-1150.4924225024706,500,False,-11451.810239746093,128.5330552997589,0.046740114085492675,7.389056205749512,300000,9999835472.997665,0.0,0.0,3,0
610,311987,-1099.9999999999998,500,False,-11451.810239746093,128.5330552997589,0.046740114085492675,7.389056205749512,300000,9999835472.997665,0.0,0.0,2,0
611,311988,-1053.9999999999995,500,False,-11451.810239746093,128.5330552997589,0.046740114085492675,7.389056205749512,300000,9999835472.997665,0.0,0.0,1,0
612,311989,-1053.9999999999998,500,False,-11451.810239746093,128.5330552997589,0.046740114085492675,7.389056205749512,300000,9999835472.997665,0.0,0.0,1,0
613,311990,-1053.9999999999998,500,False,-11451.810239746093,128.5330552997589,0.046740114085492675,7.389056205749512,300000,9999835472.997665,0.0,0.0,1,0
614,311991,-1050.4924225024704,500,False,-11451.810239746093,128.5330552997589,0.046740114085492675,7.389056205749512,300000,9999835472.997665,0.0,0.0,1,0
615,311992,-1050.4924225024704,500,False,-11451.810239746093,128.5330552997589,0.046740114085492675,7.389056205749512,300000,9999835472.997665,0.0,0.0,1,0
616,311993,-1050.4924225024702,500,False,-11451.810239746093,128.5330552997589,0.046740114085492675,7.389056205749512,300000,9999835472.997665,0.0,0.0,1,0
617,311994,-1050.4924225024704,500,False,-11451.810239746093,128.5330552997589,0.046740114085492675,7.389056205749512,300000,9999835472.997665,0.0,0.0,1,0
618,311995,-1050.4924225024704,500,False,-11451.810239746093,128.5330552997589,0.046740114085492675,7.389056205749512,300000,9999835472.997665,0.0,0.0,1,0
619,311996,-1050.4924225024704,500,False,-11451.810239746093,128.5330552997589,0.046740114085492675,7.389056205749512,300000,9999835472.997665,0.0,0.0,1,0
620,311997,-1100.0,500,False,-11451.810239746093,128.5330552997589,0.046740114085492675,7.389056205749512,300000,9999835472.997665,0.0,0.0,2,0
621,311998,-1050.4924225024704,500,False,-11451.810239746093,128.5330552997589,0.046740114085492675,7.389056205749512,300000,9999835472.997665,0.0,0.0,1,0
622,311999,-1050.4924225024704,500,False,-11451.810239746093,128.5330552997589,0.046740114085492675,7.389056205749512,300000,9999835472.997665,0.0,0.0,1,0
623,312000,-1050.4924225024704,500,False,-11451.810239746093,128.5330552997589,0.046740114085492675,7.389056205749512,300000,9999835472.997665,0.0,0.0,1,0
624,319985,-1000.0,500,False,-11545.02655859375,208.04164258003235,0.053390807045158,7.389056205749512,300000,9999835472.997665,0.0,0.0,0,0
625,319986,-1050.4924225024706,500,False,-11545.02655859375,208.04164258003235,0.053390807045158,7.389056205749512,300000,9999835472.997665,0.0,0.0,1,0
626,319987,-1000.0,500,False,-11545.02655859375,208.04164258003235,0.053390807045158,7.389056205749512,300000,9999835472.997665,0.0,0.0,0,0
627,319988,-1000.0,500,False,-11545.02655859375,208.04164258003235,0.053390807045158,7.389056205749512,300000,9999835472.997665,0.0,0.0,0,0
628,319989,-1000.0,500,False,-11545.02655859375,208.04164258003235,0.053390807045158,7.389056205749512,300000,9999835472.997665,0.0,0.0,0,0
629,319990,-1000.0,500,False,-11545.02655859375,208.04164258003235,0.053390807045158,7.389056205749512,300000,9999835472.997665,0.0,0.0,0,0
630,319991,-1004.0481934629107,500,False,-11545.02655859375,208.04164258003235,0.053390807045158,7.389056205749512,300000,9999835472.997665,0.0,0.0,0,0
631,319992,-1008.0963869258215,500,False,-11545.02655859375,208.04164258003235,0.053390807045158,7.389056205749512,300000,9999835472.997665,0.0,0.0,0,0
632,319993,-1000.0,500,False,-11545.02655859375,208.04164258003235,0.053390807045158,7.389056205749512,300000,9999835472.997665,0.0,0.0,0,0
633,319994,-1000.0,500,False,-11545.02655859375,208.04164258003235,0.053390807045158,7.389056205749512,300000,9999835472.997665,0.0,0.0,0,0
634,319995,-1100.0,500,False,-11545.02655859375,208.04164258003235,0.053390807045158,7.389056205749512,300000,9999835472.997665,0.0,0.0,2,0
635,319996,-996.6491106406735,500,False,-11545.02655859375,208.04164258003235,0.053390807045158,7.389056205749512,300000,9999835472.997665,0.0,0.0,0,0
636,319997,-1054.5406159653812,500,False,-11545.02655859375,208.04164258003235,0.053390807045158,7.389056205749512,300000,9999835472.997665,0.0,0.0,1,0
637,319998,-1000.0,500,False,-11545.02655859375,208.04164258003235,0.053390807045158,7.389056205749512,300000,9999835472.997665,0.0,0.0,0,0
638,319999,-1000.0,500,False,-11545.02655859375,208.04164258003235,0.053390807045158,7.389056205749512,300000,9999835472.997665,0.0,0.0,0,0
639,320000,-1054.5406159653814,500,False,-11545.02655859375,208.04164258003235,0.053390807045158,7.389056205749512,300000,9999835472.997665,0.0,0.0,1,0
640,327985,-6033.438531691406,500,False,-11193.061210205078,314.0046834087372,0.03446395921889939,7.389056205749512,300000,99978940.54375648,0.0,114805835021.63187,0,66
641,327986,-5742.952111855095,500,False,-11193.061210205078,314.0046834087372,0.03446395921889939,7.389056205749512,300000,99979598.6517641,0.0,117994885994.45499,0,62
642,327987,-5882.431118377586,500,False,-11193.061210205078,314.0046834087372,0.03446395921889939,7.389056205749512,300000,99979598.6517641,0.0,115868852012.5729,0,64
643,327988,-6035.245945005225,500,False,-11193.061210205078,314.0046834087372,0.03446395921889939,7.389056205749512,300000,99979598.6517641,0.0,113742818030.69083,0,66
644,327989,-5882.431118377586,500,False,-11193.061210205078,314.0046834087372,0.03446395921889939,7.389056205749512,300000,99979598.6517641,0.0,115868852012.5729,0,64
645,327990,-6031.197751542314,500,False,-11193.061210205078,314.0046834087372,0.03446395921889939,7.389056205749512,300000,99979598.6517641,0.0,113742818030.69083,0,66
646,327991,-6033.638531691406,500,False,-11193.061210205078,314.0046834087372,0.03446395921889939,7.389056205749512,300000,99979269.59776029,0.0,114805835021.63187,0,66
647,327992,-6033.638531691406,500,False,-11193.061210205078,314.0046834087372,0.03446395921889939,7.389056205749512,300000,99979269.59776029,0.0,114805835021.63187,0,66
648,327993,-6029.590338228495,500,False,-11193.061210205078,314.0046834087372,0.03446395921889939,7.389056205749512,300000,99979269.59776029,0.0,114805835021.63187,0,66
649,327994,-5886.479311840497,500,False,-11193.061210205078,314.0046834087372,0.03446395921889939,7.389056205749512,300000,99979598.6517641,0.0,115868852012.5729,0,64
650,327995,-5884.763017322538,500,False,-11193.061210205078,314.0046834087372,0.03446395921889939,7.389056205749512,300000,99978940.54375648,0.0,115868852012.5729,0,64
651,327996,-5898.007718631825,500,False,-11193.061210205078,314.0046834087372,0.03446395921889939,7.389056205749512,300000,99978940.54375648,0.0,116931869003.51395,0,64
652,327997,-6029.590338228495,500,False,-11193.061210205078,314.0046834087372,0.03446395921889939,7.389056205749512,300000,99979269.59776029,0.0,114805835021.63187,0,66
653,327998,-5868.983077240537,500,False,-11193.061210205078,314.0046834087372,0.03446395921889939,7.389056205749512,300000,99979269.59776029,0.0,117994885994.45499,1,63
654,327999,-5741.8519909345405,500,False,-11193.061210205078,314.0046834087372,0.03446395921889939,7.389056205749512,300000,99979598.6517641,0.0,116931869003.51395,0,62
655,328000,-6030.997751542313,500,False,-11193.061210205078,314.0046834087372,0.03446395921889939,7.389056205749512,300000,99979269.59776029,0.0,113742818030.69083,0,66
656,335985,-15930.868652471647,500,False,-11975.45325390625,235.64662586975098,0.009997981057700826,7.389056205749512,300000,99882198.66663784,0.0,1063016990.941034,0,197
657,335986,-15934.62625971519,500,False,-11975.45325390625,235.64662586975098,0.009997981057700826,7.389056205749512,300000,99882198.66663784,0.0,1063016990.941034,0,197
658,335987,-15930.868652471647,500,False,-11975.45325390625,235.64662586975098,0.009997981057700826,7.389056205749512,300000,99882198.66663784,0.0,1063016990.941034,0,197
659,335988,-15930.868652471647,500,False,-11975.45325390625,235.64662586975098,0.009997981057700826,7.389056205749512,300000,99882198.66663784,0.0,1063016990.941034,0,197
660,335989,-15930.868652471647,500,False,-11975.45325390625,235.64662586975098,0.009997981057700826,7.389056205749512,300000,99882198.66663784,0.0,1063016990.941034,0,197
661,335990,-15927.111045228103,500,False,-11975.45325390625,235.64662586975098,0.009997981057700826,7.389056205749512,300000,99882198.66663784,0.0,1063016990.941034,0,197
662,335991,-15856.51776311232,500,False,-11975.45325390625,235.64662586975098,0.009997981057700826,7.389056205749512,300000,99882198.66663784,0.0,1063016990.941034,0,196
663,335992,-15930.868652471647,500,False,-11975.45325390625,235.64662586975098,0.009997981057700826,7.389056205749512,300000,99882198.66663784,0.0,1063016990.941034,0,197
664,335993,-15852.043328774324,500,False,-11975.45325390625,235.64662586975098,0.009997981057700826,7.389056205749512,300000,99882198.66663784,0.0,2126033981.882068,0,196
665,335994,-15934.62625971519,500,False,-11975.45325390625,235.64662586975098,0.009997981057700826,7.389056205749512,300000,99882198.66663784,0.0,1063016990.941034,0,197
666,335995,-15934.62625971519,500,False,-11975.45325390625,235.64662586975098,0.009997981057700826,7.389056205749512,300000,99882198.66663784,0.0,1063016990.941034,0,197
667,335996,-15934.62625971519,500,False,-11975.45325390625,235.64662586975098,0.009997981057700826,7.389056205749512,300000,99882198.66663784,0.0,1063016990.941034,0,197
668,335997,-15934.62625971519,500,False,-11975.45325390625,235.64662586975098,0.009997981057700826,7.389056205749512,300000,99882198.66663784,0.0,1063016990.941034,0,197
669,335998,-15934.62625971519,500,False,-11975.45325390625,235.64662586975098,0.009997981057700826,7.389056205749512,300000,99882198.66663784,0.0,1063016990.941034,0,197
670,335999,-15930.868652471647,500,False,-11975.45325390625,235.64662586975098,0.009997981057700826,7.389056205749512,300000,99882198.66663784,0.0,1063016990.941034,0,197
671,336000,-15938.383866958735,500,False,-11975.45325390625,235.64662586975098,0.009997981057700826,7.389056205749512,300000,99882198.66663784,0.0,1063016990.941034,0,197
672,343985,-2105.8873678669024,500,False,-13439.661685791016,90.73007664394379,0.025794140522717498,7.389056205749512,300000,9999835472.997665,0.0,0.0,0,0
673,343986,-2099.074032533357,500,False,-13439.661685791016,90.73007664394379,0.025794140522717498,7.389056205749512,300000,9999835472.997665,0.0,0.0,0,0
674,343987,-2105.8873678669024,500,False,-13439.661685791016,90.73007664394379,0.025794140522717498,7.389056205749512,300000,9999835472.997665,0.0,0.0,0,0
675,343988,-2099.074032533357,500,False,-13439.661685791016,90.73007664394379,0.025794140522717498,7.389056205749512,300000,9999835472.997665,0.0,0.0,0,0
676,343989,-2119.5140385339932,500,False,-13439.661685791016,90.73007664394379,0.025794140522717498,7.389056205749512,300000,9999835472.997665,0.0,0.0,0,0
677,343990,-2112.7007032004476,500,False,-13439.661685791016,90.73007664394379,0.025794140522717498,7.389056205749512,300000,9999835472.997665,0.0,0.0,0,0
678,343991,-2105.8873678669024,500,False,-13439.661685791016,90.73007664394379,0.025794140522717498,7.389056205749512,300000,9999835472.997665,0.0,0.0,0,0
679,343992,-2092.2606971998116,500,False,-13439.661685791016,90.73007664394379,0.025794140522717498,7.389056205749512,300000,9999835472.997665,0.0,0.0,0,0
680,343993,-2092.2606971998116,500,False,-13439.661685791016,90.73007664394379,0.025794140522717498,7.389056205749512,300000,9999835472.997665,0.0,0.0,0,0
681,343994,-2119.5140385339932,500,False,-13439.661685791016,90.73007664394379,0.025794140522717498,7.389056205749512,300000,9999835472.997665,0.0,0.0,0,0
682,343995,-2092.2606971998116,500,False,-13439.661685791016,90.73007664394379,0.025794140522717498,7.389056205749512,300000,9999835472.997665,0.0,0.0,0,0
683,343996,-2071.820691199175,500,False,-13439.661685791016,90.73007664394379,0.025794140522717498,7.389056205749512,300000,9999835472.997665,0.0,0.0,0,0
684,343997,-2078.634026532721,500,False,-13439.661685791016,90.73007664394379,0.025794140522717498,7.389056205749512,300000,9999835472.997665,0.0,0.0,0,0
685,343998,-2092.2606971998116,500,False,-13439.661685791016,90.73007664394379,0.025794140522717498,7.389056205749512,300000,9999835472.997665,0.0,0.0,0,0
686,343999,-2092.2606971998116,500,False,-13439.661685791016,90.73007664394379,0.025794140522717498,7.389056205749512,300000,9999835472.997665,0.0,0.0,0,0
687,344000,-2112.7007032004476,500,False,-13439.661685791016,90.73007664394379,0.025794140522717498,7.389056205749512,300000,9999835472.997665,0.0,0.0,0,0
688,351985,-1006.1798123454007,500,False,-14917.678251464844,85.42519206094742,0.030411204752104824,7.389056205749512,300000,9999835472.997665,0.0,0.0,0,0
689,351986,-1000.4067178842182,500,False,-14917.678251464844,85.42519206094742,0.030411204752104824,7.389056205749512,300000,9999835472.997665,0.0,0.0,0,0
690,351987,-1006.1798123454007,500,False,-14917.678251464844,85.42519206094742,0.030411204752104824,7.389056205749512,300000,9999835472.997665,0.0,0.0,0,0
691,351988,-1000.4067178842182,500,False,-14917.678251464844,85.42519206094742,0.030411204752104824,7.389056205749512,300000,9999835472.997665,0.0,0.0,0,0
692,351989,-1000.4067178842182,500,False,-14917.678251464844,85.42519206094742,0.030411204752104824,7.389056205749512,300000,9999835472.997665,0.0,0.0,0,0
693,351990,-1006.1798123454007,500,False,-14917.678251464844,85.42519206094742,0.030411204752104824,7.389056205749512,300000,9999835472.997665,0.0,0.0,0,0
694,351991,-1000.4067178842182,500,False,-14917.678251464844,85.42519206094742,0.030411204752104824,7.389056205749512,300000,9999835472.997665,0.0,0.0,0,0
695,351992,-1000.4067178842182,500,False,-14917.678251464844,85.42519206094742,0.030411204752104824,7.389056205749512,300000,9999835472.997665,0.0,0.0,0,0
696,351993,-1000.4067178842182,500,False,-14917.678251464844,85.42519206094742,0.030411204752104824,7.389056205749512,300000,9999835472.997665,0.0,0.0,0,0
697,351994,-1000.4067178842182,500,False,-14917.678251464844,85.42519206094742,0.030411204752104824,7.389056205749512,300000,9999835472.997665,0.0,0.0,0,0
698,351995,-1000.4067178842182,500,False,-14917.678251464844,85.42519206094742,0.030411204752104824,7.389056205749512,300000,9999835472.997665,0.0,0.0,0,0
699,351996,-1000.4067178842182,500,False,-14917.678251464844,85.42519206094742,0.030411204752104824,7.389056205749512,300000,9999835472.997665,0.0,0.0,0,0
700,351997,-1000.4067178842182,500,False,-14917.678251464844,85.42519206094742,0.030411204752104824,7.389056205749512,300000,9999835472.997665,0.0,0.0,0,0
701,351998,-1000.4067178842182,500,False,-14917.678251464844,85.42519206094742,0.030411204752104824,7.389056205749512,300000,9999835472.997665,0.0,0.0,0,0
702,351999,-1000.4067178842182,500,False,-14917.678251464844,85.42519206094742,0.030411204752104824,7.389056205749512,300000,9999835472.997665,0.0,0.0,0,0
703,352000,-1000.4067178842182,500,False,-14917.678251464844,85.42519206094742,0.030411204752104824,7.389056205749512,300000,9999835472.997665,0.0,0.0,0,0
704,359985,-999.1566448750464,500,False,-15630.25975805664,65.58658613252639,0.04724633370083757,7.389056205749512,300000,9999835472.997665,0.0,0.0,0,0
705,359986,-999.1566448750463,500,False,-15630.25975805664,65.58658613252639,0.04724633370083757,7.389056205749512,300000,9999835472.997665,0.0,0.0,0,0
706,359987,-996.6491106406735,500,False,-15630.25975805664,65.58658613252639,0.04724633370083757,7.389056205749512,300000,9999835472.997665,0.0,0.0,0,0
707,359988,-999.1566448750463,500,False,-15630.25975805664,65.58658613252639,0.04724633370083757,7.389056205749512,300000,9999835472.997665,0.0,0.0,0,0
708,359989,-999.1566448750463,500,False,-15630.25975805664,65.58658613252639,0.04724633370083757,7.389056205749512,300000,9999835472.997665,0.0,0.0,0,0
709,359990,-1002.5075342343728,500,False,-15630.25975805664,65.58658613252639,0.04724633370083757,7.389056205749512,300000,9999835472.997665,0.0,0.0,0,0
710,359991,-999.1566448750464,500,False,-15630.25975805664,65.58658613252639,0.04724633370083757,7.389056205749512,300000,9999835472.997665,0.0,0.0,0,0
711,359992,-999.1566448750463,500,False,-15630.25975805664,65.58658613252639,0.04724633370083757,7.389056205749512,300000,9999835472.997665,0.0,0.0,0,0
712,359993,-999.1566448750464,500,False,-15630.25975805664,65.58658613252639,0.04724633370083757,7.389056205749512,300000,9999835472.997665,0.0,0.0,0,0
713,359994,-1002.5075342343728,500,False,-15630.25975805664,65.58658613252639,0.04724633370083757,7.389056205749512,300000,9999835472.997665,0.0,0.0,0,0
714,359995,-999.1566448750463,500,False,-15630.25975805664,65.58658613252639,0.04724633370083757,7.389056205749512,300000,9999835472.997665,0.0,0.0,0,0
715,359996,-996.6491106406735,500,False,-15630.25975805664,65.58658613252639,0.04724633370083757,7.389056205749512,300000,9999835472.997665,0.0,0.0,0,0
716,359997,-996.6491106406735,500,False,-15630.25975805664,65.58658613252639,0.04724633370083757,7.389056205749512,300000,9999835472.997665,0.0,0.0,0,0
717,359998,-996.6491106406735,500,False,-15630.25975805664,65.58658613252639,0.04724633370083757,7.389056205749512,300000,9999835472.997665,0.0,0.0,0,0
718,359999,-996.6491106406735,500,False,-15630.25975805664,65.58658613252639,0.04724633370083757,7.389056205749512,300000,9999835472.997665,0.0,0.0,0,0
719,360000,-1002.5075342343728,500,False,-15630.25975805664,65.58658613252639,0.04724633370083757,7.389056205749512,300000,9999835472.997665,0.0,0.0,0,0
720,367985,-996.6491106406735,500,False,-15188.089901367188,54.524949454903606,0.06948528933338821,7.389056205749512,300000,9999835472.997665,0.0,0.0,0,0
721,367986,-1000.0,500,False,-15188.089901367188,54.524949454903606,0.06948528933338821,7.389056205749512,300000,9999835472.997665,0.0,0.0,0,0
722,367987,-996.6491106406735,500,False,-15188.089901367188,54.524949454903606,0.06948528933338821,7.389056205749512,300000,9999835472.997665,0.0,0.0,0,0
723,367988,-996.6491106406735,500,False,-15188.089901367188,54.524949454903606,0.06948528933338821,7.389056205749512,300000,9999835472.997665,0.0,0.0,0,0
724,367989,-996.6491106406735,500,False,-15188.089901367188,54.524949454903606,0.06948528933338821,7.389056205749512,300000,9999835472.997665,0.0,0.0,0,0
725,367990,-996.6491106406735,500,False,-15188.089901367188,54.524949454903606,0.06948528933338821,7.389056205749512,300000,9999835472.997665,0.0,0.0,0,0
726,367991,-996.6491106406735,500,False,-15188.089901367188,54.524949454903606,0.06948528933338821,7.389056205749512,300000,9999835472.997665,0.0,0.0,0,0
727,367992,-996.6491106406735,500,False,-15188.089901367188,54.524949454903606,0.06948528933338821,7.389056205749512,300000,9999835472.997665,0.0,0.0,0,0
728,367993,-996.6491106406735,500,False,-15188.089901367188,54.524949454903606,0.06948528933338821,7.389056205749512,300000,9999835472.997665,0.0,0.0,0,0
729,367994,-996.6491106406735,500,False,-15188.089901367188,54.524949454903606,0.06948528933338821,7.389056205749512,300000,9999835472.997665,0.0,0.0,0,0
730,367995,-1000.0,500,False,-15188.089901367188,54.524949454903606,0.06948528933338821,7.389056205749512,300000,9999835472.997665,0.0,0.0,0,0
731,367996,-996.6491106406735,500,False,-15188.089901367188,54.524949454903606,0.06948528933338821,7.389056205749512,300000,9999835472.997665,0.0,0.0,0,0
732,367997,-1000.0,500,False,-15188.089901367188,54.524949454903606,0.06948528933338821,7.389056205749512,300000,9999835472.997665,0.0,0.0,0,0
733,367998,-1000.0,500,False,-15188.089901367188,54.524949454903606,0.06948528933338821,7.389056205749512,300000,9999835472.997665,0.0,0.0,0,0
734,367999,-996.6491106406735,500,False,-15188.089901367188,54.524949454903606,0.06948528933338821,7.389056205749512,300000,9999835472.997665,0.0,0.0,0,0
735,368000,-996.6491106406735,500,False,-15188.089901367188,54.524949454903606,0.06948528933338821,7.389056205749512,300000,9999835472.997665,0.0,0.0,0,0
736,375985,-996.6491106406735,500,False,-14089.137590332031,47.18489754104614,0.1381279275678098,7.389056205749512,300000,9999835472.997665,0.0,0.0,0,0
737,375986,-1000.0,500,False,-14089.137590332031,47.18489754104614,0.1381279275678098,7.389056205749512,300000,9999835472.997665,0.0,0.0,0,0
738,375987,-1000.0,500,False,-14089.137590332031,47.18489754104614,0.1381279275678098,7.389056205749512,300000,9999835472.997665,0.0,0.0,0,0
739,375988,-1000.0,500,False,-14089.137590332031,47.18489754104614,0.1381279275678098,7.389056205749512,300000,9999835472.997665,0.0,0.0,0,0
740,375989,-1000.0,500,False,-14089.137590332031,47.18489754104614,0.1381279275678098,7.389056205749512,300000,9999835472.997665,0.0,0.0,0,0
741,375990,-1000.0,500,False,-14089.137590332031,47.18489754104614,0.1381279275678098,7.389056205749512,300000,9999835472.997665,0.0,0.0,0,0
742,375991,-1000.0,500,False,-14089.137590332031,47.18489754104614,0.1381279275678098,7.389056205749512,300000,9999835472.997665,0.0,0.0,0,0
743,375992,-1000.0,500,False,-14089.137590332031,47.18489754104614,0.1381279275678098,7.389056205749512,300000,9999835472.997665,0.0,0.0,0,0
744,375993,-1000.0,500,False,-14089.137590332031,47.18489754104614,0.1381279275678098,7.389056205749512,300000,9999835472.997665,0.0,0.0,0,0
745,375994,-1000.0,500,False,-14089.137590332031,47.18489754104614,0.1381279275678098,7.389056205749512,300000,9999835472.997665,0.0,0.0,0,0
746,375995,-1000.0,500,False,-14089.137590332031,47.18489754104614,0.1381279275678098,7.389056205749512,300000,9999835472.997665,0.0,0.0,0,0
747,375996,-996.6491106406735,500,False,-14089.137590332031,47.18489754104614,0.1381279275678098,7.389056205749512,300000,9999835472.997665,0.0,0.0,0,0
748,375997,-1000.0,500,False,-14089.137590332031,47.18489754104614,0.1381279275678098,7.389056205749512,300000,9999835472.997665,0.0,0.0,0,0
749,375998,-1000.0,500,False,-14089.137590332031,47.18489754104614,0.1381279275678098,7.389056205749512,300000,9999835472.997665,0.0,0.0,0,0
750,375999,-1000.0,500,False,-14089.137590332031,47.18489754104614,0.1381279275678098,7.389056205749512,300000,9999835472.997665,0.0,0.0,0,0
751,376000,-1000.0,500,False,-14089.137590332031,47.18489754104614,0.1381279275678098,7.389056205749512,300000,9999835472.997665,0.0,0.0,0,0
752,383985,-8437.806131001467,500,False,-13104.595619384765,75.47902329993248,0.20584162722155452,7.389056205749512,300000,9999835472.997665,0.0,1063016990.941034,0,102
753,383986,-8737.006131001464,500,False,-13104.595619384765,75.47902329993248,0.20584162722155452,7.389056205749512,300000,9999835472.997665,0.0,1063016990.941034,0,106
754,383987,-7989.006131001469,500,False,-13104.595619384765,75.47902329993248,0.20584162722155452,7.389056205749512,300000,9999835472.997665,0.0,1063016990.941034,0,96
755,383988,-9183.006131001459,500,False,-13104.595619384765,75.47902329993248,0.20584162722155452,7.389056205749512,300000,9999835339.633732,0.0,1063016990.941034,0,112
756,383989,-9181.806131001458,500,False,-13104.595619384765,75.47902329993248,0.20584162722155452,7.389056205749512,300000,9999835282.47776,0.0,1063016990.941034,0,112
757,383990,-9183.006131001459,500,False,-13104.595619384765,75.47902329993248,0.20584162722155452,7.389056205749512,300000,9999835339.633732,0.0,1063016990.941034,0,112
758,383991,-8437.806131001467,500,False,-13104.595619384765,75.47902329993248,0.20584162722155452,7.389056205749512,300000,9999835472.997665,0.0,1063016990.941034,0,102
759,383992,-8138.606131001469,500,False,-13104.595619384765,75.47902329993248,0.20584162722155452,7.389056205749512,300000,9999835472.997665,0.0,1063016990.941034,0,98
760,383993,-9183.006131001459,500,False,-13104.595619384765,75.47902329993248,0.20584162722155452,7.389056205749512,300000,9999835339.633732,0.0,1063016990.941034,0,112
761,383994,-7689.806131001468,500,False,-13104.595619384765,75.47902329993248,0.20584162722155452,7.389056205749512,300000,9999835472.997665,0.0,1063016990.941034,0,92
762,383995,-9183.006131001459,500,False,-13104.595619384765,75.47902329993248,0.20584162722155452,7.389056205749512,300000,9999835339.633732,0.0,1063016990.941034,0,112
763,383996,-9182.20613100146,500,False,-13104.595619384765,75.47902329993248,0.20584162722155452,7.389056205749512,300000,9999835301.52975,0.0,1063016990.941034,0,112
764,383997,-9183.006131001459,500,False,-13104.595619384765,75.47902329993248,0.20584162722155452,7.389056205749512,300000,9999835339.633732,0.0,1063016990.941034,0,112
765,383998,-6121.737611197527,500,False,-13104.595619384765,75.47902329993248,0.20584162722155452,7.389056205749512,300000,9999835339.633732,0.0,1063016990.941034,93,9
766,383999,-9183.006131001459,500,False,-13104.595619384765,75.47902329993248,0.20584162722155452,7.389056205749512,300000,9999835339.633732,0.0,1063016990.941034,0,112
767,384000,-8587.406131001466,500,False,-13104.595619384765,75.47902329993248,0.20584162722155452,7.389056205749512,300000,9999835472.997665,0.0,1063016990.941034,0,104
768,391985,-36993.58758377135,500,False,-13600.719180419921,245.92253425979615,0.019978569671788137,7.389056205749512,300000,9999835472.997665,0.0,2126033981.882068,0,487
769,391986,-30787.08580505288,500,False,-13600.719180419921,245.92253425979615,0.019978569671788137,7.389056205749512,300000,9999835472.997665,0.0,1063016990.941034,252,233
770,391987,-30787.08580505288,500,False,-13600.719180419921,245.92253425979615,0.019978569671788137,7.389056205749512,300000,9999835472.997665,0.0,1063016990.941034,252,233
771,391988,-36993.38758377135,500,False,-13600.719180419921,245.92253425979615,0.019978569671788137,7.389056205749512,300000,9999835472.997665,0.0,2126033981.882068,0,487
772,391989,-36993.58758377135,500,False,-13600.719180419921,245.92253425979615,0.019978569671788137,7.389056205749512,300000,9999835472.997665,0.0,2126033981.882068,0,487
773,391990,-30787.08580505288,500,False,-13600.719180419921,245.92253425979615,0.019978569671788137,7.389056205749512,300000,9999835472.997665,0.0,1063016990.941034,252,233
774,391991,-36993.58758377135,500,False,-13600.719180419921,245.92253425979615,0.019978569671788137,7.389056205749512,300000,9999835472.997665,0.0,2126033981.882068,0,487
775,391992,-36993.58758377135,500,False,-13600.719180419921,245.92253425979615,0.019978569671788137,7.389056205749512,300000,9999835472.997665,0.0,2126033981.882068,0,487
776,391993,-36993.58758377135,500,False,-13600.719180419921,245.92253425979615,0.019978569671788137,7.389056205749512,300000,9999835472.997665,0.0,2126033981.882068,0,487
777,391994,-30787.08580505288,500,False,-13600.719180419921,245.92253425979615,0.019978569671788137,7.389056205749512,300000,9999835472.997665,0.0,1063016990.941034,252,233
778,391995,-30736.141533142883,500,False,-13600.719180419921,245.92253425979615,0.019978569671788137,7.389056205749512,300000,9999835472.997665,0.0,1063016990.941034,251,233
779,391996,-30787.08580505288,500,False,-13600.719180419921,245.92253425979615,0.019978569671788137,7.389056205749512,300000,9999835472.997665,0.0,1063016990.941034,252,233
780,391997,-30787.08580505288,500,False,-13600.719180419921,245.92253425979615,0.019978569671788137,7.389056205749512,300000,9999835472.997665,0.0,1063016990.941034,252,233
781,391998,-36993.58758377135,500,False,-13600.719180419921,245.92253425979615,0.019978569671788137,7.389056205749512,300000,9999835472.997665,0.0,2126033981.882068,0,487
782,391999,-36993.58758377135,500,False,-13600.719180419921,245.92253425979615,0.019978569671788137,7.389056205749512,300000,9999835472.997665,0.0,2126033981.882068,0,487
783,392000,-30787.08580505288,500,False,-13600.719180419921,245.92253425979615,0.019978569671788137,7.389056205749512,300000,9999835472.997665,0.0,1063016990.941034,252,233
784,399985,-792.32134548854,500,False,-13720.968244873047,114.34506479406357,0.09620486000468373,7.389056205749512,300000,9999830833.837976,0.0,1063016990.941034,0,1
785,399986,-717.321345488542,500,False,-13720.968244873047,114.34506479406357,0.09620486000468373,7.389056205749512,300000,9999830843.363972,0.0,1063016990.941034,0,0
786,399987,-863.5637382449935,500,False,-13720.968244873047,114.34506479406357,0.09620486000468373,7.389056205749512,300000,9999830824.311981,0.0,1063016990.941034,0,2
787,399988,-867.3213454885376,500,False,-13720.968244873047,114.34506479406357,0.09620486000468373,7.389056205749512,300000,9999830843.363972,0.0,1063016990.941034,0,2
788,399989,-792.32134548854,500,False,-13720.968244873047,114.34506479406357,0.09620486000468373,7.389056205749512,300000,9999830833.837976,0.0,1063016990.941034,0,1
789,399990,-792.3213454885401,500,False,-13720.968244873047,114.34506479406357,0.09620486000468373,7.389056205749512,300000,9999830833.837976,0.0,1063016990.941034,0,1
790,399991,-717.321345488542,500,False,-13720.968244873047,114.34506479406357,0.09620486000468373,7.389056205749512,300000,9999830824.311981,0.0,1063016990.941034,0,0
791,399992,-792.32134548854,500,False,-13720.968244873047,114.34506479406357,0.09620486000468373,7.389056205749512,300000,9999830833.837976,0.0,1063016990.941034,0,1
792,399993,-717.321345488542,500,False,-13720.968244873047,114.34506479406357,0.09620486000468373,7.389056205749512,300000,9999830824.311981,0.0,1063016990.941034,0,0
793,399994,-717.321345488542,500,False,-13720.968244873047,114.34506479406357,0.09620486000468373,7.389056205749512,300000,9999830824.311981,0.0,1063016990.941034,0,0
794,399995,-788.5637382449954,500,False,-13720.968244873047,114.34506479406357,0.09620486000468373,7.389056205749512,300000,9999830814.785986,0.0,1063016990.941034,0,1
795,399996,-792.32134548854,500,False,-13720.968244873047,114.34506479406357,0.09620486000468373,7.389056205749512,300000,9999830833.837976,0.0,1063016990.941034,0,1
796,399997,-792.32134548854,500,False,-13720.968244873047,114.34506479406357,0.09620486000468373,7.389056205749512,300000,9999830833.837976,0.0,1063016990.941034,0,1
797,399998,-717.321345488542,500,False,-13720.968244873047,114.34506479406357,0.09620486000468373,7.389056205749512,300000,9999830824.311981,0.0,1063016990.941034,0,0
798,399999,-792.3213454885397,500,False,-13720.968244873047,114.34506479406357,0.09620486000468373,7.389056205749512,300000,9999830833.837976,0.0,1063016990.941034,0,1
799,400000,-717.321345488542,500,False,-13720.968244873047,114.34506479406357,0.09620486000468373,7.389056205749512,300000,9999830843.363972,0.0,1063016990.941034,0,0
800,407985,-1669.9217718259697,500,False,-13096.411821044921,99.34246969461441,0.1339522298524389,7.389056205749512,300000,9999834196.514301,0.0,0.0,0,5
801,407986,-745.3492767519591,500,False,-13096.411821044921,99.34246969461441,0.1339522298524389,7.389056205749512,300000,9999832977.186909,0.0,1063016990.941034,0,0
802,407987,-2108.6080633269853,500,False,-13096.411821044921,99.34246969461441,0.1339522298524389,7.389056205749512,300000,9999834025.046387,0.0,0.0,0,11
803,407988,-1566.6637914169855,500,False,-13096.411821044921,99.34246969461441,0.1339522298524389,7.389056205749512,300000,9999833929.786434,0.0,0.0,0,4
804,407989,-2256.2649175764773,500,False,-13096.411821044921,99.34246969461441,0.1339522298524389,7.389056205749512,300000,9999833967.890415,0.0,0.0,0,13
805,407990,-744.5492767519592,500,False,-13096.411821044921,99.34246969461441,0.1339522298524389,7.389056205749512,300000,9999832996.2389,0.0,1063016990.941034,0,0
806,407991,-746.149276751959,500,False,-13096.411821044921,99.34246969461441,0.1339522298524389,7.389056205749512,300000,9999833129.602833,0.0,1063016990.941034,0,0
807,407992,-745.1492767519591,500,False,-13096.411821044921,99.34246969461441,0.1339522298524389,7.389056205749512,300000,9999832977.186909,0.0,1063016990.941034,0,0
808,407993,-1655.320645666478,500,False,-13096.411821044921,99.34246969461441,0.1339522298524389,7.389056205749512,300000,9999833958.36442,0.0,0.0,0,5
809,407994,-1580.320645666478,500,False,-13096.411821044921,99.34246969461441,0.1339522298524389,7.389056205749512,300000,9999833967.890415,0.0,0.0,0,4
810,407995,-745.3492767519591,500,False,-13096.411821044921,99.34246969461441,0.1339522298524389,7.389056205749512,300000,9999833034.34288,0.0,1063016990.941034,0,0
811,407996,-747.749276751959,500,False,-13096.411821044921,99.34246969461441,0.1339522298524389,7.389056205749512,300000,9999833148.654823,0.0,1063016990.941034,0,0
812,407997,-748.5492767519589,500,False,-13096.411821044921,99.34246969461441,0.1339522298524389,7.389056205749512,300000,9999833167.706814,0.0,1063016990.941034,0,0
813,407998,-754.1492767519586,500,False,-13096.411821044921,99.34246969461441,0.1339522298524389,7.389056205749512,300000,9999833434.43468,0.0,1063016990.941034,0,0
814,407999,-745.9492767519594,500,False,-13096.411821044921,99.34246969461441,0.1339522298524389,7.389056205749512,300000,9999833110.550842,0.0,1063016990.941034,0,0
815,408000,-744.1492767519594,500,False,-13096.411821044921,99.34246969461441,0.1339522298524389,7.389056205749512,300000,9999832996.2389,0.0,1063016990.941034,0,0
816,415985,-707.4366944124673,500,False,-14425.858176757813,110.21111183166504,0.013742735315288883,7.389056205749512,300000,99981201.46193539,0.0,1063016990.941034,0,0
817,415986,-707.4366944124672,500,False,-14425.858176757813,110.21111183166504,0.013742735315288883,7.389056205749512,300000,99994029.39795054,0.0,1063016990.941034,0,0
818,415987,-707.4366944124673,500,False,-14425.858176757813,110.21111183166504,0.013742735315288883,7.389056205749512,300000,99989308.32994296,0.0,1063016990.941034,0,0
819,415988,-707.4366944124673,500,False,-14425.858176757813,110.21111183166504,0.013742735315288883,7.389056205749512,300000,99994048.44994293,0.0,1063016990.941034,0,0
820,415989,-711.1415331431416,500,False,-14425.858176757813,110.21111183166504,0.013742735315288883,7.389056205749512,300000,99992007.44394675,0.0,1063016990.941034,0,0
821,415990,-711.1415331431416,500,False,-14425.858176757813,110.21111183166504,0.013742735315288883,7.389056205749512,300000,99994038.92394674,0.0,1063016990.941034,0,0
822,415991,-707.4366944124672,500,False,-14425.858176757813,110.21111183166504,0.013742735315288883,7.389056205749512,300000,99994687.50595815,0.0,1063016990.941034,0,0
823,415992,-707.4366944124673,500,False,-14425.858176757813,110.21111183166504,0.013742735315288883,7.389056205749512,300000,99992016.96994294,0.0,1063016990.941034,0,0
824,415993,-711.1415331431415,500,False,-14425.858176757813,110.21111183166504,0.013742735315288883,7.389056205749512,300000,99995054.66394673,0.0,1063016990.941034,0,0
825,415994,-707.4366944124672,500,False,-14425.858176757813,110.21111183166504,0.013742735315288883,7.389056205749512,300000,99994706.55795054,0.0,1063016990.941034,0,0
826,415995,-707.4366944124673,500,False,-14425.858176757813,110.21111183166504,0.013742735315288883,7.389056205749512,300000,99980505.249943,0.0,1063016990.941034,0,0
827,415996,-707.4366944124674,500,False,-14425.858176757813,110.21111183166504,0.013742735315288883,7.389056205749512,300000,99988988.80193534,0.0,1063016990.941034,0,0
828,415997,-707.4366944124671,500,False,-14425.858176757813,110.21111183166504,0.013742735315288883,7.389056205749512,300000,99994029.39795054,0.0,1063016990.941034,0,0
829,415998,-707.4366944124672,500,False,-14425.858176757813,110.21111183166504,0.013742735315288883,7.389056205749512,300000,99993690.81795055,0.0,1063016990.941034,0,0
830,415999,-707.4366944124673,500,False,-14425.858176757813,110.21111183166504,0.013742735315288883,7.389056205749512,300000,99983571.52193537,0.0,1063016990.941034,0,0
831,416000,-707.4366944124672,500,False,-14425.858176757813,110.21111183166504,0.013742735315288883,7.389056205749512,300000,99993709.86994293,0.0,1063016990.941034,0,0
832,423985,-13916.38096632243,500,False,-15087.047939697266,90.68776859998702,0.03210831468270044,7.389056205749512,300000,9999832500.887146,0.0,1063016990.941034,0,176
833,423986,-14141.380966322427,500,False,-15087.047939697266,90.68776859998702,0.03210831468270044,7.389056205749512,300000,9999832529.465132,0.0,1063016990.941034,0,179
834,423987,-14066.38096632243,500,False,-15087.047939697266,90.68776859998702,0.03210831468270044,7.389056205749512,300000,9999832500.887146,0.0,1063016990.941034,0,178
835,423988,-13766.380966322431,500,False,-15087.047939697266,90.68776859998702,0.03210831468270044,7.389056205749512,300000,9999832481.835155,0.0,1063016990.941034,0,174
836,423989,-13916.38096632243,500,False,-15087.047939697266,90.68776859998702,0.03210831468270044,7.389056205749512,300000,9999832500.887146,0.0,1063016990.941034,0,176
837,423990,-14066.38096632243,500,False,-15087.047939697266,90.68776859998702,0.03210831468270044,7.389056205749512,300000,9999832500.887146,0.0,1063016990.941034,0,178
838,423991,-14141.380966322427,500,False,-15087.047939697266,90.68776859998702,0.03210831468270044,7.389056205749512,300000,9999832510.413141,0.0,1063016990.941034,0,179
839,423992,-13916.38096632243,500,False,-15087.047939697266,90.68776859998702,0.03210831468270044,7.389056205749512,300000,9999832481.835155,0.0,1063016990.941034,0,176
840,423993,-14066.38096632243,500,False,-15087.047939697266,90.68776859998702,0.03210831468270044,7.389056205749512,300000,9999832500.887146,0.0,1063016990.941034,0,178
841,423994,-13616.380966322433,500,False,-15087.047939697266,90.68776859998702,0.03210831468270044,7.389056205749512,300000,9999832462.783165,0.0,1063016990.941034,0,172
842,423995,-14066.38096632243,500,False,-15087.047939697266,90.68776859998702,0.03210831468270044,7.389056205749512,300000,9999832500.887146,0.0,1063016990.941034,0,178
843,423996,-14141.380966322427,500,False,-15087.047939697266,90.68776859998702,0.03210831468270044,7.389056205749512,300000,9999832510.413141,0.0,1063016990.941034,0,179
844,423997,-14141.380966322427,500,False,-15087.047939697266,90.68776859998702,0.03210831468270044,7.389056205749512,300000,9999832510.413141,0.0,1063016990.941034,0,179
845,423998,-14066.38096632243,500,False,-15087.047939697266,90.68776859998702,0.03210831468270044,7.389056205749512,300000,9999832500.887146,0.0,1063016990.941034,0,178
846,423999,-13916.38096632243,500,False,-15087.047939697266,90.68776859998702,0.03210831468270044,7.389056205749512,300000,9999832481.835155,0.0,1063016990.941034,0,176
847,424000,-13916.38096632243,500,False,-15087.047939697266,90.68776859998702,0.03210831468270044,7.389056205749512,300000,9999832500.887146,0.0,1063016990.941034,0,176
848,431985,-996.6491106406735,500,False,-14280.543188964844,61.824973212003705,0.10480813288642093,7.389056205749512,300000,9999835472.997665,0.0,0.0,0,0
849,431986,-1000.0000000000002,500,False,-14280.543188964844,61.824973212003705,0.10480813288642093,7.389056205749512,300000,9999835472.997665,0.0,0.0,0,0
850,431987,-1000.0000000000001,500,False,-14280.543188964844,61.824973212003705,0.10480813288642093,7.389056205749512,300000,9999835472.997665,0.0,0.0,0,0
851,431988,-996.6491106406737,500,False,-14280.543188964844,61.824973212003705,0.10480813288642093,7.389056205749512,300000,9999835472.997665,0.0,0.0,0,0
852,431989,-1000.0000000000003,500,False,-14280.543188964844,61.824973212003705,0.10480813288642093,7.389056205749512,300000,9999835472.997665,0.0,0.0,0,0
853,431990,-996.6491106406736,500,False,-14280.543188964844,61.824973212003705,0.10480813288642093,7.389056205749512,300000,9999835472.997665,0.0,0.0,0,0
854,431991,-1000.0000000000001,500,False,-14280.543188964844,61.824973212003705,0.10480813288642093,7.389056205749512,300000,9999835472.997665,0.0,0.0,0,0
855,431992,-996.6491106406739,500,False,-14280.543188964844,61.824973212003705,0.10480813288642093,7.389056205749512,300000,9999835472.997665,0.0,0.0,0,0
856,431993,-1000.0000000000005,500,False,-14280.543188964844,61.824973212003705,0.10480813288642093,7.389056205749512,300000,9999835472.997665,0.0,0.0,0,0
857,431994,-1000.0000000000003,500,False,-14280.543188964844,61.824973212003705,0.10480813288642093,7.389056205749512,300000,9999835472.997665,0.0,0.0,0,0
858,431995,-1000.0000000000002,500,False,-14280.543188964844,61.824973212003705,0.10480813288642093,7.389056205749512,300000,9999835472.997665,0.0,0.0,0,0
859,431996,-996.6491106406738,500,False,-14280.543188964844,61.824973212003705,0.10480813288642093,7.389056205749512,300000,9999835472.997665,0.0,0.0,0,0
860,431997,-1000.0000000000001,500,False,-14280.543188964844,61.824973212003705,0.10480813288642093,7.389056205749512,300000,9999835472.997665,0.0,0.0,0,0
861,431998,-996.6491106406739,500,False,-14280.543188964844,61.824973212003705,0.10480813288642093,7.389056205749512,300000,9999835472.997665,0.0,0.0,0,0
862,431999,-1000.0,500,False,-14280.543188964844,61.824973212003705,0.10480813288642093,7.389056205749512,300000,9999835472.997665,0.0,0.0,0,0
863,432000,-1000.0000000000003,500,False,-14280.543188964844,61.824973212003705,0.10480813288642093,7.389056205749512,300000,9999835472.997665,0.0,0.0,0,0
864,439985,-1000.0000000000003,500,False,-13082.788426513673,44.260448642730715,0.1858942397236824,7.389056205749512,300000,9999835472.997665,0.0,0.0,0,0
865,439986,-1000.0000000000005,500,False,-13082.788426513673,44.260448642730715,0.1858942397236824,7.389056205749512,300000,9999835472.997665,0.0,0.0,0,0
866,439987,-1000.0000000000003,500,False,-13082.788426513673,44.260448642730715,0.1858942397236824,7.389056205749512,300000,9999835472.997665,0.0,0.0,0,0
867,439988,-1000.0000000000006,500,False,-13082.788426513673,44.260448642730715,0.1858942397236824,7.389056205749512,300000,9999835472.997665,0.0,0.0,0,0
868,439989,-1000.0000000000005,500,False,-13082.788426513673,44.260448642730715,0.1858942397236824,7.389056205749512,300000,9999835472.997665,0.0,0.0,0,0
869,439990,-1000.0000000000005,500,False,-13082.788426513673,44.260448642730715,0.1858942397236824,7.389056205749512,300000,9999835472.997665,0.0,0.0,0,0
870,439991,-1000.0000000000006,500,False,-13082.788426513673,44.260448642730715,0.1858942397236824,7.389056205749512,300000,9999835472.997665,0.0,0.0,0,0
871,439992,-1000.0000000000003,500,False,-13082.788426513673,44.260448642730715,0.1858942397236824,7.389056205749512,300000,9999835472.997665,0.0,0.0,0,0
872,439993,-996.649110640674,500,False,-13082.788426513673,44.260448642730715,0.1858942397236824,7.389056205749512,300000,9999835472.997665,0.0,0.0,0,0
873,439994,-1000.0000000000007,500,False,-13082.788426513673,44.260448642730715,0.1858942397236824,7.389056205749512,300000,9999835472.997665,0.0,0.0,0,0
874,439995,-996.649110640674,500,False,-13082.788426513673,44.260448642730715,0.1858942397236824,7.389056205749512,300000,9999835472.997665,0.0,0.0,0,0
875,439996,-1000.0000000000005,500,False,-13082.788426513673,44.260448642730715,0.1858942397236824,7.389056205749512,300000,9999835472.997665,0.0,0.0,0,0
876,439997,-996.6491106406738,500,False,-13082.788426513673,44.260448642730715,0.1858942397236824,7.389056205749512,300000,9999835472.997665,0.0,0.0,0,0
877,439998,-996.649110640674,500,False,-13082.788426513673,44.260448642730715,0.1858942397236824,7.389056205749512,300000,9999835472.997665,0.0,0.0,0,0
878,439999,-1000.0000000000003,500,False,-13082.788426513673,44.260448642730715,0.1858942397236824,7.389056205749512,300000,9999835472.997665,0.0,0.0,0,0
879,440000,-1000.0000000000005,500,False,-13082.788426513673,44.260448642730715,0.1858942397236824,7.389056205749512,300000,9999835472.997665,0.0,0.0,0,0
880,447985,-999.9999999999997,500,False,-11929.324326171874,36.616872033834454,0.3132743194140494,7.389056205749512,300000,9999835472.997665,0.0,0.0,0,0
881,447986,-999.9999999999998,500,False,-11929.324326171874,36.616872033834454,0.3132743194140494,7.389056205749512,300000,9999835472.997665,0.0,0.0,0,0
882,447987,-999.9999999999995,500,False,-11929.324326171874,36.616872033834454,0.3132743194140494,7.389056205749512,300000,9999835472.997665,0.0,0.0,0,0
883,447988,-999.9999999999997,500,False,-11929.324326171874,36.616872033834454,0.3132743194140494,7.389056205749512,300000,9999835472.997665,0.0,0.0,0,0
884,447989,-999.9999999999995,500,False,-11929.324326171874,36.616872033834454,0.3132743194140494,7.389056205749512,300000,9999835472.997665,0.0,0.0,0,0
885,447990,-996.6491106406731,500,False,-11929.324326171874,36.616872033834454,0.3132743194140494,7.389056205749512,300000,9999835472.997665,0.0,0.0,0,0
886,447991,-996.649110640673,500,False,-11929.324326171874,36.616872033834454,0.3132743194140494,7.389056205749512,300000,9999835472.997665,0.0,0.0,0,0
887,447992,-996.6491106406733,500,False,-11929.324326171874,36.616872033834454,0.3132743194140494,7.389056205749512,300000,9999835472.997665,0.0,0.0,0,0
888,447993,-999.9999999999998,500,False,-11929.324326171874,36.616872033834454,0.3132743194140494,7.389056205749512,300000,9999835472.997665,0.0,0.0,0,0
889,447994,-996.6491106406729,500,False,-11929.324326171874,36.616872033834454,0.3132743194140494,7.389056205749512,300000,9999835472.997665,0.0,0.0,0,0
890,447995,-996.6491106406733,500,False,-11929.324326171874,36.616872033834454,0.3132743194140494,7.389056205749512,300000,9999835472.997665,0.0,0.0,0,0
891,447996,-999.9999999999995,500,False,-11929.324326171874,36.616872033834454,0.3132743194140494,7.389056205749512,300000,9999835472.997665,0.0,0.0,0,0
892,447997,-996.649110640673,500,False,-11929.324326171874,36.616872033834454,0.3132743194140494,7.389056205749512,300000,9999835472.997665,0.0,0.0,0,0
893,447998,-999.9999999999997,500,False,-11929.324326171874,36.616872033834454,0.3132743194140494,7.389056205749512,300000,9999835472.997665,0.0,0.0,0,0
894,447999,-999.9999999999998,500,False,-11929.324326171874,36.616872033834454,0.3132743194140494,7.389056205749512,300000,9999835472.997665,0.0,0.0,0,0
895,448000,-999.9999999999998,500,False,-11929.324326171874,36.616872033834454,0.3132743194140494,7.389056205749512,300000,9999835472.997665,0.0,0.0,0,0
896,455985,-996.6491106406726,500,False,-10885.66264868164,32.48683125013113,0.32182745383679867,7.389056205749512,300000,9999835472.997665,0.0,0.0,0,0
897,455986,-999.9999999999991,500,False,-10885.66264868164,32.48683125013113,0.32182745383679867,7.389056205749512,300000,9999835472.997665,0.0,0.0,0,0
898,455987,-999.9999999999991,500,False,-10885.66264868164,32.48683125013113,0.32182745383679867,7.389056205749512,300000,9999835472.997665,0.0,0.0,0,0
899,455988,-999.9999999999991,500,False,-10885.66264868164,32.48683125013113,0.32182745383679867,7.389056205749512,300000,9999835472.997665,0.0,0.0,0,0
900,455989,-996.6491106406727,500,False,-10885.66264868164,32.48683125013113,0.32182745383679867,7.389056205749512,300000,9999835472.997665,0.0,0.0,0,0
901,455990,-999.9999999999991,500,False,-10885.66264868164,32.48683125013113,0.32182745383679867,7.389056205749512,300000,9999835472.997665,0.0,0.0,0,0
902,455991,-999.9999999999994,500,False,-10885.66264868164,32.48683125013113,0.32182745383679867,7.389056205749512,300000,9999835472.997665,0.0,0.0,0,0
903,455992,-996.649110640673,500,False,-10885.66264868164,32.48683125013113,0.32182745383679867,7.389056205749512,300000,9999835472.997665,0.0,0.0,0,0
904,455993,-996.6491106406729,500,False,-10885.66264868164,32.48683125013113,0.32182745383679867,7.389056205749512,300000,9999835472.997665,0.0,0.0,0,0
905,455994,-996.649110640673,500,False,-10885.66264868164,32.48683125013113,0.32182745383679867,7.389056205749512,300000,9999835472.997665,0.0,0.0,0,0
906,455995,-999.9999999999995,500,False,-10885.66264868164,32.48683125013113,0.32182745383679867,7.389056205749512,300000,9999835472.997665,0.0,0.0,0,0
907,455996,-999.9999999999992,500,False,-10885.66264868164,32.48683125013113,0.32182745383679867,7.389056205749512,300000,9999835472.997665,0.0,0.0,0,0
908,455997,-999.9999999999992,500,False,-10885.66264868164,32.48683125013113,0.32182745383679867,7.389056205749512,300000,9999835472.997665,0.0,0.0,0,0
909,455998,-999.9999999999994,500,False,-10885.66264868164,32.48683125013113,0.32182745383679867,7.389056205749512,300000,9999835472.997665,0.0,0.0,0,0
910,455999,-996.6491106406727,500,False,-10885.66264868164,32.48683125013113,0.32182745383679867,7.389056205749512,300000,9999835472.997665,0.0,0.0,0,0
911,456000,-999.9999999999992,500,False,-10885.66264868164,32.48683125013113,0.32182745383679867,7.389056205749512,300000,9999835472.997665,0.0,0.0,0,0
912,463985,-991.9999999999995,500,False,-9946.920955566406,29.194219644993545,0.321423190318048,7.389056205749512,300000,9999835472.997665,0.0,0.0,0,0
913,463986,-999.9999999999994,500,False,-9946.920955566406,29.194219644993545,0.321423190318048,7.389056205749512,300000,9999835472.997665,0.0,0.0,0,0
914,463987,-999.9999999999995,500,False,-9946.920955566406,29.194219644993545,0.321423190318048,7.389056205749512,300000,9999835472.997665,0.0,0.0,0,0
915,463988,-999.9999999999995,500,False,-9946.920955566406,29.194219644993545,0.321423190318048,7.389056205749512,300000,9999835472.997665,0.0,0.0,0,0
916,463989,-996.6491106406728,500,False,-9946.920955566406,29.194219644993545,0.321423190318048,7.389056205749512,300000,9999835472.997665,0.0,0.0,0,0
917,463990,-999.9999999999994,500,False,-9946.920955566406,29.194219644993545,0.321423190318048,7.389056205749512,300000,9999835472.997665,0.0,0.0,0,0
918,463991,-999.9999999999998,500,False,-9946.920955566406,29.194219644993545,0.321423190318048,7.389056205749512,300000,9999835472.997665,0.0,0.0,0,0
919,463992,-996.6491106406728,500,False,-9946.920955566406,29.194219644993545,0.321423190318048,7.389056205749512,300000,9999835472.997665,0.0,0.0,0,0
920,463993,-999.9999999999998,500,False,-9946.920955566406,29.194219644993545,0.321423190318048,7.389056205749512,300000,9999835472.997665,0.0,0.0,0,0
921,463994,-996.6491106406729,500,False,-9946.920955566406,29.194219644993545,0.321423190318048,7.389056205749512,300000,9999835472.997665,0.0,0.0,0,0
922,463995,-996.6491106406727,500,False,-9946.920955566406,29.194219644993545,0.321423190318048,7.389056205749512,300000,9999835472.997665,0.0,0.0,0,0
923,463996,-996.6491106406729,500,False,-9946.920955566406,29.194219644993545,0.321423190318048,7.389056205749512,300000,9999835472.997665,0.0,0.0,0,0
924,463997,-996.6491106406735,500,False,-9946.920955566406,29.194219644993545,0.321423190318048,7.389056205749512,300000,9999835472.997665,0.0,0.0,0,0
925,463998,-999.9999999999995,500,False,-9946.920955566406,29.194219644993545,0.321423190318048,7.389056205749512,300000,9999835472.997665,0.0,0.0,0,0
926,463999,-996.649110640673,500,False,-9946.920955566406,29.194219644993545,0.321423190318048,7.389056205749512,300000,9999835472.997665,0.0,0.0,0,0
927,464000,-999.9999999999998,500,False,-9946.920955566406,29.194219644993545,0.321423190318048,7.389056205749512,300000,9999835472.997665,0.0,0.0,0,0
928,471985,-999.9999999999998,500,False,-9111.449952392579,26.756508074045183,0.3860842994824052,7.389056205749512,300000,9999835472.997665,0.0,0.0,0,0
929,471986,-1004.3960780543708,500,False,-9111.449952392579,26.756508074045183,0.3860842994824052,7.389056205749512,300000,9999835472.997665,0.0,0.0,0,0
930,471987,-996.649110640673,500,False,-9111.449952392579,26.756508074045183,0.3860842994824052,7.389056205749512,300000,9999835472.997665,0.0,0.0,0,0
931,471988,-999.9999999999999,500,False,-9111.449952392579,26.756508074045183,0.3860842994824052,7.389056205749512,300000,9999835472.997665,0.0,0.0,0,0
932,471989,-1000.0,500,False,-9111.449952392579,26.756508074045183,0.3860842994824052,7.389056205749512,300000,9999835472.997665,0.0,0.0,0,0
933,471990,-996.6491106406733,500,False,-9111.449952392579,26.756508074045183,0.3860842994824052,7.389056205749512,300000,9999835472.997665,0.0,0.0,0,0
934,471991,-999.9999999999999,500,False,-9111.449952392579,26.756508074045183,0.3860842994824052,7.389056205749512,300000,9999835472.997665,0.0,0.0,0,0
935,471992,-996.6491106406733,500,False,-9111.449952392579,26.756508074045183,0.3860842994824052,7.389056205749512,300000,9999835472.997665,0.0,0.0,0,0
936,471993,-996.6491106406734,500,False,-9111.449952392579,26.756508074045183,0.3860842994824052,7.389056205749512,300000,9999835472.997665,0.0,0.0,0,0
937,471994,-999.9999999999995,500,False,-9111.449952392579,26.756508074045183,0.3860842994824052,7.389056205749512,300000,9999835472.997665,0.0,0.0,0,0
938,471995,-991.9999999999999,500,False,-9111.449952392579,26.756508074045183,0.3860842994824052,7.389056205749512,300000,9999835472.997665,0.0,0.0,0,0
939,471996,-996.6491106406733,500,False,-9111.449952392579,26.756508074045183,0.3860842994824052,7.389056205749512,300000,9999835472.997665,0.0,0.0,0,0
940,471997,-991.9999999999998,500,False,-9111.449952392579,26.756508074045183,0.3860842994824052,7.389056205749512,300000,9999835472.997665,0.0,0.0,0,0
941,471998,-996.6491106406733,500,False,-9111.449952392579,26.756508074045183,0.3860842994824052,7.389056205749512,300000,9999835472.997665,0.0,0.0,0,0
942,471999,-996.6491106406734,500,False,-9111.449952392579,26.756508074045183,0.3860842994824052,7.389056205749512,300000,9999835472.997665,0.0,0.0,0,0
943,472000,-991.9999999999998,500,False,-9111.449952392579,26.756508074045183,0.3860842994824052,7.389056205749512,300000,9999835472.997665,0.0,0.0,0,0
944,479985,-996.6491106406735,500,False,-8363.58413256836,27.595606019437312,0.4379536860957742,7.389056205749512,300000,9999835472.997665,0.0,0.0,0,0
945,479986,-1004.396078054371,500,False,-8363.58413256836,27.595606019437312,0.4379536860957742,7.389056205749512,300000,9999835472.997665,0.0,0.0,0,0
946,479987,-999.9999999999997,500,False,-8363.58413256836,27.595606019437312,0.4379536860957742,7.389056205749512,300000,9999835472.997665,0.0,0.0,0,0
947,479988,-1054.2500297460156,500,False,-8363.58413256836,27.595606019437312,0.4379536860957742,7.389056205749512,300000,9999835472.997665,0.0,0.0,1,0
948,479989,-996.6491106406735,500,False,-8363.58413256836,27.595606019437312,0.4379536860957742,7.389056205749512,300000,9999835472.997665,0.0,0.0,0,0
949,479990,-1000.0,500,False,-8363.58413256836,27.595606019437312,0.4379536860957742,7.389056205749512,300000,9999835472.997665,0.0,0.0,0,0
950,479991,-1000.4067178842181,500,False,-8363.58413256836,27.595606019437312,0.4379536860957742,7.389056205749512,300000,9999835472.997665,0.0,0.0,0,0
951,479992,-1000.0,500,False,-8363.58413256836,27.595606019437312,0.4379536860957742,7.389056205749512,300000,9999835472.997665,0.0,0.0,0,0
952,479993,-996.6491106406733,500,False,-8363.58413256836,27.595606019437312,0.4379536860957742,7.389056205749512,300000,9999835472.997665,0.0,0.0,0,0
953,479994,-1000.0,500,False,-8363.58413256836,27.595606019437312,0.4379536860957742,7.389056205749512,300000,9999835472.997665,0.0,0.0,0,0
954,479995,-999.9999999999997,500,False,-8363.58413256836,27.595606019437312,0.4379536860957742,7.389056205749512,300000,9999835472.997665,0.0,0.0,0,0
955,479996,-1000.0,500,False,-8363.58413256836,27.595606019437312,0.4379536860957742,7.389056205749512,300000,9999835472.997665,0.0,0.0,0,0
956,479997,-991.9999999999997,500,False,-8363.58413256836,27.595606019437312,0.4379536860957742,7.389056205749512,300000,9999835472.997665,0.0,0.0,0,0
957,479998,-1003.7576072435446,500,False,-8363.58413256836,27.595606019437312,0.4379536860957742,7.389056205749512,300000,9999835472.997665,0.0,0.0,0,0
958,479999,-999.9999999999998,500,False,-8363.58413256836,27.595606019437312,0.4379536860957742,7.389056205749512,300000,9999835472.997665,0.0,0.0,0,0
959,480000,-1004.396078054371,500,False,-8363.58413256836,27.595606019437312,0.4379536860957742,7.389056205749512,300000,9999835472.997665,0.0,0.0,0,0
960,487985,-1004.396078054371,500,False,-7689.2624063720705,28.382272237420082,0.5100279188528657,6.33096170425415,300000,9999835472.997665,0.0,0.0,0,0
961,487986,-1000.0,500,False,-7689.2624063720705,28.382272237420082,0.5100279188528657,6.33096170425415,300000,9999835472.997665,0.0,0.0,0,0
962,487987,-992.0000000000001,500,False,-7689.2624063720705,28.382272237420082,0.5100279188528657,6.33096170425415,300000,9999835472.997665,0.0,0.0,0,0
963,487988,-996.6491106406737,500,False,-7689.2624063720705,28.382272237420082,0.5100279188528657,6.33096170425415,300000,9999835472.997665,0.0,0.0,0,0
964,487989,-1000.0000000000001,500,False,-7689.2624063720705,28.382272237420082,0.5100279188528657,6.33096170425415,300000,9999835472.997665,0.0,0.0,0,0
965,487990,-1004.3960780543711,500,False,-7689.2624063720705,28.382272237420082,0.5100279188528657,6.33096170425415,300000,9999835472.997665,0.0,0.0,0,0
966,487991,-1004.3960780543713,500,False,-7689.2624063720705,28.382272237420082,0.5100279188528657,6.33096170425415,300000,9999835472.997665,0.0,0.0,0,0
967,487992,-1004.3960780543711,500,False,-7689.2624063720705,28.382272237420082,0.5100279188528657,6.33096170425415,300000,9999835472.997665,0.0,0.0,0,0
968,487993,-996.6491106406735,500,False,-7689.2624063720705,28.382272237420082,0.5100279188528657,6.33096170425415,300000,9999835472.997665,0.0,0.0,0,0
969,487994,-1000.0000000000002,500,False,-7689.2624063720705,28.382272237420082,0.5100279188528657,6.33096170425415,300000,9999835472.997665,0.0,0.0,0,0
970,487995,-996.6491106406733,500,False,-7689.2624063720705,28.382272237420082,0.5100279188528657,6.33096170425415,300000,9999835472.997665,0.0,0.0,0,0
971,487996,-1000.0000000000001,500,False,-7689.2624063720705,28.382272237420082,0.5100279188528657,6.33096170425415,300000,9999835472.997665,0.0,0.0,0,0
972,487997,-996.6491106406733,500,False,-7689.2624063720705,28.382272237420082,0.5100279188528657,6.33096170425415,300000,9999835472.997665,0.0,0.0,0,0
973,487998,-999.9999999999998,500,False,-7689.2624063720705,28.382272237420082,0.5100279188528657,6.33096170425415,300000,9999835472.997665,0.0,0.0,0,0
974,487999,-1004.3960780543707,500,False,-7689.2624063720705,28.382272237420082,0.5100279188528657,6.33096170425415,300000,9999835472.997665,0.0,0.0,0,0
975,488000,-1004.3960780543712,500,False,-7689.2624063720705,28.382272237420082,0.5100279188528657,6.33096170425415,300000,9999835472.997665,0.0,0.0,0,0
976,495985,-992.0,500,False,-7031.882884277344,23.055456372618675,0.5334535050317645,4.468081951141357,300000,9999835472.997665,0.0,0.0,0,0
977,495986,-999.9999999999998,500,False,-7031.882884277344,23.055456372618675,0.5334535050317645,4.468081951141357,300000,9999835472.997665,0.0,0.0,0,0
978,495987,-1000.4924225024705,500,False,-7031.882884277344,23.055456372618675,0.5334535050317645,4.468081951141357,300000,9999835463.47167,0.0,0.0,0,0
979,495988,-996.0000000000001,500,False,-7031.882884277344,23.055456372618675,0.5334535050317645,4.468081951141357,300000,9999835463.47167,0.0,0.0,0,0
980,495989,-1004.3960780543711,500,False,-7031.882884277344,23.055456372618675,0.5334535050317645,4.468081951141357,300000,9999835472.997665,0.0,0.0,0,0
981,495990,-1000.0000000000001,500,False,-7031.882884277344,23.055456372618675,0.5334535050317645,4.468081951141357,300000,9999835472.997665,0.0,0.0,0,0
982,495991,-1004.3960780543713,500,False,-7031.882884277344,23.055456372618675,0.5334535050317645,4.468081951141357,300000,9999835472.997665,0.0,0.0,0,0
983,495992,-1006.8133353335458,500,False,-7031.882884277344,23.055456372618675,0.5334535050317645,4.468081951141357,300000,9999835472.997665,0.0,0.0,0,0
984,495993,-996.6491106406736,500,False,-7031.882884277344,23.055456372618675,0.5334535050317645,4.468081951141357,300000,9999835472.997665,0.0,0.0,0,0
985,495994,-1004.396078054371,500,False,-7031.882884277344,23.055456372618675,0.5334535050317645,4.468081951141357,300000,9999835472.997665,0.0,0.0,0,0
986,495995,-1004.3960780543711,500,False,-7031.882884277344,23.055456372618675,0.5334535050317645,4.468081951141357,300000,9999835472.997665,0.0,0.0,0,0
987,495996,-1000.4067178842181,500,False,-7031.882884277344,23.055456372618675,0.5334535050317645,4.468081951141357,300000,9999835472.997665,0.0,0.0,0,0
988,495997,-996.6491106406735,500,False,-7031.882884277344,23.055456372618675,0.5334535050317645,4.468081951141357,300000,9999835472.997665,0.0,0.0,0,0
989,495998,-996.6491106406735,500,False,-7031.882884277344,23.055456372618675,0.5334535050317645,4.468081951141357,300000,9999835472.997665,0.0,0.0,0,0
990,495999,-999.9999999999999,500,False,-7031.882884277344,23.055456372618675,0.5334535050317645,4.468081951141357,300000,9999835472.997665,0.0,0.0,0,0
991,496000,-1000.0,500,False,-7031.882884277344,23.055456372618675,0.5334535050317645,4.468081951141357,300000,9999835472.997665,0.0,0.0,0,0
992,503985,-752.0631057787839,500,False,-6834.060620239258,52.525315638542175,0.27402890076767655,7.162842750549316,300000,99875617.58656174,0.0,198784177305.97403,0,0
993,503986,-6547.477933191856,500,False,-6834.060620239258,52.525315638542175,0.27402890076767655,7.162842750549316,300000,99973675.6796956,0.0,0.0,0,74
994,503987,-775.5815454806008,500,False,-6834.060620239258,52.525315638542175,0.27402890076767655,7.162842750549316,300000,99924317.57912487,0.0,120120919976.33707,0,0
995,503988,-7297.477933191856,500,False,-6834.060620239258,52.525315638542175,0.27402890076767655,7.162842750549316,300000,99904574.33889657,0.0,0.0,0,84
996,503989,-778.3815454806011,500,False,-6834.060620239258,52.525315638542175,0.27402890076767655,7.162842750549316,300000,99928924.33517814,0.0,112679801039.74979,0,0
997,503990,-742.7815454806004,500,False,-6834.060620239258,52.525315638542175,0.27402890076767655,7.162842750549316,300000,99864429.75043237,0.0,207288313233.50235,0,0
998,503991,-747.1815454806004,500,False,-6834.060620239258,52.525315638542175,0.27402890076767655,7.162842750549316,300000,99870352.72250086,0.0,195595126333.1509,0,0
999,503992,-6697.477933191856,500,False,-6834.060620239258,52.525315638542175,0.27402890076767655,7.162842750549316,300000,99869694.61449325,0.0,0.0,0,76
1000,503993,-764.3815454805998,500,False,-6834.060620239258,52.525315638542175,0.27402890076767655,7.162842750549316,300000,99905890.55491179,0.0,149885395722.6862,0,0
1001,503994,-796.3815454806021,500,False,-6834.060620239258,52.525315638542175,0.27402890076767655,7.162842750549316,300000,99958539.19552058,0.0,64844036447.40301,0,0
1002,503995,-748.3815454806005,500,False,-6834.060620239258,52.525315638542175,0.27402890076767655,7.162842750549316,300000,99879566.2346074,0.0,192406075360.3278,0,0
1003,503996,-6997.477933191856,500,False,-6834.060620239258,52.525315638542175,0.27402890076767655,7.162842750549316,300000,99969727.03164995,0.0,0.0,0,80
1004,503997,-824.3854674262295,500,False,-6834.060620239258,52.525315638542175,0.27402890076767655,7.162842750549316,300000,99865087.85843998,0.0,189217024387.50467,0,1
1005,503998,-827.4262475753214,500,False,-6834.060620239258,52.525315638542175,0.27402890076767655,7.162842750549316,300000,99881540.55863023,0.0,189217024387.50467,0,1
1006,503999,-6847.477933191856,500,False,-6834.060620239258,52.525315638542175,0.27402890076767655,7.162842750549316,300000,99909181.09494984,0.0,0.0,0,78
1007,504000,-6697.477933191856,500,False,-6834.060620239258,52.525315638542175,0.27402890076767655,7.162842750549316,300000,99971043.24766517,0.0,0.0,0,76
1008,511985,-37747.477933191854,500,False,-7622.124936157226,57.574416019797326,0.0873316941820085,7.389056205749512,300000,99838763.53813559,0.0,0.0,0,490
1009,511986,-37747.477933191854,500,False,-7622.124936157226,57.574416019797326,0.0873316941820085,7.389056205749512,300000,99838763.53813559,0.0,0.0,0,490
1010,511987,-37747.477933191854,500,False,-7622.124936157226,57.574416019797326,0.0873316941820085,7.389056205749512,300000,99838763.53813559,0.0,0.0,0,490
1011,511988,-37747.477933191854,500,False,-7622.124936157226,57.574416019797326,0.0873316941820085,7.389056205749512,300000,99838763.53813559,0.0,0.0,0,490
1012,511989,-37747.477933191854,500,False,-7622.124936157226,57.574416019797326,0.0873316941820085,7.389056205749512,300000,99838763.53813559,0.0,0.0,0,490
1013,511990,-37747.477933191854,500,False,-7622.124936157226,57.574416019797326,0.0873316941820085,7.389056205749512,300000,99838763.53813559,0.0,0.0,0,490
1014,511991,-37747.477933191854,500,False,-7622.124936157226,57.574416019797326,0.0873316941820085,7.389056205749512,300000,99838763.53813559,0.0,0.0,0,490
1015,511992,-37747.477933191854,500,False,-7622.124936157226,57.574416019797326,0.0873316941820085,7.389056205749512,300000,99838763.53813559,0.0,0.0,0,490
1016,511993,-37747.477933191854,500,False,-7622.124936157226,57.574416019797326,0.0873316941820085,7.389056205749512,300000,99838763.53813559,0.0,0.0,0,490
1017,511994,-37747.477933191854,500,False,-7622.124936157226,57.574416019797326,0.0873316941820085,7.389056205749512,300000,99838763.53813559,0.0,0.0,0,490
1018,511995,-37747.477933191854,500,False,-7622.124936157226,57.574416019797326,0.0873316941820085,7.389056205749512,300000,99838763.53813559,0.0,0.0,0,490
1019,511996,-37747.477933191854,500,False,-7622.124936157226,57.574416019797326,0.0873316941820085,7.389056205749512,300000,99838763.53813559,0.0,0.0,0,490
1020,511997,-37747.477933191854,500,False,-7622.124936157226,57.574416019797326,0.0873316941820085,7.389056205749512,300000,99838763.53813559,0.0,0.0,0,490
1021,511998,-37747.477933191854,500,False,-7622.124936157226,57.574416019797326,0.0873316941820085,7.389056205749512,300000,99838763.53813559,0.0,0.0,0,490
1022,511999,-37747.477933191854,500,False,-7622.124936157226,57.574416019797326,0.0873316941820085,7.389056205749512,300000,99838763.53813559,0.0,0.0,0,490
1023,512000,-37747.477933191854,500,False,-7622.124936157226,57.574416019797326,0.0873316941820085,7.389056205749512,300000,99838763.53813559,0.0,0.0,0,490
1024,519985,-6633.119078010353,500,False,-7373.460386962891,36.36283929598331,0.19351858076732606,7.389056205749512,300000,9999834406.086197,0.0,1063016990.941034,112,0
1025,519986,-6477.794177012081,500,False,-7373.460386962891,36.36283929598331,0.19351858076732606,7.389056205749512,300000,9999834272.722263,0.0,1063016990.941034,109,0
1026,519987,-6853.1017991673525,500,False,-7373.460386962891,36.36283929598331,0.19351858076732606,7.389056205749512,300000,9999834310.826244,0.0,1063016990.941034,117,0
1027,519988,-6533.519078010353,500,False,-7373.460386962891,36.36283929598331,0.19351858076732606,7.389056205749512,300000,9999834444.190178,0.0,1063016990.941034,110,0
1028,519989,-6621.572889087988,500,False,-7373.460386962891,36.36283929598331,0.19351858076732606,7.389056205749512,300000,9999834272.722263,0.0,1063016990.941034,112,0
1029,519990,-6577.54598354917,500,False,-7373.460386962891,36.36283929598331,0.19351858076732606,7.389056205749512,300000,9999834263.196268,0.0,1063016990.941034,111,0
1030,519991,-6677.1459835491705,500,False,-7373.460386962891,36.36283929598331,0.19351858076732606,7.389056205749512,300000,9999834377.508211,0.0,1063016990.941034,113,0
1031,519992,-6539.292172471535,500,False,-7373.460386962891,36.36283929598331,0.19351858076732606,7.389056205749512,300000,9999834215.566292,0.0,1063016990.941034,110,0
1032,519993,-6533.367271473264,500,False,-7373.460386962891,36.36283929598331,0.19351858076732606,7.389056205749512,300000,9999834225.092287,0.0,1063016990.941034,110,0
1033,519994,-6583.319078010353,500,False,-7373.460386962891,36.36283929598331,0.19351858076732606,7.389056205749512,300000,9999834320.35224,0.0,1063016990.941034,111,0
1034,519995,-6583.319078010353,500,False,-7373.460386962891,36.36283929598331,0.19351858076732606,7.389056205749512,300000,9999834263.196268,0.0,1063016990.941034,111,0
1035,519996,-8084.549566631438,500,False,-7373.460386962891,36.36283929598331,0.19351858076732606,7.389056205749512,300000,9999834282.248259,0.0,1063016990.941034,143,0
1036,519997,-6627.34598354917,500,False,-7373.460386962891,36.36283929598331,0.19351858076732606,7.389056205749512,300000,9999834387.034206,0.0,1063016990.941034,112,0
1037,519998,-10242.568394024212,500,False,-7373.460386962891,36.36283929598331,0.19351858076732606,7.389056205749512,300000,9999834339.40423,0.0,1063016990.941034,189,0
1038,519999,-6571.772889087988,500,False,-7373.460386962891,36.36283929598331,0.19351858076732606,7.389056205749512,300000,9999834263.196268,0.0,1063016990.941034,111,0
1039,520000,-6571.772889087988,500,False,-7373.460386962891,36.36283929598331,0.19351858076732606,7.389056205749512,300000,9999834263.196268,0.0,1063016990.941034,111,0
1040,527985,-22701.546308748628,500,False,-7060.273382202148,32.94568294632435,0.2076780990594998,7.389056205749512,300000,9999835444.41968,0.0,15945254864.115513,439,0
1041,527986,-22642.423968301355,500,False,-7060.273382202148,32.94568294632435,0.2076780990594998,7.389056205749512,300000,9999835453.945675,0.0,11693186900.351376,438,0
1042,527987,-22701.546308748628,500,False,-7060.273382202148,32.94568294632435,0.2076780990594998,7.389056205749512,300000,9999835463.47167,0.0,14882237873.174479,439,0
1043,527988,-22698.505528599537,500,False,-7060.273382202148,32.94568294632435,0.2076780990594998,7.389056205749512,300000,9999835463.47167,0.0,13819220882.233444,439,0
1044,527989,-22523.50552859954,500,False,-7060.273382202148,32.94568294632435,0.2076780990594998,7.389056205749512,300000,9999835444.41968,0.0,13819220882.233444,434,1
1045,527990,-22592.42396830136,500,False,-7060.273382202148,32.94568294632435,0.2076780990594998,7.389056205749512,300000,9999835463.47167,0.0,11693186900.351376,437,0
1046,527991,-22689.383188152264,500,False,-7060.273382202148,32.94568294632435,0.2076780990594998,7.389056205749512,300000,9999835463.47167,0.0,10630169909.410341,439,0
1047,527992,-22698.505528599537,500,False,-7060.273382202148,32.94568294632435,0.2076780990594998,7.389056205749512,300000,9999835463.47167,0.0,13819220882.233444,439,0
1048,527993,-22698.505528599537,500,False,-7060.273382202148,32.94568294632435,0.2076780990594998,7.389056205749512,300000,9999835463.47167,0.0,13819220882.233444,439,0
1049,527994,-22695.464748450446,500,False,-7060.273382202148,32.94568294632435,0.2076780990594998,7.389056205749512,300000,9999835463.47167,0.0,12756203891.29241,439,0
1050,527995,-22699.71496693488,500,False,-7060.273382202148,32.94568294632435,0.2076780990594998,7.389056205749512,300000,9999835463.47167,0.0,14882237873.174479,439,0
1051,527996,-22537.01375156328,500,False,-7060.273382202148,32.94568294632435,0.2076780990594998,7.389056205749512,300000,9999835463.47167,0.0,10630169909.410341,436,0
1052,527997,-22345.997994365163,500,False,-7060.273382202148,32.94568294632435,0.2076780990594998,7.389056205749512,300000,9999835453.945675,0.0,13819220882.233444,432,0
1053,527998,-19489.916434066985,500,False,-7060.273382202148,32.94568294632435,0.2076780990594998,7.389056205749512,300000,9999835444.41968,0.0,11693186900.351376,375,0
1054,527999,-19439.91643406698,500,False,-7060.273382202148,32.94568294632435,0.2076780990594998,7.389056205749512,300000,9999835453.945675,0.0,11693186900.351376,374,0
1055,528000,-18120.997994365163,500,False,-7060.273382202148,32.94568294632435,0.2076780990594998,7.389056205749512,300000,9999835463.47167,0.0,13819220882.233444,346,1
1056,535985,-12995.313708498985,500,False,-7555.836489624024,54.0128307056427,0.03523596810735762,7.389056205749512,300000,9999832272.26326,0.0,0.0,0,160
1057,535986,-12920.313708498985,500,False,-7555.836489624024,54.0128307056427,0.03523596810735762,7.389056205749512,300000,9999832262.737265,0.0,0.0,0,159
1058,535987,-12920.313708498985,500,False,-7555.836489624024,54.0128307056427,0.03523596810735762,7.389056205749512,300000,9999832262.737265,0.0,0.0,0,159
1059,535988,-12927.12704383253,500,False,-7555.836489624024,54.0128307056427,0.03523596810735762,7.389056205749512,300000,9999832281.789255,0.0,0.0,0,159
1060,535989,-13002.12704383253,500,False,-7555.836489624024,54.0128307056427,0.03523596810735762,7.389056205749512,300000,9999832291.31525,0.0,0.0,0,160
1061,535990,-12852.12704383253,500,False,-7555.836489624024,54.0128307056427,0.03523596810735762,7.389056205749512,300000,9999832272.26326,0.0,0.0,0,158
1062,535991,-12995.313708498985,500,False,-7555.836489624024,54.0128307056427,0.03523596810735762,7.389056205749512,300000,9999832272.26326,0.0,0.0,0,160
1063,535992,-12920.313708498985,500,False,-7555.836489624024,54.0128307056427,0.03523596810735762,7.389056205749512,300000,9999832262.737265,0.0,0.0,0,159
1064,535993,-13002.12704383253,500,False,-7555.836489624024,54.0128307056427,0.03523596810735762,7.389056205749512,300000,9999832291.31525,0.0,0.0,0,160
1065,535994,-12920.313708498985,500,False,-7555.836489624024,54.0128307056427,0.03523596810735762,7.389056205749512,300000,9999832262.737265,0.0,0.0,0,159
1066,535995,-12927.12704383253,500,False,-7555.836489624024,54.0128307056427,0.03523596810735762,7.389056205749512,300000,9999832281.789255,0.0,0.0,0,159
1067,535996,-12995.313708498985,500,False,-7555.836489624024,54.0128307056427,0.03523596810735762,7.389056205749512,300000,9999832272.26326,0.0,0.0,0,160
1068,535997,-12995.313708498985,500,False,-7555.836489624024,54.0128307056427,0.03523596810735762,7.389056205749512,300000,9999832272.26326,0.0,0.0,0,160
1069,535998,-12852.12704383253,500,False,-7555.836489624024,54.0128307056427,0.03523596810735762,7.389056205749512,300000,9999832272.26326,0.0,0.0,0,158
1070,535999,-12995.313708498985,500,False,-7555.836489624024,54.0128307056427,0.03523596810735762,7.389056205749512,300000,9999832272.26326,0.0,0.0,0,160
1071,536000,-12920.313708498985,500,False,-7555.836489624024,54.0128307056427,0.03523596810735762,7.389056205749512,300000,9999832262.737265,0.0,0.0,0,159
1072,543985,-8388.004563644423,500,False,-8218.352587768555,37.76503642487526,0.05975710641010665,7.389056205749512,300000,9999834901.43795,0.0,0.0,0,90
1073,543986,-8414.034447157514,500,False,-8218.352587768555,37.76503642487526,0.05975710641010665,7.389056205749512,300000,9999835091.957855,0.0,0.0,0,90
1074,543987,-8395.246410939784,500,False,-8218.352587768555,37.76503642487526,0.05975710641010665,7.389056205749512,300000,9999834977.645912,0.0,0.0,0,90
1075,543988,-8398.7306509916,500,False,-8218.352587768555,37.76503642487526,0.05975710641010665,7.389056205749512,300000,9999835034.801884,0.0,0.0,0,90
1076,543989,-8404.777112644513,500,False,-8218.352587768555,37.76503642487526,0.05975710641010665,7.389056205749512,300000,9999835015.749893,0.0,0.0,0,90
1077,543990,-8412.378031749855,500,False,-8218.352587768555,37.76503642487526,0.05975710641010665,7.389056205749512,300000,9999835006.223898,0.0,0.0,0,90
1078,543991,-8378.473861939696,500,False,-8218.352587768555,37.76503642487526,0.05975710641010665,7.389056205749512,300000,9999834882.38596,0.0,0.0,0,90
1079,543992,-8385.989076426786,500,False,-8218.352587768555,37.76503642487526,0.05975710641010665,7.389056205749512,300000,9999834939.541931,0.0,0.0,0,90
1080,543993,-8406.79259986215,500,False,-8218.352587768555,37.76503642487526,0.05975710641010665,7.389056205749512,300000,9999835015.749893,0.0,0.0,0,90
1081,543994,-8385.801413853309,500,False,-8218.352587768555,37.76503642487526,0.05975710641010665,7.389056205749512,300000,9999834949.067926,0.0,0.0,0,90
1082,543995,-8416.409006185133,500,False,-8218.352587768555,37.76503642487526,0.05975710641010665,7.389056205749512,300000,9999834987.171907,0.0,0.0,0,90
1083,543996,-8391.76217088797,500,False,-8218.352587768555,37.76503642487526,0.05975710641010665,7.389056205749512,300000,9999834939.541931,0.0,0.0,0,90
1084,543997,-8389.832388288583,500,False,-8218.352587768555,37.76503642487526,0.05975710641010665,7.389056205749512,300000,9999834910.963945,0.0,0.0,0,90
1085,543998,-8414.065421592788,500,False,-8218.352587768555,37.76503642487526,0.05975710641010665,7.389056205749512,300000,9999835063.37987,0.0,0.0,0,90
1086,543999,-8378.559566557948,500,False,-8218.352587768555,37.76503642487526,0.05975710641010665,7.389056205749512,300000,9999834872.859964,0.0,0.0,0,90
1087,544000,-8372.834118171002,500,False,-8218.352587768555,37.76503642487526,0.05975710641010665,7.389056205749512,300000,9999834768.074017,0.0,0.0,0,90
1088,551985,-1732.3271454792673,500,False,-7887.880069458008,30.68322367846966,0.3956517296656966,7.301837921142578,300000,9999834825.229988,0.0,0.0,0,0
1089,551986,-1719.0490401153238,500,False,-7887.880069458008,30.68322367846966,0.3956517296656966,7.301837921142578,300000,9999834882.38596,0.0,0.0,0,0
1090,551987,-1732.3271454792673,500,False,-7887.880069458008,30.68322367846966,0.3956517296656966,7.301837921142578,300000,9999834749.022026,0.0,0.0,0,0
1091,551988,-1740.5224450423057,500,False,-7887.880069458008,30.68322367846966,0.3956517296656966,7.301837921142578,300000,9999834939.541931,0.0,0.0,0,0
1092,551989,-1730.1745112796618,500,False,-7887.880069458008,30.68322367846966,0.3956517296656966,7.301837921142578,300000,9999834939.541931,0.0,0.0,0,0
1093,551990,-1716.818092226508,500,False,-7887.880069458008,30.68322367846966,0.3956517296656966,7.301837921142578,300000,9999834806.177998,0.0,0.0,0,0
1094,551991,-1758.3341509283237,500,False,-7887.880069458008,30.68322367846966,0.3956517296656966,7.301837921142578,300000,9999834834.755983,0.0,0.0,0,0
1095,551992,-1723.011904445718,500,False,-7887.880069458008,30.68322367846966,0.3956517296656966,7.301837921142578,300000,9999834882.38596,0.0,0.0,0,0
1096,551993,-1722.5540510180847,500,False,-7887.880069458008,30.68322367846966,0.3956517296656966,7.301837921142578,300000,9999834834.755983,0.0,0.0,0,0
1097,551994,-1714.7437717161129,500,False,-7887.880069458008,30.68322367846966,0.3956517296656966,7.301837921142578,300000,9999834863.33397,0.0,0.0,0,0
1098,551995,-1763.4952704184384,500,False,-7887.880069458008,30.68322367846966,0.3956517296656966,7.301837921142578,300000,9999834930.015936,0.0,0.0,0,0
1099,551996,-1717.430067197576,500,False,-7887.880069458008,30.68322367846966,0.3956517296656966,7.301837921142578,300000,9999834825.229988,0.0,0.0,0,0
1100,551997,-1697.3461746433557,500,False,-7887.880069458008,30.68322367846966,0.3956517296656966,7.301837921142578,300000,9999834901.43795,0.0,0.0,0,0
1101,551998,-1745.6835645324204,500,False,-7887.880069458008,30.68322367846966,0.3956517296656966,7.301837921142578,300000,9999834977.645912,0.0,0.0,0,0
1102,551999,-1770.2437684391211,500,False,-7887.880069458008,30.68322367846966,0.3956517296656966,7.301837921142578,300000,9999834768.074017,0.0,0.0,0,0
1103,552000,-1722.554051018085,500,False,-7887.880069458008,30.68322367846966,0.3956517296656966,7.301837921142578,300000,9999834701.39205,0.0,0.0,0,0
1104,559985,-1105.7262485943495,500,False,-7364.308323486328,26.295370393455027,0.44830837450176475,7.389056205749512,300000,9999835396.789703,0.0,0.0,0,0
1105,559986,-1097.1885449624945,500,False,-7364.308323486328,26.295370393455027,0.44830837450176475,7.389056205749512,300000,9999835396.789703,0.0,0.0,0,0
1106,559987,-1079.2572866078792,500,False,-7364.308323486328,26.295370393455027,0.44830837450176475,7.389056205749512,300000,9999835415.841694,0.0,0.0,0,0
1107,559988,-1079.8692615789469,500,False,-7364.308323486328,26.295370393455027,0.44830837450176475,7.389056205749512,300000,9999835453.945675,0.0,0.0,0,0
1108,559989,-1078.3286023504086,500,False,-7364.308323486328,26.295370393455027,0.44830837450176475,7.389056205749512,300000,9999835358.685722,0.0,0.0,0,0
1109,559990,-1065.2531950866976,500,False,-7364.308323486328,26.295370393455027,0.44830837450176475,7.389056205749512,300000,9999835425.36769,0.0,0.0,0,0
1110,559991,-1091.763335092772,500,False,-7364.308323486328,26.295370393455027,0.44830837450176475,7.389056205749512,300000,9999835434.893684,0.0,0.0,0,0
1111,559992,-1079.4897218405233,500,False,-7364.308323486328,26.295370393455027,0.44830837450176475,7.389056205749512,300000,9999835444.41968,0.0,0.0,0,0
1112,559993,-1047.5172362951212,500,False,-7364.308323486328,26.295370393455027,0.44830837450176475,7.389056205749512,300000,9999835444.41968,0.0,0.0,0,0
1113,559994,-1077.1417880778795,500,False,-7364.308323486328,26.295370393455027,0.44830837450176475,7.389056205749512,300000,9999835368.211718,0.0,0.0,0,0
1114,559995,-1088.6765361130529,500,False,-7364.308323486328,26.295370393455027,0.44830837450176475,7.389056205749512,300000,9999835396.789703,0.0,0.0,0,0
1115,559996,-1069.7908987185533,500,False,-7364.308323486328,26.295370393455027,0.44830837450176475,7.389056205749512,300000,9999835263.42577,0.0,0.0,0,0
1116,559997,-1094.4124949046293,500,False,-7364.308323486328,26.295370393455027,0.44830837450176475,7.389056205749512,300000,9999835406.315699,0.0,0.0,0,0
1117,559998,-1127.9490626119857,500,False,-7364.308323486328,26.295370393455027,0.44830837450176475,7.389056205749512,300000,9999835358.685722,0.0,0.0,1,0
1118,559999,-1055.4801006255154,500,False,-7364.308323486328,26.295370393455027,0.44830837450176475,7.389056205749512,300000,9999835453.945675,0.0,0.0,0,0
1119,560000,-1073.2918065115332,500,False,-7364.308323486328,26.295370393455027,0.44830837450176475,7.389056205749512,300000,9999835387.263708,0.0,0.0,0,0
1120,567985,-872.9063626548995,500,False,-7079.518457519532,26.458921012997628,0.19650637281313538,7.389056205749512,300000,99932225.21548265,0.0,3189050972.823102,0,4
1121,567986,-1382.690001522643,500,False,-7079.518457519532,26.458921012997628,0.19650637281313538,7.389056205749512,300000,99955960.37787461,0.0,2126033981.882068,0,11
1122,567987,-994.2447627777083,500,False,-7079.518457519532,26.458921012997628,0.19650637281313538,7.389056205749512,300000,99905118.13494986,0.0,1063016990.941034,0,3
1123,567988,-1110.733540800692,500,False,-7079.518457519532,26.458921012997628,0.19650637281313538,7.389056205749512,300000,99954862.44550157,0.0,2126033981.882068,0,7
1124,567989,-841.3657034263626,500,False,-7079.518457519532,26.458921012997628,0.19650637281313538,7.389056205749512,300000,9999835377.737713,0.0,1063016990.941034,0,1
1125,567990,-1369.7063626548968,500,False,-7079.518457519532,26.458921012997628,0.19650637281313538,7.389056205749512,300000,9999835339.633732,0.0,1063016990.941034,0,8
1126,567991,-1214.8061965436075,500,False,-7079.518457519532,26.458921012997628,0.19650637281313538,7.389056205749512,300000,9999835396.789703,0.0,1063016990.941034,0,6
1127,567992,-1017.7493422941146,500,False,-7079.518457519532,26.458921012997628,0.19650637281313538,7.389056205749512,300000,99974363.17996207,0.0,4252067963.764136,0,6
1128,567993,-1368.9063626548912,500,False,-7079.518457519532,26.458921012997628,0.19650637281313538,7.389056205749512,300000,99931224.17161208,0.0,2126033981.882068,0,11
1129,567994,-1143.7690608740006,500,False,-7079.518457519532,26.458921012997628,0.19650637281313538,7.389056205749512,300000,99913034.48303357,0.0,1063016990.941034,0,5
1130,567995,-1214.2122957470363,500,False,-7079.518457519532,26.458921012997628,0.19650637281313538,7.389056205749512,300000,99911427.31699932,0.0,1063016990.941034,0,6
1131,567996,-1137.830888167425,500,False,-7079.518457519532,26.458921012997628,0.19650637281313538,7.389056205749512,300000,99908858.02534954,0.0,2126033981.882068,0,8
1132,567997,-1028.9715473959698,500,False,-7079.518457519532,26.458921012997628,0.19650637281313538,7.389056205749512,300000,99921699.84322385,0.0,3189050972.823102,0,6
1133,567998,-991.8284016454644,500,False,-7079.518457519532,26.458921012997628,0.19650637281313538,7.389056205749512,300000,9999835406.315699,0.0,1063016990.941034,0,3
1134,567999,-1140.9063626548964,500,False,-7079.518457519532,26.458921012997628,0.19650637281313538,7.389056205749512,300000,99988144.52986683,0.0,1063016990.941034,0,5
1135,568000,-764.865537315074,500,False,-7079.518457519532,26.458921012997628,0.19650637281313538,7.389056205749512,300000,99933473.93525425,0.0,1063016990.941034,0,0
1136,575985,-2299.4225557287605,500,False,-7117.985877075195,24.547457922399044,0.20537927617505192,7.389056205749512,300000,99866733.128459,0.0,191343058369.38675,37,0
1137,575986,-1302.5045746572416,500,False,-7117.985877075195,24.547457922399044,0.20537927617505192,7.389056205749512,300000,99871637.63320509,0.0,51024815565.169586,17,0
1138,575987,-1304.622555728762,500,False,-7117.985877075195,24.547457922399044,0.20537927617505192,7.389056205749512,300000,99874945.59669498,0.0,157326514659.27347,17,0
1139,575988,-2348.4225557287605,500,False,-7117.985877075195,24.547457922399044,0.20537927617505192,7.389056205749512,300000,99865087.85843998,0.0,193469092351.26883,38,0
1140,575989,-2498.62255572876,500,False,-7117.985877075195,24.547457922399044,0.20537927617505192,7.389056205749512,300000,99865416.91244379,0.0,193469092351.26883,41,0
1141,575990,-1797.3045746572411,500,False,-7117.985877075195,24.547457922399044,0.20537927617505192,7.389056205749512,300000,99863253.69703764,0.0,80789291311.51859,27,0
1142,575991,-1855.904574657241,500,False,-7117.985877075195,24.547457922399044,0.20537927617505192,7.389056205749512,300000,99877841.21502614,0.0,86104376266.22379,28,0
1143,575992,-2358.022555728761,500,False,-7117.985877075195,24.547457922399044,0.20537927617505192,7.389056205749512,300000,99880863.39863023,0.0,167956684568.68387,38,0
1144,575993,-2333.6225557287603,500,False,-7117.985877075195,24.547457922399044,0.20537927617505192,7.389056205749512,300000,99840737.86215842,0.0,232800721016.0873,38,0
1145,575994,-2405.2225557287607,500,False,-7117.985877075195,24.547457922399044,0.20537927617505192,7.389056205749512,300000,99876266.16857316,0.0,175397803505.27115,39,0
1146,575995,-1792.1045746572404,500,False,-7117.985877075195,24.547457922399044,0.20537927617505192,7.389056205749512,300000,99856070.03639054,0.0,203036245269.7382,27,0
1147,575996,-2299.0225557287604,500,False,-7117.985877075195,24.547457922399044,0.20537927617505192,7.389056205749512,300000,99866075.0204514,0.0,192406075360.3278,37,0
1148,575997,-2451.42255572876,500,False,-7117.985877075195,24.547457922399044,0.20537927617505192,7.389056205749512,300000,99870014.14250086,0.0,186027973414.68155,40,0
1149,575998,-1933.622555728761,500,False,-7117.985877075195,24.547457922399044,0.20537927617505192,7.389056205749512,300000,99840737.86215842,0.0,232800721016.0873,30,0
1150,575999,-2167.6225557287607,500,False,-7117.985877075195,24.547457922399044,0.20537927617505192,7.389056205749512,300000,99896638.93882048,0.0,142444276786.0989,34,0
1151,576000,-1942.3045746572404,500,False,-7117.985877075195,24.547457922399044,0.20537927617505192,7.389056205749512,300000,99854779.67104149,0.0,65907053438.34404,30,0
1152,583985,-5492.079059351348,500,False,-7190.279405761718,29.447885788917542,0.1938993623368442,7.389056205749512,300000,9999835472.997665,0.0,0.0,0,60
1153,583986,-5115.422205101856,500,False,-7190.279405761718,29.447885788917542,0.1938993623368442,7.389056205749512,300000,9999835472.997665,0.0,0.0,0,55
1154,583987,-5642.079059351348,500,False,-7190.279405761718,29.447885788917542,0.1938993623368442,7.389056205749512,300000,9999835472.997665,0.0,0.0,0,62
1155,583988,-5192.079059351348,500,False,-7190.279405761718,29.447885788917542,0.1938993623368442,7.389056205749512,300000,9999835472.997665,0.0,0.0,0,56
1156,583989,-5042.079059351348,500,False,-7190.279405761718,29.447885788917542,0.1938993623368442,7.389056205749512,300000,9999835472.997665,0.0,0.0,0,54
1157,583990,-5565.422205101856,500,False,-7190.279405761718,29.447885788917542,0.1938993623368442,7.389056205749512,300000,9999835472.997665,0.0,0.0,0,61
1158,583991,-5192.079059351348,500,False,-7190.279405761718,29.447885788917542,0.1938993623368442,7.389056205749512,300000,9999835472.997665,0.0,0.0,0,56
1159,583992,-5415.422205101856,500,False,-7190.279405761718,29.447885788917542,0.1938993623368442,7.389056205749512,300000,9999835472.997665,0.0,0.0,0,59
1160,583993,-5342.079059351348,500,False,-7190.279405761718,29.447885788917542,0.1938993623368442,7.389056205749512,300000,9999835472.997665,0.0,0.0,0,58
1161,583994,-5942.079059351348,500,False,-7190.279405761718,29.447885788917542,0.1938993623368442,7.389056205749512,300000,9999835472.997665,0.0,0.0,0,66
1162,583995,-6015.422205101856,500,False,-7190.279405761718,29.447885788917542,0.1938993623368442,7.389056205749512,300000,9999835472.997665,0.0,0.0,0,67
1163,583996,-5492.079059351348,500,False,-7190.279405761718,29.447885788917542,0.1938993623368442,7.389056205749512,300000,9999835472.997665,0.0,0.0,0,60
1164,583997,-5565.422205101856,500,False,-7190.279405761718,29.447885788917542,0.1938993623368442,7.389056205749512,300000,9999835472.997665,0.0,0.0,0,61
1165,583998,-5415.422205101856,500,False,-7190.279405761718,29.447885788917542,0.1938993623368442,7.389056205749512,300000,9999835472.997665,0.0,0.0,0,59
1166,583999,-5192.079059351348,500,False,-7190.279405761718,29.447885788917542,0.1938993623368442,7.389056205749512,300000,9999835472.997665,0.0,0.0,0,56
1167,584000,-5492.079059351348,500,False,-7190.279405761718,29.447885788917542,0.1938993623368442,7.389056205749512,300000,9999835472.997665,0.0,0.0,0,60
1168,591985,-802.0222051018565,500,False,-6893.536557006836,24.22389649939537,0.46667174250632526,6.438882350921631,300000,9999835472.997665,0.0,25512407782.58481,0,0
1169,591986,-1107.5331774809233,500,False,-6893.536557006836,24.22389649939537,0.46667174250632526,6.438882350921631,300000,9999835472.997665,0.0,12756203891.29241,0,2
1170,591987,-1136.028804191888,500,False,-6893.536557006836,24.22389649939537,0.46667174250632526,6.438882350921631,300000,9999835472.997665,0.0,2126033981.882068,0,0
1171,591988,-792.422205101857,500,False,-6893.536557006836,24.22389649939537,0.46667174250632526,6.438882350921631,300000,9999835472.997665,0.0,51024815565.169586,0,0
1172,591989,-1031.3246751707966,500,False,-6893.536557006836,24.22389649939537,0.46667174250632526,6.438882350921631,300000,9999835472.997665,0.0,10630169909.410341,0,0
1173,591990,-785.6222051018574,500,False,-6893.536557006836,24.22389649939537,0.46667174250632526,6.438882350921631,300000,9999835472.997665,0.0,69096104411.16714,0,0
1174,591991,-785.2222051018574,500,False,-6893.536557006836,24.22389649939537,0.46667174250632526,6.438882350921631,300000,9999835472.997665,0.0,70159121402.10818,0,0
1175,591992,-788.8222051018572,500,False,-6893.536557006836,24.22389649939537,0.46667174250632526,6.438882350921631,300000,9999835472.997665,0.0,60591968483.63888,0,0
1176,591993,-794.4222051018569,500,False,-6893.536557006836,24.22389649939537,0.46667174250632526,6.438882350921631,300000,9999835472.997665,0.0,45709730610.464424,0,0
1177,591994,-860.9146276043281,500,False,-6893.536557006836,24.22389649939537,0.46667174250632526,6.438882350921631,300000,9999835472.997665,0.0,69096104411.16714,0,1
1178,591995,-1120.3221886126898,500,False,-6893.536557006836,24.22389649939537,0.46667174250632526,6.438882350921631,300000,9999835472.997665,0.0,1063016990.941034,0,0
1179,591996,-1042.6546586675472,500,False,-6893.536557006836,24.22389649939537,0.46667174250632526,6.438882350921631,300000,9999835472.997665,0.0,27638441764.466873,0,0
1180,591997,-1010.4458088121471,500,False,-6893.536557006836,24.22389649939537,0.46667174250632526,6.438882350921631,300000,9999835472.997665,0.0,39331628664.81823,0,0
1181,591998,-797.6733222399582,500,False,-6893.536557006836,24.22389649939537,0.46667174250632526,6.438882350921631,300000,9999835472.997665,0.0,58465934501.75681,0,0
1182,591999,-1146.7105046539148,500,False,-6893.536557006836,24.22389649939537,0.46667174250632526,6.438882350921631,300000,9999835472.997665,0.0,24449390791.643776,0,0
1183,592000,-1144.3499378332392,500,False,-6893.536557006836,24.22389649939537,0.46667174250632526,6.438882350921631,300000,9999835472.997665,0.0,14882237873.174479,0,0
1184,599985,-1020.6406288720902,500,False,-6328.478146118164,20.907408927321434,0.5924220982417464,4.488768577575684,300000,9999835139.587831,0.0,0.0,0,0
1185,599986,-1043.0529216408709,500,False,-6328.478146118164,20.907408927321434,0.5924220982417464,4.488768577575684,300000,9999835120.535841,0.0,0.0,0,0
1186,599987,-1240.4965064304827,500,False,-6328.478146118164,20.907408927321434,0.5924220982417464,4.488768577575684,300000,9999835139.587831,0.0,94608512193.7521,0,0
1187,599988,-833.1868177944566,500,False,-6328.478146118164,20.907408927321434,0.5924220982417464,4.488768577575684,300000,9999834872.859964,0.0,21260339818.82068,0,0
1188,599989,-783.5180320556278,500,False,-6328.478146118164,20.907408927321434,0.5924220982417464,4.488768577575684,300000,9999834806.177998,0.0,103112648121.28043,0,0
1189,599990,-1062.1376624960417,500,False,-6328.478146118164,20.907408927321434,0.5924220982417464,4.488768577575684,300000,9999834891.911955,0.0,0.0,0,0
1190,599991,-1027.9367880484397,500,False,-6328.478146118164,20.907408927321434,0.5924220982417464,4.488768577575684,300000,9999835111.009846,0.0,0.0,0,0
1191,599992,-1071.38435717919,500,False,-6328.478146118164,20.907408927321434,0.5924220982417464,4.488768577575684,300000,9999834920.48994,0.0,0.0,0,0
1192,599993,-1055.1934910209343,500,False,-6328.478146118164,20.907408927321434,0.5924220982417464,4.488768577575684,300000,9999834825.229988,0.0,0.0,0,0
1193,599994,-1049.6521494863582,500,False,-6328.478146118164,20.907408927321434,0.5924220982417464,4.488768577575684,300000,9999835015.749893,0.0,0.0,0,0
1194,599995,-1017.8117058860162,500,False,-6328.478146118164,20.907408927321434,0.5924220982417464,4.488768577575684,300000,9999835139.587831,0.0,0.0,0,0
1195,599996,-1029.3578948083805,500,False,-6328.478146118164,20.907408927321434,0.5924220982417464,4.488768577575684,300000,9999835101.48385,0.0,0.0,0,0
1196,599997,-840.7108016149657,500,False,-6328.478146118164,20.907408927321434,0.5924220982417464,4.488768577575684,300000,9999834930.015936,0.0,25512407782.58481,0,0
1197,599998,-1023.741488485402,500,False,-6328.478146118164,20.907408927321434,0.5924220982417464,4.488768577575684,300000,9999834949.067926,0.0,0.0,0,0
1198,599999,-1027.4884558990989,500,False,-6328.478146118164,20.907408927321434,0.5924220982417464,4.488768577575684,300000,9999834787.126007,0.0,0.0,0,0
1199,600000,-1027.488455899099,500,False,-6328.478146118164,20.907408927321434,0.5924220982417464,4.488768577575684,300000,9999834825.229988,0.0,0.0,0,0
1200,607985,-721.5368327061822,500,False,-5852.647567138672,18.002586257070302,0.4627505125775933,5.364005088806152,300000,9999835463.47167,0.0,246619941898.32083,0,0
1201,607986,-717.6222051018555,500,False,-5852.647567138672,18.002586257070302,0.4627505125775933,5.364005088806152,300000,9999835472.997665,0.0,249808992871.14395,0,0
1202,607987,-725.6733222399565,500,False,-5852.647567138672,18.002586257070302,0.4627505125775933,5.364005088806152,300000,9999835472.997665,0.0,249808992871.14395,0,0
1203,607988,-724.4222051018556,500,False,-5852.647567138672,18.002586257070302,0.4627505125775933,5.364005088806152,300000,9999835472.997665,0.0,231737704025.14627,0,0
1204,607989,-730.7741928030971,500,False,-5852.647567138672,18.002586257070302,0.4627505125775933,5.364005088806152,300000,9999835472.997665,0.0,234926754997.9694,0,0
1205,607990,-713.6222051018557,500,False,-5852.647567138672,18.002586257070302,0.4627505125775933,5.364005088806152,300000,9999835472.997665,0.0,260439162780.55435,0,0
1206,607991,-743.6323600479952,500,False,-5852.647567138672,18.002586257070302,0.4627505125775933,5.364005088806152,300000,9999835463.47167,0.0,222170551106.6769,0,0
1207,607992,-727.2444102037116,500,False,-5852.647567138672,18.002586257070302,0.4627505125775933,5.364005088806152,300000,9999835472.997665,0.0,230674687034.20523,0,0
1208,607993,-733.6477636709062,500,False,-5852.647567138672,18.002586257070302,0.4627505125775933,5.364005088806152,300000,9999835472.997665,0.0,217918483142.91275,0,0
1209,607994,-726.8477636709061,500,False,-5852.647567138672,18.002586257070302,0.4627505125775933,5.364005088806152,300000,9999835472.997665,0.0,235989771988.91043,0,0
1210,607995,-721.9401861733767,500,False,-5852.647567138672,18.002586257070302,0.4627505125775933,5.364005088806152,300000,9999835463.47167,0.0,249808992871.14395,0,0
1211,607996,-732.2020174472563,500,False,-5852.647567138672,18.002586257070302,0.4627505125775933,5.364005088806152,300000,9999835472.997665,0.0,227485636061.3821,0,0
1212,607997,-747.7110255092797,500,False,-5852.647567138672,18.002586257070302,0.4627505125775933,5.364005088806152,300000,9999835472.997665,0.0,195595126333.1509,0,0
1213,607998,-728.469968772762,500,False,-5852.647567138672,18.002586257070302,0.4627505125775933,5.364005088806152,300000,9999835472.997665,0.0,238115805970.7925,0,0
1214,607999,-729.6477636709062,500,False,-5852.647567138672,18.002586257070302,0.4627505125775933,5.364005088806152,300000,9999835472.997665,0.0,228548653052.32315,0,0
1215,608000,-715.2222051018556,500,False,-5852.647567138672,18.002586257070302,0.4627505125775933,5.364005088806152,300000,9999835472.997665,0.0,256187094816.7902,0,0
1216,615985,-1191.1883720258609,500,False,-5390.56060949707,16.443244897186755,0.5449705630168319,3.8469839096069336,300000,9999834749.022026,0.0,0.0,0,0
1217,615986,-1191.7203411136595,500,False,-5390.56060949707,16.443244897186755,0.5449705630168319,3.8469839096069336,300000,9999834777.600012,0.0,0.0,0,0
1218,615987,-1200.4966412124897,500,False,-5390.56060949707,16.443244897186755,0.5449705630168319,3.8469839096069336,300000,9999834939.541931,0.0,0.0,0,0
1219,615988,-1174.648645429262,500,False,-5390.56060949707,16.443244897186755,0.5449705630168319,3.8469839096069336,300000,9999834977.645912,0.0,0.0,0,0
1220,615989,-1185.1928450465805,500,False,-5390.56060949707,16.443244897186755,0.5449705630168319,3.8469839096069336,300000,9999834958.593922,0.0,0.0,0,0
1221,615990,-1222.0845292066524,500,False,-5390.56060949707,16.443244897186755,0.5449705630168319,3.8469839096069336,300000,9999834815.703993,0.0,0.0,0,0
1222,615991,-1172.0044429953318,500,False,-5390.56060949707,16.443244897186755,0.5449705630168319,3.8469839096069336,300000,9999834910.963945,0.0,0.0,0,0
1223,615992,-1182.8868152059633,500,False,-5390.56060949707,16.443244897186755,0.5449705630168319,3.8469839096069336,300000,9999835034.801884,0.0,0.0,0,0
1224,615993,-1204.5709577424377,500,False,-5390.56060949707,16.443244897186755,0.5449705630168319,3.8469839096069336,300000,9999834882.38596,0.0,0.0,0,0
1225,615994,-779.6563186666503,500,False,-5390.56060949707,16.443244897186755,0.5449705630168319,3.8469839096069336,300000,9999833624.954586,0.0,113742818030.69083,0,0
1226,615995,-1191.6412620025958,500,False,-5390.56060949707,16.443244897186755,0.5449705630168319,3.8469839096069336,300000,9999834939.541931,0.0,0.0,0,0
1227,615996,-1172.4282303011103,500,False,-5390.56060949707,16.443244897186755,0.5449705630168319,3.8469839096069336,300000,9999834901.43795,0.0,0.0,0,0
1228,615997,-1194.7297531763738,500,False,-5390.56060949707,16.443244897186755,0.5449705630168319,3.8469839096069336,300000,9999835006.223898,0.0,0.0,0,0
1229,615998,-1192.639022656584,500,False,-5390.56060949707,16.443244897186755,0.5449705630168319,3.8469839096069336,300000,9999834958.593922,0.0,0.0,0,0
1230,615999,-1195.8541108882685,500,False,-5390.56060949707,16.443244897186755,0.5449705630168319,3.8469839096069336,300000,9999835044.327879,0.0,0.0,0,0
1231,616000,-1213.0415627517837,500,False,-5390.56060949707,16.443244897186755,0.5449705630168319,3.8469839096069336,300000,9999834949.067926,0.0,0.0,0,0
1232,623985,-1112.2352225957172,500,False,-4927.250103149414,15.29701013481617,0.6055333246588707,2.4930920600891113,300000,9999834691.866055,0.0,0.0,0,0
1233,623986,-1078.0505120969933,500,False,-4927.250103149414,15.29701013481617,0.6055333246588707,2.4930920600891113,300000,9999834787.126007,0.0,0.0,0,0
1234,623987,-1105.99202320712,500,False,-4927.250103149414,15.29701013481617,0.6055333246588707,2.4930920600891113,300000,9999834939.541931,0.0,0.0,0,0
1235,623988,-1110.6783147081348,500,False,-4927.250103149414,15.29701013481617,0.6055333246588707,2.4930920600891113,300000,9999834863.33397,0.0,0.0,0,0
1236,623989,-1131.9604624220765,500,False,-4927.250103149414,15.29701013481617,0.6055333246588707,2.4930920600891113,300000,9999834825.229988,0.0,0.0,0,0
1237,623990,-1098.2163129799858,500,False,-4927.250103149414,15.29701013481617,0.6055333246588707,2.4930920600891113,300000,9999834853.807974,0.0,0.0,0,0
1238,623991,-1129.7435144070696,500,False,-4927.250103149414,15.29701013481617,0.6055333246588707,2.4930920600891113,300000,9999834863.33397,0.0,0.0,0,0
1239,623992,-1109.0276866434242,500,False,-4927.250103149414,15.29701013481617,0.6055333246588707,2.4930920600891113,300000,9999834815.703993,0.0,0.0,0,0
1240,623993,-1151.3300029678815,500,False,-4927.250103149414,15.29701013481617,0.6055333246588707,2.4930920600891113,300000,9999834853.807974,0.0,0.0,0,0
1241,623994,-1114.4993089948766,500,False,-4927.250103149414,15.29701013481617,0.6055333246588707,2.4930920600891113,300000,9999834710.918045,0.0,0.0,0,0
1242,623995,-1106.1244471274024,500,False,-4927.250103149414,15.29701013481617,0.6055333246588707,2.4930920600891113,300000,9999834749.022026,0.0,0.0,0,0
1243,623996,-1125.8659356128057,500,False,-4927.250103149414,15.29701013481617,0.6055333246588707,2.4930920600891113,300000,9999834596.606102,0.0,0.0,0,0
1244,623997,-1124.7519545068433,500,False,-4927.250103149414,15.29701013481617,0.6055333246588707,2.4930920600891113,300000,9999834910.963945,0.0,0.0,0,0
1245,623998,-1094.0519878522225,500,False,-4927.250103149414,15.29701013481617,0.6055333246588707,2.4930920600891113,300000,9999834720.44404,0.0,0.0,0,0
1246,623999,-1130.6515561201463,500,False,-4927.250103149414,15.29701013481617,0.6055333246588707,2.4930920600891113,300000,9999834901.43795,0.0,0.0,0,0
1247,624000,-1078.2186335142358,500,False,-4927.250103149414,15.29701013481617,0.6055333246588707,2.4930920600891113,300000,9999834815.703993,0.0,0.0,0,0
1248,631985,-1015.1079654972582,500,False,-4461.625979614258,13.418011414930225,0.6268221275955439,1.6770302057266235,300000,9999834625.184088,0.0,0.0,0,0
1249,631986,-1000.0,500,False,-4461.625979614258,13.418011414930225,0.6268221275955439,1.6770302057266235,300000,9999834939.541931,0.0,0.0,0,0
1250,631987,-1002.4222051018555,500,False,-4461.625979614258,13.418011414930225,0.6268221275955439,1.6770302057266235,300000,9999835034.801884,0.0,0.0,0,0
1251,631988,-1022.7756685583263,500,False,-4461.625979614258,13.418011414930225,0.6268221275955439,1.6770302057266235,300000,9999834825.229988,0.0,0.0,0,0
1252,631989,-1015.0727914977584,500,False,-4461.625979614258,13.418011414930225,0.6268221275955439,1.6770302057266235,300000,9999834910.963945,0.0,0.0,0,0
1253,631990,-1023.2680910607967,500,False,-4461.625979614258,13.418011414930225,0.6268221275955439,1.6770302057266235,300000,9999835025.275888,0.0,0.0,0,0
1254,631991,-1035.1309892695654,500,False,-4461.625979614258,13.418011414930225,0.6268221275955439,1.6770302057266235,300000,9999834739.49603,0.0,0.0,0,0
1255,631992,-1016.5542419478038,500,False,-4461.625979614258,13.418011414930225,0.6268221275955439,1.6770302057266235,300000,9999834844.281979,0.0,0.0,0,0
1256,631993,-1003.2666153055678,500,False,-4461.625979614258,13.418011414930225,0.6268221275955439,1.6770302057266235,300000,9999834739.49603,0.0,0.0,0,0
1257,631994,-1036.1496821248504,500,False,-4461.625979614258,13.418011414930225,0.6268221275955439,1.6770302057266235,300000,9999834853.807974,0.0,0.0,0,0
1258,631995,-1017.8841199704619,500,False,-4461.625979614258,13.418011414930225,0.6268221275955439,1.6770302057266235,300000,9999834787.126007,0.0,0.0,0,0
1259,631996,-1015.4619148686062,500,False,-4461.625979614258,13.418011414930225,0.6268221275955439,1.6770302057266235,300000,9999834844.281979,0.0,0.0,0,0
1260,631997,-1023.1823864425451,500,False,-4461.625979614258,13.418011414930225,0.6268221275955439,1.6770302057266235,300000,9999834539.45013,0.0,0.0,0,0
1261,631998,-1032.6659497631194,500,False,-4461.625979614258,13.418011414930225,0.6268221275955439,1.6770302057266235,300000,9999834520.39814,0.0,0.0,0,0
1262,631999,-1012.390599126077,500,False,-4461.625979614258,13.418011414930225,0.6268221275955439,1.6770302057266235,300000,9999834739.49603,0.0,0.0,0,0
1263,632000,-1020.1482063696216,500,False,-4461.625979614258,13.418011414930225,0.6268221275955439,1.6770302057266235,300000,9999834329.878235,0.0,0.0,0,0
1264,639985,-1001.4935208443852,500,False,-4019.36400390625,11.980121191009879,0.5803026589602231,1.2213255167007446,300000,9999834710.918045,0.0,0.0,0,0
1265,639986,-1001.4935208443856,500,False,-4019.36400390625,11.980121191009879,0.5803026589602231,1.2213255167007446,300000,9999834558.502121,0.0,0.0,0,0
1266,639987,-1005.0552974192788,500,False,-4019.36400390625,11.980121191009879,0.5803026589602231,1.2213255167007446,300000,9999834548.976126,0.0,0.0,0,0
1267,639988,-1002.9146276043263,500,False,-4019.36400390625,11.980121191009879,0.5803026589602231,1.2213255167007446,300000,9999834815.703993,0.0,0.0,0,0
1268,639989,-1001.4935208443856,500,False,-4019.36400390625,11.980121191009879,0.5803026589602231,1.2213255167007446,300000,9999834482.294159,0.0,0.0,0,0
1269,639990,-1004.8444102037118,500,False,-4019.36400390625,11.980121191009879,0.5803026589602231,1.2213255167007446,300000,9999834501.34615,0.0,0.0,0,0
1270,639991,-997.7886821137107,500,False,-4019.36400390625,11.980121191009879,0.5803026589602231,1.2213255167007446,300000,9999834472.768164,0.0,0.0,0,0
1271,639992,-998.422205101856,500,False,-4019.36400390625,11.980121191009879,0.5803026589602231,1.2213255167007446,300000,9999834587.080107,0.0,0.0,0,0
1272,639993,-999.071315742529,500,False,-4019.36400390625,11.980121191009879,0.5803026589602231,1.2213255167007446,300000,9999834977.645912,0.0,0.0,0,0
1273,639994,-1006.3379310480971,500,False,-4019.36400390625,11.980121191009879,0.5803026589602231,1.2213255167007446,300000,9999834691.866055,0.0,0.0,0,0
1274,639995,-1005.3368327061826,500,False,-4019.36400390625,11.980121191009879,0.5803026589602231,1.2213255167007446,300000,9999834910.963945,0.0,0.0,0,0
1275,639996,-1005.0552974192792,500,False,-4019.36400390625,11.980121191009879,0.5803026589602231,1.2213255167007446,300000,9999834587.080107,0.0,0.0,0,0
1276,639997,-1005.2511280879304,500,False,-4019.36400390625,11.980121191009879,0.5803026589602231,1.2213255167007446,300000,9999834406.086197,0.0,0.0,0,0
1277,639998,-1013.532132269221,500,False,-4019.36400390625,11.980121191009879,0.5803026589602231,1.2213255167007446,300000,9999834510.872145,0.0,0.0,0,0
1278,639999,-999.0713157425294,500,False,-4019.36400390625,11.980121191009879,0.5803026589602231,1.2213255167007446,300000,9999834653.762074,0.0,0.0,0,0
1279,640000,-1007.7590378080388,500,False,-4019.36400390625,11.980121191009879,0.5803026589602231,1.2213255167007446,300000,9999834777.600012,0.0,0.0,0,0
1280,647985,-999.0713157425295,500,False,-3612.7726560668943,10.663384462997318,0.5936982077434659,0.7868642210960388,300000,9999834787.126007,0.0,0.0,0,0
1281,647986,-1004.844410203712,500,False,-3612.7726560668943,10.663384462997318,0.5936982077434659,0.7868642210960388,300000,9999834844.281979,0.0,0.0,0,0
1282,647987,-996.6491106406734,500,False,-3612.7726560668943,10.663384462997318,0.5936982077434659,0.7868642210960388,300000,9999834806.177998,0.0,0.0,0,0
1283,647988,-1006.8182831562272,500,False,-3612.7726560668943,10.663384462997318,0.5936982077434659,0.7868642210960388,300000,9999834844.281979,0.0,0.0,0,0
1284,647989,-999.0713157425291,500,False,-3612.7726560668943,10.663384462997318,0.5936982077434659,0.7868642210960388,300000,9999834958.593922,0.0,0.0,0,0
1285,647990,-996.0000000000003,500,False,-3612.7726560668943,10.663384462997318,0.5936982077434659,0.7868642210960388,300000,9999834834.755983,0.0,0.0,0,0
1286,647991,-1004.3960780543713,500,False,-3612.7726560668943,10.663384462997318,0.5936982077434659,0.7868642210960388,300000,9999835015.749893,0.0,0.0,0,0
1287,647992,-1000.4924225024703,500,False,-3612.7726560668943,10.663384462997318,0.5936982077434659,0.7868642210960388,300000,9999834987.171907,0.0,0.0,0,0
1288,647993,-998.422205101856,500,False,-3612.7726560668943,10.663384462997318,0.5936982077434659,0.7868642210960388,300000,9999834891.911955,0.0,0.0,0,0
1289,647994,-1004.3960780543711,500,False,-3612.7726560668943,10.663384462997318,0.5936982077434659,0.7868642210960388,300000,9999835015.749893,0.0,0.0,0,0
1290,647995,-1002.9146276043269,500,False,-3612.7726560668943,10.663384462997318,0.5936982077434659,0.7868642210960388,300000,9999834949.067926,0.0,0.0,0,0
1291,647996,-996.6491106406736,500,False,-3612.7726560668943,10.663384462997318,0.5936982077434659,0.7868642210960388,300000,9999834825.229988,0.0,0.0,0,0
1292,647997,-1001.4935208443856,500,False,-3612.7726560668943,10.663384462997318,0.5936982077434659,0.7868642210960388,300000,9999834939.541931,0.0,0.0,0,0
1293,647998,-1002.9146276043265,500,False,-3612.7726560668943,10.663384462997318,0.5936982077434659,0.7868642210960388,300000,9999834777.600012,0.0,0.0,0,0
1294,647999,-1001.7730944611823,500,False,-3612.7726560668943,10.663384462997318,0.5936982077434659,0.7868642210960388,300000,9999834910.963945,0.0,0.0,0,0
1295,648000,-1003.9999999999999,500,False,-3612.7726560668943,10.663384462997318,0.5936982077434659,0.7868642210960388,300000,9999834930.015936,0.0,0.0,0,0
1296,655985,-996.0000000000001,500,False,-3242.0362974853515,9.678544770292937,0.5932988589033484,0.5544394850730896,300000,9999835006.223898,0.0,0.0,0,0
1297,655986,-999.9999999999999,500,False,-3242.0362974853515,9.678544770292937,0.5932988589033484,0.5544394850730896,300000,9999835149.113827,0.0,0.0,0,0
1298,655987,-998.4222051018558,500,False,-3242.0362974853515,9.678544770292937,0.5932988589033484,0.5544394850730896,300000,9999835234.847784,0.0,0.0,0,0
1299,655988,-996.0000000000001,500,False,-3242.0362974853515,9.678544770292937,0.5932988589033484,0.5544394850730896,300000,9999835158.639822,0.0,0.0,0,0
1300,655989,-998.4222051018562,500,False,-3242.0362974853515,9.678544770292937,0.5932988589033484,0.5544394850730896,300000,9999834968.119917,0.0,0.0,0,0
1301,655990,-1000.0000000000001,500,False,-3242.0362974853515,9.678544770292937,0.5932988589033484,0.5544394850730896,300000,9999834977.645912,0.0,0.0,0,0
1302,655991,-1000.0,500,False,-3242.0362974853515,9.678544770292937,0.5932988589033484,0.5544394850730896,300000,9999835149.113827,0.0,0.0,0,0
1303,655992,-998.4222051018561,500,False,-3242.0362974853515,9.678544770292937,0.5932988589033484,0.5544394850730896,300000,9999835044.327879,0.0,0.0,0,0
1304,655993,-996.6491106406733,500,False,-3242.0362974853515,9.678544770292937,0.5932988589033484,0.5544394850730896,300000,9999835149.113827,0.0,0.0,0,0
1305,655994,-999.0713157425299,500,False,-3242.0362974853515,9.678544770292937,0.5932988589033484,0.5544394850730896,300000,9999835053.853874,0.0,0.0,0,0
1306,655995,-996.0,500,False,-3242.0362974853515,9.678544770292937,0.5932988589033484,0.5544394850730896,300000,9999835025.275888,0.0,0.0,0,0
1307,655996,-1002.9146276043267,500,False,-3242.0362974853515,9.678544770292937,0.5932988589033484,0.5544394850730896,300000,9999835082.43186,0.0,0.0,0,0
1308,655997,-1002.4222051018561,500,False,-3242.0362974853515,9.678544770292937,0.5932988589033484,0.5544394850730896,300000,9999835015.749893,0.0,0.0,0,0
1309,655998,-1000.4924225024708,500,False,-3242.0362974853515,9.678544770292937,0.5932988589033484,0.5544394850730896,300000,9999835082.43186,0.0,0.0,0,0
1310,655999,-996.6491106406736,500,False,-3242.0362974853515,9.678544770292937,0.5932988589033484,0.5544394850730896,300000,9999834939.541931,0.0,0.0,0,0
1311,656000,-996.6491106406735,500,False,-3242.0362974853515,9.678544770292937,0.5932988589033484,0.5544394850730896,300000,9999835225.321789,0.0,0.0,0,0
1312,663985,-1002.9146276043267,500,False,-2908.075581665039,9.088068464577198,0.5476140835359693,0.4192575216293335,300000,9999835025.275888,0.0,0.0,0,0
1313,663986,-996.0000000000001,500,False,-2908.075581665039,9.088068464577198,0.5476140835359693,0.4192575216293335,300000,9999834872.859964,0.0,0.0,0,0
1314,663987,-999.0713157425296,500,False,-2908.075581665039,9.088068464577198,0.5476140835359693,0.4192575216293335,300000,9999834863.33397,0.0,0.0,0,0
1315,663988,-1002.4222051018562,500,False,-2908.075581665039,9.088068464577198,0.5476140835359693,0.4192575216293335,300000,9999834882.38596,0.0,0.0,0,0
1316,663989,-996.6491106406736,500,False,-2908.075581665039,9.088068464577198,0.5476140835359693,0.4192575216293335,300000,9999835015.749893,0.0,0.0,0,0
1317,663990,-1000.0000000000002,500,False,-2908.075581665039,9.088068464577198,0.5476140835359693,0.4192575216293335,300000,9999835091.957855,0.0,0.0,0,0
1318,663991,-1000.4924225024707,500,False,-2908.075581665039,9.088068464577198,0.5476140835359693,0.4192575216293335,300000,9999834910.963945,0.0,0.0,0,0
1319,663992,-996.0000000000003,500,False,-2908.075581665039,9.088068464577198,0.5476140835359693,0.4192575216293335,300000,9999834834.755983,0.0,0.0,0,0
1320,663993,-996.6491106406736,500,False,-2908.075581665039,9.088068464577198,0.5476140835359693,0.4192575216293335,300000,9999834768.074017,0.0,0.0,0,0
1321,663994,-996.6491106406735,500,False,-2908.075581665039,9.088068464577198,0.5476140835359693,0.4192575216293335,300000,9999834768.074017,0.0,0.0,0,0
1322,663995,-1000.4924225024707,500,False,-2908.075581665039,9.088068464577198,0.5476140835359693,0.4192575216293335,300000,9999835082.43186,0.0,0.0,0,0
1323,663996,-996.6491106406736,500,False,-2908.075581665039,9.088068464577198,0.5476140835359693,0.4192575216293335,300000,9999835034.801884,0.0,0.0,0,0
1324,663997,-1002.9146276043268,500,False,-2908.075581665039,9.088068464577198,0.5476140835359693,0.4192575216293335,300000,9999834987.171907,0.0,0.0,0,0
1325,663998,-996.0000000000002,500,False,-2908.075581665039,9.088068464577198,0.5476140835359693,0.4192575216293335,300000,9999834625.184088,0.0,0.0,0,0
1326,663999,-996.6491106406734,500,False,-2908.075581665039,9.088068464577198,0.5476140835359693,0.4192575216293335,300000,9999834920.48994,0.0,0.0,0,0
1327,664000,-1000.0000000000001,500,False,-2908.075581665039,9.088068464577198,0.5476140835359693,0.4192575216293335,300000,9999834939.541931,0.0,0.0,0,0
1328,671985,-996.6491106406737,500,False,-2604.730964416504,8.106432908266783,0.5068690558597445,0.39602524042129517,300000,9999834253.670273,0.0,0.0,0,0
1329,671986,-999.0713157425296,500,False,-2604.730964416504,8.106432908266783,0.5068690558597445,0.39602524042129517,300000,9999834139.35833,0.0,0.0,0,0
1330,671987,-999.0713157425297,500,False,-2604.730964416504,8.106432908266783,0.5068690558597445,0.39602524042129517,300000,9999834177.46231,0.0,0.0,0,0
1331,671988,-996.6491106406737,500,False,-2604.730964416504,8.106432908266783,0.5068690558597445,0.39602524042129517,300000,9999834120.30634,0.0,0.0,0,0
1332,671989,-1000.4924225024707,500,False,-2604.730964416504,8.106432908266783,0.5068690558597445,0.39602524042129517,300000,9999834263.196268,0.0,0.0,0,0
1333,671990,-996.6491106406737,500,False,-2604.730964416504,8.106432908266783,0.5068690558597445,0.39602524042129517,300000,9999834063.150368,0.0,0.0,0,0
1334,671991,-1000.4924225024707,500,False,-2604.730964416504,8.106432908266783,0.5068690558597445,0.39602524042129517,300000,9999834377.508211,0.0,0.0,0,0
1335,671992,-999.0713157425297,500,False,-2604.730964416504,8.106432908266783,0.5068690558597445,0.39602524042129517,300000,9999834139.35833,0.0,0.0,0,0
1336,671993,-996.6491106406736,500,False,-2604.730964416504,8.106432908266783,0.5068690558597445,0.39602524042129517,300000,9999834044.098377,0.0,0.0,0,0
1337,671994,-996.0000000000001,500,False,-2604.730964416504,8.106432908266783,0.5068690558597445,0.39602524042129517,300000,9999834320.35224,0.0,0.0,0,0
1338,671995,-992.9442719099992,500,False,-2604.730964416504,8.106432908266783,0.5068690558597445,0.39602524042129517,300000,9999834167.936316,0.0,0.0,0,0
1339,671996,-996.0000000000001,500,False,-2604.730964416504,8.106432908266783,0.5068690558597445,0.39602524042129517,300000,9999834129.832335,0.0,0.0,0,0
1340,671997,-1000.4924225024707,500,False,-2604.730964416504,8.106432908266783,0.5068690558597445,0.39602524042129517,300000,9999834339.40423,0.0,0.0,0,0
1341,671998,-996.6491106406736,500,False,-2604.730964416504,8.106432908266783,0.5068690558597445,0.39602524042129517,300000,9999834215.566292,0.0,0.0,0,0
1342,671999,-996.6491106406735,500,False,-2604.730964416504,8.106432908266783,0.5068690558597445,0.39602524042129517,300000,9999834082.202358,0.0,0.0,0,0
1343,672000,-999.0713157425298,500,False,-2604.730964416504,8.106432908266783,0.5068690558597445,0.39602524042129517,300000,9999834387.034206,0.0,0.0,0,0
1344,679985,-1000.4924225024707,500,False,-2334.832197631836,7.90523406368494,0.4589101579263806,0.49510693550109863,300000,9999833901.208448,0.0,0.0,0,0
1345,679986,-1000.0,500,False,-2334.832197631836,7.90523406368494,0.4589101579263806,0.49510693550109863,300000,9999833872.630463,0.0,0.0,0,0
1346,679987,-998.422205101856,500,False,-2334.832197631836,7.90523406368494,0.4589101579263806,0.49510693550109863,300000,9999833825.000486,0.0,0.0,0,0
1347,679988,-999.0713157425295,500,False,-2334.832197631836,7.90523406368494,0.4589101579263806,0.49510693550109863,300000,9999834044.098377,0.0,0.0,0,0
1348,679989,-996.0,500,False,-2334.832197631836,7.90523406368494,0.4589101579263806,0.49510693550109863,300000,9999834186.988306,0.0,0.0,0,0
1349,679990,-996.6491106406736,500,False,-2334.832197631836,7.90523406368494,0.4589101579263806,0.49510693550109863,300000,9999834139.35833,0.0,0.0,0,0
1350,679991,-996.6491106406735,500,False,-2334.832197631836,7.90523406368494,0.4589101579263806,0.49510693550109863,300000,9999833834.526482,0.0,0.0,0,0
1351,679992,-996.6491106406735,500,False,-2334.832197631836,7.90523406368494,0.4589101579263806,0.49510693550109863,300000,9999833682.110558,0.0,0.0,0,0
1352,679993,-996.6491106406736,500,False,-2334.832197631836,7.90523406368494,0.4589101579263806,0.49510693550109863,300000,9999834120.30634,0.0,0.0,0,0
1353,679994,-996.6491106406737,500,False,-2334.832197631836,7.90523406368494,0.4589101579263806,0.49510693550109863,300000,9999834044.098377,0.0,0.0,0,0
1354,679995,-996.6491106406736,500,False,-2334.832197631836,7.90523406368494,0.4589101579263806,0.49510693550109863,300000,9999833853.578472,0.0,0.0,0,0
1355,679996,-995.9999999999999,500,False,-2334.832197631836,7.90523406368494,0.4589101579263806,0.49510693550109863,300000,9999833767.844515,0.0,0.0,0,0
1356,679997,-1000.0,500,False,-2334.832197631836,7.90523406368494,0.4589101579263806,0.49510693550109863,300000,9999833834.526482,0.0,0.0,0,0
1357,679998,-996.6491106406735,500,False,-2334.832197631836,7.90523406368494,0.4589101579263806,0.49510693550109863,300000,9999833948.838425,0.0,0.0,0,0
1358,679999,-996.6491106406737,500,False,-2334.832197631836,7.90523406368494,0.4589101579263806,0.49510693550109863,300000,9999833720.214539,0.0,0.0,0,0
1359,680000,-996.6491106406734,500,False,-2334.832197631836,7.90523406368494,0.4589101579263806,0.49510693550109863,300000,9999833701.162548,0.0,0.0,0,0
1360,687985,-1000.4924225024706,500,False,-2089.4531116027833,6.92446044523269,0.5110811305269599,0.44715139269828796,300000,9999834358.45622,0.0,0.0,0,0
1361,687986,-992.9442719099993,500,False,-2089.4531116027833,6.92446044523269,0.5110811305269599,0.44715139269828796,300000,9999834225.092287,0.0,0.0,0,0
1362,687987,-996.0000000000001,500,False,-2089.4531116027833,6.92446044523269,0.5110811305269599,0.44715139269828796,300000,9999834320.35224,0.0,0.0,0,0
1363,687988,-996.0,500,False,-2089.4531116027833,6.92446044523269,0.5110811305269599,0.44715139269828796,300000,9999834339.40423,0.0,0.0,0,0
1364,687989,-996.6491106406737,500,False,-2089.4531116027833,6.92446044523269,0.5110811305269599,0.44715139269828796,300000,9999834482.294159,0.0,0.0,0,0
1365,687990,-996.6491106406736,500,False,-2089.4531116027833,6.92446044523269,0.5110811305269599,0.44715139269828796,300000,9999834291.774254,0.0,0.0,0,0
1366,687991,-996.6491106406736,500,False,-2089.4531116027833,6.92446044523269,0.5110811305269599,0.44715139269828796,300000,9999834215.566292,0.0,0.0,0,0
1367,687992,-996.0000000000001,500,False,-2089.4531116027833,6.92446044523269,0.5110811305269599,0.44715139269828796,300000,9999834282.248259,0.0,0.0,0,0
1368,687993,-996.6491106406737,500,False,-2089.4531116027833,6.92446044523269,0.5110811305269599,0.44715139269828796,300000,9999834253.670273,0.0,0.0,0,0
1369,687994,-996.0000000000003,500,False,-2089.4531116027833,6.92446044523269,0.5110811305269599,0.44715139269828796,300000,9999834682.34006,0.0,0.0,0,0
1370,687995,-999.0713157425297,500,False,-2089.4531116027833,6.92446044523269,0.5110811305269599,0.44715139269828796,300000,9999834367.982216,0.0,0.0,0,0
1371,687996,-996.6491106406737,500,False,-2089.4531116027833,6.92446044523269,0.5110811305269599,0.44715139269828796,300000,9999834425.138187,0.0,0.0,0,0
1372,687997,-998.422205101856,500,False,-2089.4531116027833,6.92446044523269,0.5110811305269599,0.44715139269828796,300000,9999834529.924135,0.0,0.0,0,0
1373,687998,-995.3664770118554,500,False,-2089.4531116027833,6.92446044523269,0.5110811305269599,0.44715139269828796,300000,9999834625.184088,0.0,0.0,0,0
1374,687999,-996.6491106406735,500,False,-2089.4531116027833,6.92446044523269,0.5110811305269599,0.44715139269828796,300000,9999834177.46231,0.0,0.0,0,0
1375,688000,-996.0000000000005,500,False,-2089.4531116027833,6.92446044523269,0.5110811305269599,0.44715139269828796,300000,9999834148.884325,0.0,0.0,0,0
1376,695985,-996.6491106406735,500,False,-1857.6625659790038,6.285608567360788,0.499996243134141,0.4361899793148041,300000,9999833948.838425,0.0,0.0,0,0
1377,695986,-996.6491106406735,500,False,-1857.6625659790038,6.285608567360788,0.499996243134141,0.4361899793148041,300000,9999833853.578472,0.0,0.0,0,0
1378,695987,-996.6491106406735,500,False,-1857.6625659790038,6.285608567360788,0.499996243134141,0.4361899793148041,300000,9999833624.954586,0.0,0.0,0,0
1379,695988,-996.6491106406735,500,False,-1857.6625659790038,6.285608567360788,0.499996243134141,0.4361899793148041,300000,9999833701.162548,0.0,0.0,0,0
1380,695989,-1000.4924225024706,500,False,-1857.6625659790038,6.285608567360788,0.499996243134141,0.4361899793148041,300000,9999833825.000486,0.0,0.0,0,0
1381,695990,-996.6491106406737,500,False,-1857.6625659790038,6.285608567360788,0.499996243134141,0.4361899793148041,300000,9999833605.902596,0.0,0.0,0,0
1382,695991,-996.6491106406736,500,False,-1857.6625659790038,6.285608567360788,0.499996243134141,0.4361899793148041,300000,9999833872.630463,0.0,0.0,0,0
1383,695992,-996.6491106406738,500,False,-1857.6625659790038,6.285608567360788,0.499996243134141,0.4361899793148041,300000,9999833644.006577,0.0,0.0,0,0
1384,695993,-995.3664770118553,500,False,-1857.6625659790038,6.285608567360788,0.499996243134141,0.4361899793148041,300000,9999833825.000486,0.0,0.0,0,0
1385,695994,-1000.0000000000001,500,False,-1857.6625659790038,6.285608567360788,0.499996243134141,0.4361899793148041,300000,9999834082.202358,0.0,0.0,0,0
1386,695995,-996.6491106406738,500,False,-1857.6625659790038,6.285608567360788,0.499996243134141,0.4361899793148041,300000,9999833891.682453,0.0,0.0,0,0
1387,695996,-996.6491106406736,500,False,-1857.6625659790038,6.285608567360788,0.499996243134141,0.4361899793148041,300000,9999833548.746624,0.0,0.0,0,0
1388,695997,-996.6491106406736,500,False,-1857.6625659790038,6.285608567360788,0.499996243134141,0.4361899793148041,300000,9999833891.682453,0.0,0.0,0,0
1389,695998,-996.6491106406735,500,False,-1857.6625659790038,6.285608567360788,0.499996243134141,0.4361899793148041,300000,9999833929.786434,0.0,0.0,0,0
1390,695999,-996.6491106406736,500,False,-1857.6625659790038,6.285608567360788,0.499996243134141,0.4361899793148041,300000,9999834005.994396,0.0,0.0,0,0
1391,696000,-1000.4924225024706,500,False,-1857.6625659790038,6.285608567360788,0.499996243134141,0.4361899793148041,300000,9999833920.260439,0.0,0.0,0,0
1392,703985,-996.6491106406736,500,False,-1648.7015911254882,5.816692392561585,0.5542693964242935,0.3145320415496826,300000,9999834367.982216,0.0,0.0,0,0
1393,703986,-1000.0000000000003,500,False,-1648.7015911254882,5.816692392561585,0.5542693964242935,0.3145320415496826,300000,9999834501.34615,0.0,0.0,0,0
1394,703987,-996.6491106406738,500,False,-1648.7015911254882,5.816692392561585,0.5542693964242935,0.3145320415496826,300000,9999834234.618282,0.0,0.0,0,0
1395,703988,-996.6491106406737,500,False,-1648.7015911254882,5.816692392561585,0.5542693964242935,0.3145320415496826,300000,9999834577.554111,0.0,0.0,0,0
1396,703989,-996.0000000000002,500,False,-1648.7015911254882,5.816692392561585,0.5542693964242935,0.3145320415496826,300000,9999834529.924135,0.0,0.0,0,0
1397,703990,-996.0000000000003,500,False,-1648.7015911254882,5.816692392561585,0.5542693964242935,0.3145320415496826,300000,9999834396.560202,0.0,0.0,0,0
1398,703991,-998.4222051018562,500,False,-1648.7015911254882,5.816692392561585,0.5542693964242935,0.3145320415496826,300000,9999834548.976126,0.0,0.0,0,0
1399,703992,-1000.0000000000002,500,False,-1648.7015911254882,5.816692392561585,0.5542693964242935,0.3145320415496826,300000,9999834539.45013,0.0,0.0,0,0
1400,703993,-996.0,500,False,-1648.7015911254882,5.816692392561585,0.5542693964242935,0.3145320415496826,300000,9999834396.560202,0.0,0.0,0,0
1401,703994,-996.0000000000001,500,False,-1648.7015911254882,5.816692392561585,0.5542693964242935,0.3145320415496826,300000,9999834358.45622,0.0,0.0,0,0
1402,703995,-1004.3960780543712,500,False,-1648.7015911254882,5.816692392561585,0.5542693964242935,0.3145320415496826,300000,9999834501.34615,0.0,0.0,0,0
1403,703996,-1000.0,500,False,-1648.7015911254882,5.816692392561585,0.5542693964242935,0.3145320415496826,300000,9999834444.190178,0.0,0.0,0,0
1404,703997,-1000.4924225024707,500,False,-1648.7015911254882,5.816692392561585,0.5542693964242935,0.3145320415496826,300000,9999834739.49603,0.0,0.0,0,0
1405,703998,-1002.4222051018562,500,False,-1648.7015911254882,5.816692392561585,0.5542693964242935,0.3145320415496826,300000,9999834768.074017,0.0,0.0,0,0
1406,703999,-996.6491106406738,500,False,-1648.7015911254882,5.816692392561585,0.5542693964242935,0.3145320415496826,300000,9999834463.242168,0.0,0.0,0,0
1407,704000,-1004.3960780543714,500,False,-1648.7015911254882,5.816692392561585,0.5542693964242935,0.3145320415496826,300000,9999834539.45013,0.0,0.0,0,0
1408,711985,-1000.4924225024707,500,False,-1459.4911552124024,5.2081783277727665,0.5635536082014442,0.2266979068517685,300000,9999834606.132097,0.0,0.0,0,0
1409,711986,-996.6491106406737,500,False,-1459.4911552124024,5.2081783277727665,0.5635536082014442,0.2266979068517685,300000,9999834558.502121,0.0,0.0,0,0
1410,711987,-1000.4924225024708,500,False,-1459.4911552124024,5.2081783277727665,0.5635536082014442,0.2266979068517685,300000,9999834587.080107,0.0,0.0,0,0
1411,711988,-999.0713157425298,500,False,-1459.4911552124024,5.2081783277727665,0.5635536082014442,0.2266979068517685,300000,9999834653.762074,0.0,0.0,0,0
1412,711989,-996.0000000000002,500,False,-1459.4911552124024,5.2081783277727665,0.5635536082014442,0.2266979068517685,300000,9999834682.34006,0.0,0.0,0,0
1413,711990,-1000.0,500,False,-1459.4911552124024,5.2081783277727665,0.5635536082014442,0.2266979068517685,300000,9999834577.554111,0.0,0.0,0,0
1414,711991,-996.6491106406735,500,False,-1459.4911552124024,5.2081783277727665,0.5635536082014442,0.2266979068517685,300000,9999834482.294159,0.0,0.0,0,0
1415,711992,-1000.492422502471,500,False,-1459.4911552124024,5.2081783277727665,0.5635536082014442,0.2266979068517685,300000,9999834415.612192,0.0,0.0,0,0
1416,711993,-1006.8182831562272,500,False,-1459.4911552124024,5.2081783277727665,0.5635536082014442,0.2266979068517685,300000,9999834577.554111,0.0,0.0,0,0
1417,711994,-1000.4924225024707,500,False,-1459.4911552124024,5.2081783277727665,0.5635536082014442,0.2266979068517685,300000,9999834568.028116,0.0,0.0,0,0
1418,711995,-996.6491106406735,500,False,-1459.4911552124024,5.2081783277727665,0.5635536082014442,0.2266979068517685,300000,9999834463.242168,0.0,0.0,0,0
1419,711996,-1000.0000000000001,500,False,-1459.4911552124024,5.2081783277727665,0.5635536082014442,0.2266979068517685,300000,9999834272.722263,0.0,0.0,0,0
1420,711997,-1000.0000000000002,500,False,-1459.4911552124024,5.2081783277727665,0.5635536082014442,0.2266979068517685,300000,9999834406.086197,0.0,0.0,0,0
1421,711998,-1000.0000000000001,500,False,-1459.4911552124024,5.2081783277727665,0.5635536082014442,0.2266979068517685,300000,9999834310.826244,0.0,0.0,0,0
1422,711999,-996.0000000000002,500,False,-1459.4911552124024,5.2081783277727665,0.5635536082014442,0.2266979068517685,300000,9999834606.132097,0.0,0.0,0,0
1423,712000,-1004.3960780543712,500,False,-1459.4911552124024,5.2081783277727665,0.5635536082014442,0.2266979068517685,300000,9999834406.086197,0.0,0.0,0,0
1424,719985,-996.6491106406737,500,False,-1284.914250366211,4.940927557881921,0.5247711745537817,0.19423195719718933,300000,9999834272.722263,0.0,0.0,0,0
1425,719986,-996.6491106406737,500,False,-1284.914250366211,4.940927557881921,0.5247711745537817,0.19423195719718933,300000,9999833948.838425,0.0,0.0,0,0
1426,719987,-996.6491106406739,500,False,-1284.914250366211,4.940927557881921,0.5247711745537817,0.19423195719718933,300000,9999834158.41032,0.0,0.0,0,0
1427,719988,-996.6491106406738,500,False,-1284.914250366211,4.940927557881921,0.5247711745537817,0.19423195719718933,300000,9999833986.942406,0.0,0.0,0,0
1428,719989,-996.6491106406737,500,False,-1284.914250366211,4.940927557881921,0.5247711745537817,0.19423195719718933,300000,9999834177.46231,0.0,0.0,0,0
1429,719990,-996.6491106406739,500,False,-1284.914250366211,4.940927557881921,0.5247711745537817,0.19423195719718933,300000,9999834253.670273,0.0,0.0,0,0
1430,719991,-996.6491106406737,500,False,-1284.914250366211,4.940927557881921,0.5247711745537817,0.19423195719718933,300000,9999834063.150368,0.0,0.0,0,0
1431,719992,-996.6491106406738,500,False,-1284.914250366211,4.940927557881921,0.5247711745537817,0.19423195719718933,300000,9999834120.30634,0.0,0.0,0,0
1432,719993,-996.6491106406737,500,False,-1284.914250366211,4.940927557881921,0.5247711745537817,0.19423195719718933,300000,9999834215.566292,0.0,0.0,0,0
1433,719994,-996.6491106406737,500,False,-1284.914250366211,4.940927557881921,0.5247711745537817,0.19423195719718933,300000,9999834215.566292,0.0,0.0,0,0
1434,719995,-996.6491106406738,500,False,-1284.914250366211,4.940927557881921,0.5247711745537817,0.19423195719718933,300000,9999834253.670273,0.0,0.0,0,0
1435,719996,-996.6491106406736,500,False,-1284.914250366211,4.940927557881921,0.5247711745537817,0.19423195719718933,300000,9999834310.826244,0.0,0.0,0,0
1436,719997,-996.6491106406738,500,False,-1284.914250366211,4.940927557881921,0.5247711745537817,0.19423195719718933,300000,9999834120.30634,0.0,0.0,0,0
1437,719998,-996.6491106406735,500,False,-1284.914250366211,4.940927557881921,0.5247711745537817,0.19423195719718933,300000,9999834120.30634,0.0,0.0,0,0
1438,719999,-996.6491106406737,500,False,-1284.914250366211,4.940927557881921,0.5247711745537817,0.19423195719718933,300000,9999834348.930225,0.0,0.0,0,0
1439,720000,-996.6491106406738,500,False,-1284.914250366211,4.940927557881921,0.5247711745537817,0.19423195719718933,300000,9999834139.35833,0.0,0.0,0,0
1440,727985,-995.9999999999994,500,False,-1150.2254407043456,4.797751889012754,0.466424891795963,0.21541182696819305,300000,9999833482.064657,0.0,0.0,0,0
1441,727986,-991.9999999999995,500,False,-1150.2254407043456,4.797751889012754,0.466424891795963,0.21541182696819305,300000,9999833948.838425,0.0,0.0,0,0
1442,727987,-995.9999999999997,500,False,-1150.2254407043456,4.797751889012754,0.466424891795963,0.21541182696819305,300000,9999833996.468401,0.0,0.0,0,0
1443,727988,-995.9999999999994,500,False,-1150.2254407043456,4.797751889012754,0.466424891795963,0.21541182696819305,300000,9999834206.040297,0.0,0.0,0,0
1444,727989,-996.6491106406729,500,False,-1150.2254407043456,4.797751889012754,0.466424891795963,0.21541182696819305,300000,9999834234.618282,0.0,0.0,0,0
1445,727990,-995.9999999999999,500,False,-1150.2254407043456,4.797751889012754,0.466424891795963,0.21541182696819305,300000,9999833615.42859,0.0,0.0,0,0
1446,727991,-995.3137084989843,500,False,-1150.2254407043456,4.797751889012754,0.466424891795963,0.21541182696819305,300000,9999833548.746624,0.0,0.0,0,0
1447,727992,-995.9999999999994,500,False,-1150.2254407043456,4.797751889012754,0.466424891795963,0.21541182696819305,300000,9999833348.700724,0.0,0.0,0,0
1448,727993,-995.3137084989839,500,False,-1150.2254407043456,4.797751889012754,0.466424891795963,0.21541182696819305,300000,9999833834.526482,0.0,0.0,0,0
1449,727994,-995.3137084989837,500,False,-1150.2254407043456,4.797751889012754,0.466424891795963,0.21541182696819305,300000,9999834044.098377,0.0,0.0,0,0
1450,727995,-995.9999999999992,500,False,-1150.2254407043456,4.797751889012754,0.466424891795963,0.21541182696819305,300000,9999833767.844515,0.0,0.0,0,0
1451,727996,-995.9999999999993,500,False,-1150.2254407043456,4.797751889012754,0.466424891795963,0.21541182696819305,300000,9999834225.092287,0.0,0.0,0,0
1452,727997,-996.6491106406731,500,False,-1150.2254407043456,4.797751889012754,0.466424891795963,0.21541182696819305,300000,9999833872.630463,0.0,0.0,0,0
1453,727998,-995.3137084989837,500,False,-1150.2254407043456,4.797751889012754,0.466424891795963,0.21541182696819305,300000,9999833758.31852,0.0,0.0,0,0
1454,727999,-996.6491106406731,500,False,-1150.2254407043456,4.797751889012754,0.466424891795963,0.21541182696819305,300000,9999833605.902596,0.0,0.0,0,0
1455,728000,-995.3137084989837,500,False,-1150.2254407043456,4.797751889012754,0.466424891795963,0.21541182696819305,300000,9999834196.514301,0.0,0.0,0,0
1456,735985,-998.422205101856,500,False,-1028.1147165679931,4.523676995709539,0.4726300952807069,0.2511194348335266,300000,9999832129.373331,0.0,0.0,0,0
1457,735986,-1002.4222051018559,500,False,-1028.1147165679931,4.523676995709539,0.4726300952807069,0.2511194348335266,300000,9999833663.058567,0.0,0.0,0,0
1458,735987,-998.422205101856,500,False,-1028.1147165679931,4.523676995709539,0.4726300952807069,0.2511194348335266,300000,9999831233.929777,0.0,0.0,0,0
1459,735988,-998.422205101856,500,False,-1028.1147165679931,4.523676995709539,0.4726300952807069,0.2511194348335266,300000,9999832072.21736,0.0,0.0,0,0
1460,735989,-998.422205101856,500,False,-1028.1147165679931,4.523676995709539,0.4726300952807069,0.2511194348335266,300000,9999832034.113379,0.0,0.0,0,0
1461,735990,-1000.4924225024708,500,False,-1028.1147165679931,4.523676995709539,0.4726300952807069,0.2511194348335266,300000,9999835406.315699,0.0,0.0,0,0
1462,735991,-998.422205101856,500,False,-1028.1147165679931,4.523676995709539,0.4726300952807069,0.2511194348335266,300000,9999831062.461863,0.0,0.0,0,0
1463,735992,-1004.3960780543711,500,False,-1028.1147165679931,4.523676995709539,0.4726300952807069,0.2511194348335266,300000,9999835415.841694,0.0,0.0,0,0
1464,735993,-1000.0000000000001,500,False,-1028.1147165679931,4.523676995709539,0.4726300952807069,0.2511194348335266,300000,9999835415.841694,0.0,0.0,0,0
1465,735994,-998.422205101856,500,False,-1028.1147165679931,4.523676995709539,0.4726300952807069,0.2511194348335266,300000,9999834987.171907,0.0,0.0,0,0
1466,735995,-1000.4924225024705,500,False,-1028.1147165679931,4.523676995709539,0.4726300952807069,0.2511194348335266,300000,9999835425.36769,0.0,0.0,0,0
1467,735996,-1004.396078054371,500,False,-1028.1147165679931,4.523676995709539,0.4726300952807069,0.2511194348335266,300000,9999835377.737713,0.0,0.0,0,0
1468,735997,-998.422205101856,500,False,-1028.1147165679931,4.523676995709539,0.4726300952807069,0.2511194348335266,300000,9999830852.889967,0.0,0.0,0,0
1469,735998,-1004.3960780543711,500,False,-1028.1147165679931,4.523676995709539,0.4726300952807069,0.2511194348335266,300000,9999835396.789703,0.0,0.0,0,0
1470,735999,-1000.4924225024707,500,False,-1028.1147165679931,4.523676995709539,0.4726300952807069,0.2511194348335266,300000,9999835349.159727,0.0,0.0,0,0
1471,736000,-1000.4924225024708,500,False,-1028.1147165679931,4.523676995709539,0.4726300952807069,0.2511194348335266,300000,9999835406.315699,0.0,0.0,0,0
1472,743985,-810.6310748701645,500,False,-935.895084564209,5.118576806858182,0.3954182828463381,0.36589744687080383,300000,99997038.51396576,0.0,1063016990.941034,0,0
1473,743986,-804.1742206206721,500,False,-935.895084564209,5.118576806858182,0.3954182828463381,0.36589744687080383,300000,99997038.51396576,0.0,1063016990.941034,0,0
1474,743987,-810.6310748701643,500,False,-935.895084564209,5.118576806858182,0.3954182828463381,0.36589744687080383,300000,99997038.51396576,0.0,1063016990.941034,0,0
1475,743988,-817.0879291196576,500,False,-935.895084564209,5.118576806858182,0.3954182828463381,0.36589744687080383,300000,99997038.51396576,0.0,1063016990.941034,0,0
1476,743989,-817.0879291196576,500,False,-935.895084564209,5.118576806858182,0.3954182828463381,0.36589744687080383,300000,99997038.51396576,0.0,1063016990.941034,0,0
1477,743990,-808.1742206206724,500,False,-935.895084564209,5.118576806858182,0.3954182828463381,0.36589744687080383,300000,99997038.51396576,0.0,1063016990.941034,0,0
1478,743991,-810.4310748701643,500,False,-935.895084564209,5.118576806858182,0.3954182828463381,0.36589744687080383,300000,99997038.51396576,0.0,1063016990.941034,0,0
1479,743992,-810.631074870165,500,False,-935.895084564209,5.118576806858182,0.3954182828463381,0.36589744687080383,300000,99997038.51396576,0.0,1063016990.941034,0,0
1480,743993,-804.1742206206718,500,False,-935.895084564209,5.118576806858182,0.3954182828463381,0.36589744687080383,300000,99986242.05795059,0.0,1063016990.941034,0,0
1481,743994,-804.7742206206723,500,False,-935.895084564209,5.118576806858182,0.3954182828463381,0.36589744687080383,300000,99997038.51396576,0.0,1063016990.941034,0,0
1482,743995,-883.7078819025298,500,False,-935.895084564209,5.118576806858182,0.3954182828463381,0.36589744687080383,300000,99997038.51396576,0.0,2126033981.882068,0,1
1483,743996,-879.429948710673,500,False,-935.895084564209,5.118576806858182,0.3954182828463381,0.36589744687080383,300000,99997038.51396576,0.0,1063016990.941034,0,1
1484,743997,-816.1090080620212,500,False,-935.895084564209,5.118576806858182,0.3954182828463381,0.36589744687080383,300000,99997038.51396576,0.0,2126033981.882068,0,0
1485,743998,-881.4299487106734,500,False,-935.895084564209,5.118576806858182,0.3954182828463381,0.36589744687080383,300000,99997038.51396576,0.0,1063016990.941034,0,1
1486,743999,-810.6310748701648,500,False,-935.895084564209,5.118576806858182,0.3954182828463381,0.36589744687080383,300000,99997038.51396576,0.0,1063016990.941034,0,0
1487,744000,-878.2299487106727,500,False,-935.895084564209,5.118576806858182,0.3954182828463381,0.36589744687080383,300000,99997038.51396576,0.0,1063016990.941034,0,1
1488,751985,-717.9436572096614,500,False,-1512.3579167938233,11.337009444117546,0.003659563647855066,0.5742764472961426,300000,99840737.86215842,0.0,1063016990.941034,0,0
1489,751986,-717.9436572096614,500,False,-1512.3579167938233,11.337009444117546,0.003659563647855066,0.5742764472961426,300000,99840737.86215842,0.0,1063016990.941034,0,0
1490,751987,-719.2790593513502,500,False,-1512.3579167938233,11.337009444117546,0.003659563647855066,0.5742764472961426,300000,99840737.86215842,0.0,1063016990.941034,0,0
1491,751988,-719.2790593513502,500,False,-1512.3579167938233,11.337009444117546,0.003659563647855066,0.5742764472961426,300000,99840737.86215842,0.0,1063016990.941034,0,0
1492,751989,-717.9436572096614,500,False,-1512.3579167938233,11.337009444117546,0.003659563647855066,0.5742764472961426,300000,99840737.86215842,0.0,1063016990.941034,0,0
1493,751990,-719.2790593513502,500,False,-1512.3579167938233,11.337009444117546,0.003659563647855066,0.5742764472961426,300000,99840737.86215842,0.0,1063016990.941034,0,0
1494,751991,-717.9436572096614,500,False,-1512.3579167938233,11.337009444117546,0.003659563647855066,0.5742764472961426,300000,99841395.97016603,0.0,1063016990.941034,0,0
1495,751992,-717.9436572096614,500,False,-1512.3579167938233,11.337009444117546,0.003659563647855066,0.5742764472961426,300000,99840737.86215842,0.0,1063016990.941034,0,0
1496,751993,-717.9436572096614,500,False,-1512.3579167938233,11.337009444117546,0.003659563647855066,0.5742764472961426,300000,99840737.86215842,0.0,1063016990.941034,0,0
1497,751994,-719.2790593513502,500,False,-1512.3579167938233,11.337009444117546,0.003659563647855066,0.5742764472961426,300000,99840737.86215842,0.0,1063016990.941034,0,0
1498,751995,-717.9436572096614,500,False,-1512.3579167938233,11.337009444117546,0.003659563647855066,0.5742764472961426,300000,99840737.86215842,0.0,1063016990.941034,0,0
1499,751996,-717.9436572096614,500,False,-1512.3579167938233,11.337009444117546,0.003659563647855066,0.5742764472961426,300000,99840737.86215842,0.0,1063016990.941034,0,0
1500,751997,-717.9436572096614,500,False,-1512.3579167938233,11.337009444117546,0.003659563647855066,0.5742764472961426,300000,99840737.86215842,0.0,1063016990.941034,0,0
1501,751998,-724.800511459154,500,False,-1512.3579167938233,11.337009444117546,0.003659563647855066,0.5742764472961426,300000,99842712.18618125,0.0,1063016990.941034,0,0
1502,751999,-719.2790593513502,500,False,-1512.3579167938233,11.337009444117546,0.003659563647855066,0.5742764472961426,300000,99840737.86215842,0.0,1063016990.941034,0,0
1503,752000,-717.9436572096614,500,False,-1512.3579167938233,11.337009444117546,0.003659563647855066,0.5742764472961426,300000,99840737.86215842,0.0,1063016990.941034,0,0
1504,759985,-1609.9179462867892,500,False,-1946.4130077819825,10.2331614266932,0.002366776074810332,0.8581327795982361,300000,9999835472.997665,0.0,0.0,0,0
1505,759986,-1606.2765792549346,500,False,-1946.4130077819825,10.2331614266932,0.002366776074810332,0.8581327795982361,300000,9999835472.997665,0.0,0.0,0,0
1506,759987,-1599.6119813966234,500,False,-1946.4130077819825,10.2331614266932,0.002366776074810332,0.8581327795982361,300000,9999835472.997665,0.0,0.0,0,0
1507,759988,-1595.9706143647688,500,False,-1946.4130077819825,10.2331614266932,0.002366776074810332,0.8581327795982361,300000,9999835472.997665,0.0,0.0,0,0
1508,759989,-1601.6274686142613,500,False,-1946.4130077819825,10.2331614266932,0.002366776074810332,0.8581327795982361,300000,9999835472.997665,0.0,0.0,0,0
1509,759990,-1591.7111111275165,500,False,-1946.4130077819825,10.2331614266932,0.002366776074810332,0.8581327795982361,300000,9999835472.997665,0.0,0.0,0,0
1510,759991,-1598.9938451912255,500,False,-1946.4130077819825,10.2331614266932,0.002366776074810332,0.8581327795982361,300000,9999835472.997665,0.0,0.0,0,0
1511,759992,-1614.5670569274625,500,False,-1946.4130077819825,10.2331614266932,0.002366776074810332,0.8581327795982361,300000,9999835472.997665,0.0,0.0,0,0
1512,759993,-1597.9861015824065,500,False,-1946.4130077819825,10.2331614266932,0.002366776074810332,0.8581327795982361,300000,9999835472.997665,0.0,0.0,0,0
1513,759994,-1602.63521222308,500,False,-1946.4130077819825,10.2331614266932,0.002366776074810332,0.8581327795982361,300000,9999835472.997665,0.0,0.0,0,0
1514,759995,-1583.0310260515676,500,False,-1946.4130077819825,10.2331614266932,0.002366776074810332,0.8581327795982361,300000,9999835472.997665,0.0,0.0,0,0
1515,759996,-1600.6197250054424,500,False,-1946.4130077819825,10.2331614266932,0.002366776074810332,0.8581327795982361,300000,9999835472.997665,0.0,0.0,0,0
1516,759997,-1600.6197250054424,500,False,-1946.4130077819825,10.2331614266932,0.002366776074810332,0.8581327795982361,300000,9999835472.997665,0.0,0.0,0,0
1517,759998,-1601.627468614261,500,False,-1946.4130077819825,10.2331614266932,0.002366776074810332,0.8581327795982361,300000,9999835472.997665,0.0,0.0,0,0
1518,759999,-1608.2920664725723,500,False,-1946.4130077819825,10.2331614266932,0.002366776074810332,0.8581327795982361,300000,9999835472.997665,0.0,0.0,0,0
1519,760000,-1603.642955831899,500,False,-1946.4130077819825,10.2331614266932,0.002366776074810332,0.8581327795982361,300000,9999835472.997665,0.0,0.0,0,0
1520,767985,-1005.7730944611825,500,False,-2226.913108886719,14.047949786663056,0.02960101944849066,1.2630232572555542,300000,9999835472.997665,0.0,0.0,0,0
1521,767986,-1002.4222051018561,500,False,-2226.913108886719,14.047949786663056,0.02960101944849066,1.2630232572555542,300000,9999835472.997665,0.0,0.0,0,0
1522,767987,-1002.422205101856,500,False,-2226.913108886719,14.047949786663056,0.02960101944849066,1.2630232572555542,300000,9999835472.997665,0.0,0.0,0,0
1523,767988,-1002.422205101856,500,False,-2226.913108886719,14.047949786663056,0.02960101944849066,1.2630232572555542,300000,9999835472.997665,0.0,0.0,0,0
1524,767989,-1005.7730944611825,500,False,-2226.913108886719,14.047949786663056,0.02960101944849066,1.2630232572555542,300000,9999835472.997665,0.0,0.0,0,0
1525,767990,-1002.4222051018561,500,False,-2226.913108886719,14.047949786663056,0.02960101944849066,1.2630232572555542,300000,9999835472.997665,0.0,0.0,0,0
1526,767991,-1002.422205101856,500,False,-2226.913108886719,14.047949786663056,0.02960101944849066,1.2630232572555542,300000,9999835472.997665,0.0,0.0,0,0
1527,767992,-1002.422205101856,500,False,-2226.913108886719,14.047949786663056,0.02960101944849066,1.2630232572555542,300000,9999835472.997665,0.0,0.0,0,0
1528,767993,-1005.7730944611825,500,False,-2226.913108886719,14.047949786663056,0.02960101944849066,1.2630232572555542,300000,9999835472.997665,0.0,0.0,0,0
1529,767994,-1002.422205101856,500,False,-2226.913108886719,14.047949786663056,0.02960101944849066,1.2630232572555542,300000,9999835472.997665,0.0,0.0,0,0
1530,767995,-1002.422205101856,500,False,-2226.913108886719,14.047949786663056,0.02960101944849066,1.2630232572555542,300000,9999835472.997665,0.0,0.0,0,0
1531,767996,-1005.7730944611825,500,False,-2226.913108886719,14.047949786663056,0.02960101944849066,1.2630232572555542,300000,9999835472.997665,0.0,0.0,0,0
1532,767997,-1005.7730944611825,500,False,-2226.913108886719,14.047949786663056,0.02960101944849066,1.2630232572555542,300000,9999835472.997665,0.0,0.0,0,0
1533,767998,-1005.7730944611825,500,False,-2226.913108886719,14.047949786663056,0.02960101944849066,1.2630232572555542,300000,9999835472.997665,0.0,0.0,0,0
1534,767999,-1002.422205101856,500,False,-2226.913108886719,14.047949786663056,0.02960101944849066,1.2630232572555542,300000,9999835472.997665,0.0,0.0,0,0
1535,768000,-1005.7730944611825,500,False,-2226.913108886719,14.047949786663056,0.02960101944849066,1.2630232572555542,300000,9999835472.997665,0.0,0.0,0,0
1536,775985,-998.4222051018563,500,False,-2085.5589530944826,12.02325280547142,0.2907567015718669,1.6800196170806885,300000,9999834834.755983,0.0,0.0,0,0
1537,775986,-998.4222051018562,500,False,-2085.5589530944826,12.02325280547142,0.2907567015718669,1.6800196170806885,300000,9999834777.600012,0.0,0.0,0,0
1538,775987,-998.4222051018562,500,False,-2085.5589530944826,12.02325280547142,0.2907567015718669,1.6800196170806885,300000,9999834777.600012,0.0,0.0,0,0
1539,775988,-998.4222051018563,500,False,-2085.5589530944826,12.02325280547142,0.2907567015718669,1.6800196170806885,300000,9999835139.587831,0.0,0.0,0,0
1540,775989,-998.4222051018562,500,False,-2085.5589530944826,12.02325280547142,0.2907567015718669,1.6800196170806885,300000,9999835349.159727,0.0,0.0,0,0
1541,775990,-998.4222051018559,500,False,-2085.5589530944826,12.02325280547142,0.2907567015718669,1.6800196170806885,300000,9999835292.003756,0.0,0.0,0,0
1542,775991,-998.4222051018563,500,False,-2085.5589530944826,12.02325280547142,0.2907567015718669,1.6800196170806885,300000,9999834796.652002,0.0,0.0,0,0
1543,775992,-998.4222051018563,500,False,-2085.5589530944826,12.02325280547142,0.2907567015718669,1.6800196170806885,300000,9999834777.600012,0.0,0.0,0,0
1544,775993,-998.4222051018564,500,False,-2085.5589530944826,12.02325280547142,0.2907567015718669,1.6800196170806885,300000,9999834891.911955,0.0,0.0,0,0
1545,775994,-998.4222051018563,500,False,-2085.5589530944826,12.02325280547142,0.2907567015718669,1.6800196170806885,300000,9999834796.652002,0.0,0.0,0,0
1546,775995,-998.4222051018564,500,False,-2085.5589530944826,12.02325280547142,0.2907567015718669,1.6800196170806885,300000,9999834796.652002,0.0,0.0,0,0
1547,775996,-998.4222051018562,500,False,-2085.5589530944826,12.02325280547142,0.2907567015718669,1.6800196170806885,300000,9999835063.37987,0.0,0.0,0,0
1548,775997,-998.4222051018562,500,False,-2085.5589530944826,12.02325280547142,0.2907567015718669,1.6800196170806885,300000,9999835139.587831,0.0,0.0,0,0
1549,775998,-998.4222051018562,500,False,-2085.5589530944826,12.02325280547142,0.2907567015718669,1.6800196170806885,300000,9999834815.703993,0.0,0.0,0,0
1550,775999,-998.4222051018563,500,False,-2085.5589530944826,12.02325280547142,0.2907567015718669,1.6800196170806885,300000,9999835063.37987,0.0,0.0,0,0
1551,776000,-998.4222051018563,500,False,-2085.5589530944826,12.02325280547142,0.2907567015718669,1.6800196170806885,300000,9999834815.703993,0.0,0.0,0,0
1552,783985,-998.422205101856,500,False,-2070.661886657715,15.516810648262501,0.20448493743781002,2.331862449645996,300000,9999830738.578024,0.0,0.0,0,0
1553,783986,-998.422205101856,500,False,-2070.661886657715,15.516810648262501,0.20448493743781002,2.331862449645996,300000,9999830738.578024,0.0,0.0,0,0
1554,783987,-998.422205101856,500,False,-2070.661886657715,15.516810648262501,0.20448493743781002,2.331862449645996,300000,9999830738.578024,0.0,0.0,0,0
1555,783988,-998.422205101856,500,False,-2070.661886657715,15.516810648262501,0.20448493743781002,2.331862449645996,300000,9999830738.578024,0.0,0.0,0,0
1556,783989,-998.422205101856,500,False,-2070.661886657715,15.516810648262501,0.20448493743781002,2.331862449645996,300000,9999830738.578024,0.0,0.0,0,0
1557,783990,-998.422205101856,500,False,-2070.661886657715,15.516810648262501,0.20448493743781002,2.331862449645996,300000,9999830795.733995,0.0,0.0,0,0
1558,783991,-998.422205101856,500,False,-2070.661886657715,15.516810648262501,0.20448493743781002,2.331862449645996,300000,9999830738.578024,0.0,0.0,0,0
1559,783992,-998.422205101856,500,False,-2070.661886657715,15.516810648262501,0.20448493743781002,2.331862449645996,300000,9999830738.578024,0.0,0.0,0,0
1560,783993,-998.422205101856,500,False,-2070.661886657715,15.516810648262501,0.20448493743781002,2.331862449645996,300000,9999830738.578024,0.0,0.0,0,0
1561,783994,-998.422205101856,500,False,-2070.661886657715,15.516810648262501,0.20448493743781002,2.331862449645996,300000,9999830738.578024,0.0,0.0,0,0
1562,783995,-998.422205101856,500,False,-2070.661886657715,15.516810648262501,0.20448493743781002,2.331862449645996,300000,9999830738.578024,0.0,0.0,0,0
1563,783996,-998.422205101856,500,False,-2070.661886657715,15.516810648262501,0.20448493743781002,2.331862449645996,300000,9999830738.578024,0.0,0.0,0,0
1564,783997,-998.422205101856,500,False,-2070.661886657715,15.516810648262501,0.20448493743781002,2.331862449645996,300000,9999830738.578024,0.0,0.0,0,0
1565,783998,-998.422205101856,500,False,-2070.661886657715,15.516810648262501,0.20448493743781002,2.331862449645996,300000,9999830738.578024,0.0,0.0,0,0
1566,783999,-998.422205101856,500,False,-2070.661886657715,15.516810648262501,0.20448493743781002,2.331862449645996,300000,9999830738.578024,0.0,0.0,0,0
1567,784000,-998.422205101856,500,False,-2070.661886657715,15.516810648262501,0.20448493743781002,2.331862449645996,300000,9999830738.578024,0.0,0.0,0,0
1568,791985,-998.422205101856,500,False,-1904.0707880554198,12.72539240640402,0.5393880085796118,1.9867178201675415,300000,9999830852.889967,0.0,0.0,0,0
1569,791986,-998.422205101856,500,False,-1904.0707880554198,12.72539240640402,0.5393880085796118,1.9867178201675415,300000,9999830852.889967,0.0,0.0,0,0
1570,791987,-998.422205101856,500,False,-1904.0707880554198,12.72539240640402,0.5393880085796118,1.9867178201675415,300000,9999830776.682005,0.0,0.0,0,0
1571,791988,-998.422205101856,500,False,-1904.0707880554198,12.72539240640402,0.5393880085796118,1.9867178201675415,300000,9999830833.837976,0.0,0.0,0,0
1572,791989,-998.422205101856,500,False,-1904.0707880554198,12.72539240640402,0.5393880085796118,1.9867178201675415,300000,9999830795.733995,0.0,0.0,0,0
1573,791990,-998.422205101856,500,False,-1904.0707880554198,12.72539240640402,0.5393880085796118,1.9867178201675415,300000,9999830757.630014,0.0,0.0,0,0
1574,791991,-998.422205101856,500,False,-1904.0707880554198,12.72539240640402,0.5393880085796118,1.9867178201675415,300000,9999830795.733995,0.0,0.0,0,0
1575,791992,-998.422205101856,500,False,-1904.0707880554198,12.72539240640402,0.5393880085796118,1.9867178201675415,300000,9999830814.785986,0.0,0.0,0,0
1576,791993,-998.422205101856,500,False,-1904.0707880554198,12.72539240640402,0.5393880085796118,1.9867178201675415,300000,9999830776.682005,0.0,0.0,0,0
1577,791994,-998.422205101856,500,False,-1904.0707880554198,12.72539240640402,0.5393880085796118,1.9867178201675415,300000,9999830852.889967,0.0,0.0,0,0
1578,791995,-998.422205101856,500,False,-1904.0707880554198,12.72539240640402,0.5393880085796118,1.9867178201675415,300000,9999830814.785986,0.0,0.0,0,0
1579,791996,-998.422205101856,500,False,-1904.0707880554198,12.72539240640402,0.5393880085796118,1.9867178201675415,300000,9999830738.578024,0.0,0.0,0,0
1580,791997,-998.422205101856,500,False,-1904.0707880554198,12.72539240640402,0.5393880085796118,1.9867178201675415,300000,9999830814.785986,0.0,0.0,0,0
1581,791998,-998.422205101856,500,False,-1904.0707880554198,12.72539240640402,0.5393880085796118,1.9867178201675415,300000,9999830757.630014,0.0,0.0,0,0
1582,791999,-998.422205101856,500,False,-1904.0707880554198,12.72539240640402,0.5393880085796118,1.9867178201675415,300000,9999830738.578024,0.0,0.0,0,0
1583,792000,-998.422205101856,500,False,-1904.0707880554198,12.72539240640402,0.5393880085796118,1.9867178201675415,300000,9999830833.837976,0.0,0.0,0,0
1584,799985,-1004.3960780543706,500,False,-1656.1382417297364,12.222691012233495,0.5147871033847332,1.6664296388626099,300000,9999834710.918045,0.0,0.0,0,0
1585,799986,-1004.3960780543713,500,False,-1656.1382417297364,12.222691012233495,0.5147871033847332,1.6664296388626099,300000,9999834672.814064,0.0,0.0,0,0
1586,799987,-1003.9999999999993,500,False,-1656.1382417297364,12.222691012233495,0.5147871033847332,1.6664296388626099,300000,9999834701.39205,0.0,0.0,0,0
1587,799988,-998.422205101856,500,False,-1656.1382417297364,12.222691012233495,0.5147871033847332,1.6664296388626099,300000,9999830986.2539,0.0,0.0,0,0
1588,799989,-1000.4924225024704,500,False,-1656.1382417297364,12.222691012233495,0.5147871033847332,1.6664296388626099,300000,9999834701.39205,0.0,0.0,0,0
1589,799990,-1000.4924225024703,500,False,-1656.1382417297364,12.222691012233495,0.5147871033847332,1.6664296388626099,300000,9999834758.548021,0.0,0.0,0,0
1590,799991,-1000.4924225024705,500,False,-1656.1382417297364,12.222691012233495,0.5147871033847332,1.6664296388626099,300000,9999834682.34006,0.0,0.0,0,0
1591,799992,-1000.4924225024704,500,False,-1656.1382417297364,12.222691012233495,0.5147871033847332,1.6664296388626099,300000,9999834606.132097,0.0,0.0,0,0
1592,799993,-999.9999999999997,500,False,-1656.1382417297364,12.222691012233495,0.5147871033847332,1.6664296388626099,300000,9999834634.710083,0.0,0.0,0,0
1593,799994,-996.0000000000002,500,False,-1656.1382417297364,12.222691012233495,0.5147871033847332,1.6664296388626099,300000,9999834663.288069,0.0,0.0,0,0
1594,799995,-998.422205101856,500,False,-1656.1382417297364,12.222691012233495,0.5147871033847332,1.6664296388626099,300000,9999830910.045938,0.0,0.0,0,0
1595,799996,-995.9999999999998,500,False,-1656.1382417297364,12.222691012233495,0.5147871033847332,1.6664296388626099,300000,9999834739.49603,0.0,0.0,0,0
1596,799997,-995.9999999999995,500,False,-1656.1382417297364,12.222691012233495,0.5147871033847332,1.6664296388626099,300000,9999834720.44404,0.0,0.0,0,0
1597,799998,-1000.4924225024706,500,False,-1656.1382417297364,12.222691012233495,0.5147871033847332,1.6664296388626099,300000,9999834796.652002,0.0,0.0,0,0
1598,799999,-1003.9999999999994,500,False,-1656.1382417297364,12.222691012233495,0.5147871033847332,1.6664296388626099,300000,9999834834.755983,0.0,0.0,0,0
1599,800000,-1004.3960780543708,500,False,-1656.1382417297364,12.222691012233495,0.5147871033847332,1.6664296388626099,300000,9999834691.866055,0.0,0.0,0,0
1600,807985,-1004.0,500,False,-1550.8061309814452,8.784680354177953,0.48337860229611396,1.9270881414413452,300000,9999835444.41968,0.0,0.0,0,0
1601,807986,-1100.4924225024704,500,False,-1550.8061309814452,8.784680354177953,0.48337860229611396,1.9270881414413452,300000,9999835444.41968,0.0,0.0,2,0
1602,807987,-1004.0,500,False,-1550.8061309814452,8.784680354177953,0.48337860229611396,1.9270881414413452,300000,9999835444.41968,0.0,0.0,0,0
1603,807988,-1096.6491106406736,500,False,-1550.8061309814452,8.784680354177953,0.48337860229611396,1.9270881414413452,300000,9999835472.997665,0.0,0.0,2,0
1604,807989,-1204.396078054371,500,False,-1550.8061309814452,8.784680354177953,0.48337860229611396,1.9270881414413452,300000,9999835453.945675,0.0,0.0,4,0
1605,807990,-1004.3960780543712,500,False,-1550.8061309814452,8.784680354177953,0.48337860229611396,1.9270881414413452,300000,9999835472.997665,0.0,0.0,0,0
1606,807991,-1104.396078054371,500,False,-1550.8061309814452,8.784680354177953,0.48337860229611396,1.9270881414413452,300000,9999835453.945675,0.0,0.0,2,0
1607,807992,-1154.3960780543712,500,False,-1550.8061309814452,8.784680354177953,0.48337860229611396,1.9270881414413452,300000,9999835463.47167,0.0,0.0,3,0
1608,807993,-1100.4924225024704,500,False,-1550.8061309814452,8.784680354177953,0.48337860229611396,1.9270881414413452,300000,9999835425.36769,0.0,0.0,2,0
1609,807994,-1050.4924225024706,500,False,-1550.8061309814452,8.784680354177953,0.48337860229611396,1.9270881414413452,300000,9999835472.997665,0.0,0.0,1,0
1610,807995,-1004.3960780543712,500,False,-1550.8061309814452,8.784680354177953,0.48337860229611396,1.9270881414413452,300000,9999835472.997665,0.0,0.0,0,0
1611,807996,-1204.0,500,False,-1550.8061309814452,8.784680354177953,0.48337860229611396,1.9270881414413452,300000,9999835463.47167,0.0,0.0,4,0
1612,807997,-1203.9999999999998,500,False,-1550.8061309814452,8.784680354177953,0.48337860229611396,1.9270881414413452,300000,9999835463.47167,0.0,0.0,4,0
1613,807998,-1096.6491106406736,500,False,-1550.8061309814452,8.784680354177953,0.48337860229611396,1.9270881414413452,300000,9999835434.893684,0.0,0.0,2,0
1614,807999,-1054.0,500,False,-1550.8061309814452,8.784680354177953,0.48337860229611396,1.9270881414413452,300000,9999835472.997665,0.0,0.0,1,0
1615,808000,-1003.9999999999999,500,False,-1550.8061309814452,8.784680354177953,0.48337860229611396,1.9270881414413452,300000,9999835463.47167,0.0,0.0,0,0
1616,815985,-1182.3822591075852,500,False,-1538.4856982727051,15.482589407294988,0.38789232397539675,1.7506043910980225,300000,9999835025.275888,0.0,0.0,0,0
1617,815986,-1193.92844802995,500,False,-1538.4856982727051,15.482589407294988,0.38789232397539675,1.7506043910980225,300000,9999835025.275888,0.0,0.0,0,0
1618,815987,-1182.3822591075852,500,False,-1538.4856982727051,15.482589407294988,0.38789232397539675,1.7506043910980225,300000,9999835082.43186,0.0,0.0,0,0
1619,815988,-1178.0546005747156,500,False,-1538.4856982727051,15.482589407294988,0.38789232397539675,1.7506043910980225,300000,9999834863.33397,0.0,0.0,0,0
1620,815989,-1182.3822591075855,500,False,-1538.4856982727051,15.482589407294988,0.38789232397539675,1.7506043910980225,300000,9999835063.37987,0.0,0.0,0,0
1621,815990,-1182.3822591075855,500,False,-1538.4856982727051,15.482589407294988,0.38789232397539675,1.7506043910980225,300000,9999834891.911955,0.0,0.0,0,0
1622,815991,-1188.1553535687679,500,False,-1538.4856982727051,15.482589407294988,0.38789232397539675,1.7506043910980225,300000,9999835025.275888,0.0,0.0,0,0
1623,815992,-1172.281506113533,500,False,-1538.4856982727051,15.482589407294988,0.38789232397539675,1.7506043910980225,300000,9999835130.061836,0.0,0.0,0,0
1624,815993,-1188.6255431518057,500,False,-1538.4856982727051,15.482589407294988,0.38789232397539675,1.7506043910980225,300000,9999835034.801884,0.0,0.0,0,0
1625,815994,-1172.2815061135332,500,False,-1538.4856982727051,15.482589407294988,0.38789232397539675,1.7506043910980225,300000,9999835091.957855,0.0,0.0,0,0
1626,815995,-1182.3822591075852,500,False,-1538.4856982727051,15.482589407294988,0.38789232397539675,1.7506043910980225,300000,9999835082.43186,0.0,0.0,0,0
1627,815996,-1178.0546005747156,500,False,-1538.4856982727051,15.482589407294988,0.38789232397539675,1.7506043910980225,300000,9999834920.48994,0.0,0.0,0,0
1628,815997,-1188.1553535687676,500,False,-1538.4856982727051,15.482589407294988,0.38789232397539675,1.7506043910980225,300000,9999835006.223898,0.0,0.0,0,0
1629,815998,-1188.1553535687679,500,False,-1538.4856982727051,15.482589407294988,0.38789232397539675,1.7506043910980225,300000,9999834987.171907,0.0,0.0,0,0
1630,815999,-1172.281506113533,500,False,-1538.4856982727051,15.482589407294988,0.38789232397539675,1.7506043910980225,300000,9999835053.853874,0.0,0.0,0,0
1631,816000,-1182.382259107585,500,False,-1538.4856982727051,15.482589407294988,0.38789232397539675,1.7506043910980225,300000,9999834968.119917,0.0,0.0,0,0
1632,823985,-998.8923946848939,500,False,-2338.998573699951,18.197514471530916,0.0005643960980773955,2.650374412536621,300000,9999835472.997665,0.0,0.0,0,0
1633,823986,-998.8923946848939,500,False,-2338.998573699951,18.197514471530916,0.0005643960980773955,2.650374412536621,300000,9999835472.997665,0.0,0.0,0,0
1634,823987,-998.8923946848939,500,False,-2338.998573699951,18.197514471530916,0.0005643960980773955,2.650374412536621,300000,9999835472.997665,0.0,0.0,0,0
1635,823988,-998.8923946848939,500,False,-2338.998573699951,18.197514471530916,0.0005643960980773955,2.650374412536621,300000,9999835472.997665,0.0,0.0,0,0
1636,823989,-998.8923946848939,500,False,-2338.998573699951,18.197514471530916,0.0005643960980773955,2.650374412536621,300000,9999835472.997665,0.0,0.0,0,0
1637,823990,-998.8923946848939,500,False,-2338.998573699951,18.197514471530916,0.0005643960980773955,2.650374412536621,300000,9999835472.997665,0.0,0.0,0,0
1638,823991,-998.8923946848939,500,False,-2338.998573699951,18.197514471530916,0.0005643960980773955,2.650374412536621,300000,9999835472.997665,0.0,0.0,0,0
1639,823992,-998.8923946848939,500,False,-2338.998573699951,18.197514471530916,0.0005643960980773955,2.650374412536621,300000,9999835472.997665,0.0,0.0,0,0
1640,823993,-998.8923946848939,500,False,-2338.998573699951,18.197514471530916,0.0005643960980773955,2.650374412536621,300000,9999835472.997665,0.0,0.0,0,0
1641,823994,-998.8923946848939,500,False,-2338.998573699951,18.197514471530916,0.0005643960980773955,2.650374412536621,300000,9999835472.997665,0.0,0.0,0,0
1642,823995,-998.8923946848939,500,False,-2338.998573699951,18.197514471530916,0.0005643960980773955,2.650374412536621,300000,9999835472.997665,0.0,0.0,0,0
1643,823996,-998.8923946848939,500,False,-2338.998573699951,18.197514471530916,0.0005643960980773955,2.650374412536621,300000,9999835472.997665,0.0,0.0,0,0
1644,823997,-998.8923946848939,500,False,-2338.998573699951,18.197514471530916,0.0005643960980773955,2.650374412536621,300000,9999835472.997665,0.0,0.0,0,0
1645,823998,-998.8923946848939,500,False,-2338.998573699951,18.197514471530916,0.0005643960980773955,2.650374412536621,300000,9999835472.997665,0.0,0.0,0,0
1646,823999,-998.8923946848939,500,False,-2338.998573699951,18.197514471530916,0.0005643960980773955,2.650374412536621,300000,9999835472.997665,0.0,0.0,0,0
1647,824000,-998.8923946848939,500,False,-2338.998573699951,18.197514471530916,0.0005643960980773955,2.650374412536621,300000,9999835472.997665,0.0,0.0,0,0
1648,831985,-2002.900643995562,500,False,-2407.5397468261717,17.076206148445607,0.09132425330151454,3.7896134853363037,300000,9999835472.997665,0.0,0.0,0,0
1649,831986,-2002.900643995562,500,False,-2407.5397468261717,17.076206148445607,0.09132425330151454,3.7896134853363037,300000,9999835472.997665,0.0,0.0,0,0
1650,831987,-2002.900643995562,500,False,-2407.5397468261717,17.076206148445607,0.09132425330151454,3.7896134853363037,300000,9999835472.997665,0.0,0.0,0,0
1651,831988,-2002.900643995562,500,False,-2407.5397468261717,17.076206148445607,0.09132425330151454,3.7896134853363037,300000,9999835472.997665,0.0,0.0,0,0
1652,831989,-2002.900643995562,500,False,-2407.5397468261717,17.076206148445607,0.09132425330151454,3.7896134853363037,300000,9999835472.997665,0.0,0.0,0,0
1653,831990,-2002.900643995562,500,False,-2407.5397468261717,17.076206148445607,0.09132425330151454,3.7896134853363037,300000,9999835472.997665,0.0,0.0,0,0
1654,831991,-2002.900643995562,500,False,-2407.5397468261717,17.076206148445607,0.09132425330151454,3.7896134853363037,300000,9999835472.997665,0.0,0.0,0,0
1655,831992,-1996.0873086620165,500,False,-2407.5397468261717,17.076206148445607,0.09132425330151454,3.7896134853363037,300000,9999835472.997665,0.0,0.0,0,0
1656,831993,-1996.0873086620165,500,False,-2407.5397468261717,17.076206148445607,0.09132425330151454,3.7896134853363037,300000,9999835472.997665,0.0,0.0,0,0
1657,831994,-2002.900643995562,500,False,-2407.5397468261717,17.076206148445607,0.09132425330151454,3.7896134853363037,300000,9999835472.997665,0.0,0.0,0,0
1658,831995,-1988.340341248319,500,False,-2407.5397468261717,17.076206148445607,0.09132425330151454,3.7896134853363037,300000,9999835472.997665,0.0,0.0,0,0
1659,831996,-2009.7139793291071,500,False,-2407.5397468261717,17.076206148445607,0.09132425330151454,3.7896134853363037,300000,9999835472.997665,0.0,0.0,0,0
1660,831997,-1988.340341248319,500,False,-2407.5397468261717,17.076206148445607,0.09132425330151454,3.7896134853363037,300000,9999835472.997665,0.0,0.0,0,0
1661,831998,-1995.1536765818644,500,False,-2407.5397468261717,17.076206148445607,0.09132425330151454,3.7896134853363037,300000,9999835472.997665,0.0,0.0,0,0
1662,831999,-2002.900643995562,500,False,-2407.5397468261717,17.076206148445607,0.09132425330151454,3.7896134853363037,300000,9999835472.997665,0.0,0.0,0,0
1663,832000,-2002.900643995562,500,False,-2407.5397468261717,17.076206148445607,0.09132425330151454,3.7896134853363037,300000,9999835472.997665,0.0,0.0,0,0
1664,839985,-1098.9246077915734,500,False,-2292.9677630615233,10.869691916659475,0.45883235487155616,3.734762191772461,300000,9999835472.997665,0.0,0.0,0,0
1665,839986,-1095.5321041671243,500,False,-2292.9677630615233,10.869691916659475,0.45883235487155616,3.734762191772461,300000,9999835472.997665,0.0,0.0,0,0
1666,839987,-1075.8322299468434,500,False,-2292.9677630615233,10.869691916659475,0.45883235487155616,3.734762191772461,300000,9999835472.997665,0.0,0.0,0,0
1667,839988,-1093.151513330391,500,False,-2292.9677630615233,10.869691916659475,0.45883235487155616,3.734762191772461,300000,9999835472.997665,0.0,0.0,0,0
1668,839989,-1074.0901099209366,500,False,-2292.9677630615233,10.869691916659475,0.45883235487155616,3.734762191772461,300000,9999835472.997665,0.0,0.0,0,0
1669,839990,-1086.856452495956,500,False,-2292.9677630615233,10.869691916659475,0.45883235487155616,3.734762191772461,300000,9999835472.997665,0.0,0.0,0,0
1670,839991,-1084.0275295098816,500,False,-2292.9677630615233,10.869691916659475,0.45883235487155616,3.734762191772461,300000,9999835472.997665,0.0,0.0,0,0
1671,839992,-1116.6506090593389,500,False,-2292.9677630615233,10.869691916659475,0.45883235487155616,3.734762191772461,300000,9999835472.997665,0.0,0.0,0,0
1672,839993,-1086.9717009849899,500,False,-2292.9677630615233,10.869691916659475,0.45883235487155616,3.734762191772461,300000,9999835472.997665,0.0,0.0,0,0
1673,839994,-1105.1044201369739,500,False,-2292.9677630615233,10.869691916659475,0.45883235487155616,3.734762191772461,300000,9999835472.997665,0.0,0.0,0,0
1674,839995,-1079.1831193061698,500,False,-2292.9677630615233,10.869691916659475,0.45883235487155616,3.734762191772461,300000,9999835472.997665,0.0,0.0,0,0
1675,839996,-1080.2699222663373,500,False,-2292.9677630615233,10.869691916659475,0.45883235487155616,3.734762191772461,300000,9999835472.997665,0.0,0.0,0,0
1676,839997,-1072.481340587517,500,False,-2292.9677630615233,10.869691916659475,0.45883235487155616,3.734762191772461,300000,9999835472.997665,0.0,0.0,0,0
1677,839998,-1098.517889907355,500,False,-2292.9677630615233,10.869691916659475,0.45883235487155616,3.734762191772461,300000,9999835472.997665,0.0,0.0,0,0
1678,839999,-1081.605324408026,500,False,-2292.9677630615233,10.869691916659475,0.45883235487155616,3.734762191772461,300000,9999835472.997665,0.0,0.0,0,0
1679,840000,-1103.9742750821342,500,False,-2292.9677630615233,10.869691916659475,0.45883235487155616,3.734762191772461,300000,9999835472.997665,0.0,0.0,0,0
1680,847985,-996.6491106406737,500,False,-2140.419169189453,9.282735623881221,0.5897438889890909,2.5521302223205566,300000,9999835472.997665,0.0,0.0,0,0
1681,847986,-1007.266615305568,500,False,-2140.419169189453,9.282735623881221,0.5897438889890909,2.5521302223205566,300000,9999835472.997665,0.0,0.0,0,0
1682,847987,-1016.3905991260773,500,False,-2140.419169189453,9.282735623881221,0.5897438889890909,2.5521302223205566,300000,9999835472.997665,0.0,0.0,0,0
1683,847988,-1022.1636935872594,500,False,-2140.419169189453,9.282735623881221,0.5897438889890909,2.5521302223205566,300000,9999835472.997665,0.0,0.0,0,0
1684,847989,-1013.9683940242213,500,False,-2140.419169189453,9.282735623881221,0.5897438889890909,2.5521302223205566,300000,9999835472.997665,0.0,0.0,0,0
1685,847990,-1008.1952995630389,500,False,-2140.419169189453,9.282735623881221,0.5897438889890909,2.5521302223205566,300000,9999835472.997665,0.0,0.0,0,0
1686,847991,-1004.8444102037122,500,False,-2140.419169189453,9.282735623881221,0.5897438889890909,2.5521302223205566,300000,9999835472.997665,0.0,0.0,0,0
1687,847992,-1004.8444102037122,500,False,-2140.419169189453,9.282735623881221,0.5897438889890909,2.5521302223205566,300000,9999835472.997665,0.0,0.0,0,0
1688,847993,-1002.4222051018564,500,False,-2140.419169189453,9.282735623881221,0.5897438889890909,2.5521302223205566,300000,9999835472.997665,0.0,0.0,0,0
1689,847994,-1023.2088822823041,500,False,-2140.419169189453,9.282735623881221,0.5897438889890909,2.5521302223205566,300000,9999835472.997665,0.0,0.0,0,0
1690,847995,-1011.5461889223652,500,False,-2140.419169189453,9.282735623881221,0.5897438889890909,2.5521302223205566,300000,9999835472.997665,0.0,0.0,0,0
1691,847996,-1008.1952995630387,500,False,-2140.419169189453,9.282735623881221,0.5897438889890909,2.5521302223205566,300000,9999835472.997665,0.0,0.0,0,0
1692,847997,-996.6491106406738,500,False,-2140.419169189453,9.282735623881221,0.5897438889890909,2.5521302223205566,300000,9999835472.997665,0.0,0.0,0,0
1693,847998,-999.0713157425299,500,False,-2140.419169189453,9.282735623881221,0.5897438889890909,2.5521302223205566,300000,9999835472.997665,0.0,0.0,0,0
1694,847999,-1013.9683940242215,500,False,-2140.419169189453,9.282735623881221,0.5897438889890909,2.5521302223205566,300000,9999835472.997665,0.0,0.0,0,0
1695,848000,-1020.3534634564711,500,False,-2140.419169189453,9.282735623881221,0.5897438889890909,2.5521302223205566,300000,9999835472.997665,0.0,0.0,0,0
1696,855985,-1000.4924225024712,500,False,-1970.1789527282715,7.991300273820758,0.5959213257059455,1.699986219406128,300000,9999835330.107737,0.0,0.0,0,0
1697,855986,-998.4222051018563,500,False,-1970.1789527282715,7.991300273820758,0.5959213257059455,1.699986219406128,300000,9999835349.159727,0.0,0.0,0,0
1698,855987,-1001.773094461183,500,False,-1970.1789527282715,7.991300273820758,0.5959213257059455,1.699986219406128,300000,9999835272.951765,0.0,0.0,0,0
1699,855988,-996.6491106406739,500,False,-1970.1789527282715,7.991300273820758,0.5959213257059455,1.699986219406128,300000,9999835339.633732,0.0,0.0,0,0
1700,855989,-1000.4924225024707,500,False,-1970.1789527282715,7.991300273820758,0.5959213257059455,1.699986219406128,300000,9999835311.055746,0.0,0.0,0,0
1701,855990,-1002.4222051018563,500,False,-1970.1789527282715,7.991300273820758,0.5959213257059455,1.699986219406128,300000,9999835358.685722,0.0,0.0,0,0
1702,855991,-1006.6722348478713,500,False,-1970.1789527282715,7.991300273820758,0.5959213257059455,1.699986219406128,300000,9999835234.847784,0.0,0.0,0,0
1703,855992,-1004.1952995630386,500,False,-1970.1789527282715,7.991300273820758,0.5959213257059455,1.699986219406128,300000,9999835311.055746,0.0,0.0,0,0
1704,855993,-1002.9146276043269,500,False,-1970.1789527282715,7.991300273820758,0.5959213257059455,1.699986219406128,300000,9999835349.159727,0.0,0.0,0,0
1705,855994,-1002.4222051018561,500,False,-1970.1789527282715,7.991300273820758,0.5959213257059455,1.699986219406128,300000,9999835263.42577,0.0,0.0,0,0
1706,855995,-1000.4924225024711,500,False,-1970.1789527282715,7.991300273820758,0.5959213257059455,1.699986219406128,300000,9999835349.159727,0.0,0.0,0,0
1707,855996,-1002.4222051018561,500,False,-1970.1789527282715,7.991300273820758,0.5959213257059455,1.699986219406128,300000,9999835301.52975,0.0,0.0,0,0
1708,855997,-1000.0000000000002,500,False,-1970.1789527282715,7.991300273820758,0.5959213257059455,1.699986219406128,300000,9999835244.37378,0.0,0.0,0,0
1709,855998,-996.6491106406737,500,False,-1970.1789527282715,7.991300273820758,0.5959213257059455,1.699986219406128,300000,9999835320.581741,0.0,0.0,0,0
1710,855999,-996.0000000000002,500,False,-1970.1789527282715,7.991300273820758,0.5959213257059455,1.699986219406128,300000,9999835272.951765,0.0,0.0,0,0
1711,856000,-999.0713157425295,500,False,-1970.1789527282715,7.991300273820758,0.5959213257059455,1.699986219406128,300000,9999835263.42577,0.0,0.0,0,0
1712,863985,-1006.3379310480974,500,False,-1773.925484222412,6.493360737964511,0.6876446035951376,1.1145800352096558,300000,9999834996.697903,0.0,0.0,0,0
1713,863986,-1008.1952995630386,500,False,-1773.925484222412,6.493360737964511,0.6876446035951376,1.1145800352096558,300000,9999834806.177998,0.0,0.0,0,0
1714,863987,-1001.4935208443858,500,False,-1773.925484222412,6.493360737964511,0.6876446035951376,1.1145800352096558,300000,9999835015.749893,0.0,0.0,0,0
1715,863988,-1006.2655169636531,500,False,-1773.925484222412,6.493360737964511,0.6876446035951376,1.1145800352096558,300000,9999834910.963945,0.0,0.0,0,0
1716,863989,-999.0713157425297,500,False,-1773.925484222412,6.493360737964511,0.6876446035951376,1.1145800352096558,300000,9999834996.697903,0.0,0.0,0,0
1717,863990,-1009.6888204074241,500,False,-1773.925484222412,6.493360737964511,0.6876446035951376,1.1145800352096558,300000,9999834901.43795,0.0,0.0,0,0
1718,863991,-1000.492422502471,500,False,-1773.925484222412,6.493360737964511,0.6876446035951376,1.1145800352096558,300000,9999835025.275888,0.0,0.0,0,0
1719,863992,-1011.5461889223648,500,False,-1773.925484222412,6.493360737964511,0.6876446035951376,1.1145800352096558,300000,9999834749.022026,0.0,0.0,0,0
1720,863993,-1009.6888204074241,500,False,-1773.925484222412,6.493360737964511,0.6876446035951376,1.1145800352096558,300000,9999834977.645912,0.0,0.0,0,0
1721,863994,-1005.7730944611825,500,False,-1773.925484222412,6.493360737964511,0.6876446035951376,1.1145800352096558,300000,9999835072.905865,0.0,0.0,0,0
1722,863995,-1002.9146276043265,500,False,-1773.925484222412,6.493360737964511,0.6876446035951376,1.1145800352096558,300000,9999834949.067926,0.0,0.0,0,0
1723,863996,-1002.4222051018562,500,False,-1773.925484222412,6.493360737964511,0.6876446035951376,1.1145800352096558,300000,9999835053.853874,0.0,0.0,0,0
1724,863997,-999.0713157425297,500,False,-1773.925484222412,6.493360737964511,0.6876446035951376,1.1145800352096558,300000,9999835053.853874,0.0,0.0,0,0
1725,863998,-1002.422205101856,500,False,-1773.925484222412,6.493360737964511,0.6876446035951376,1.1145800352096558,300000,9999834710.918045,0.0,0.0,0,0
1726,863999,-996.649110640673,500,False,-1773.925484222412,6.493360737964511,0.6876446035951376,1.1145800352096558,300000,9999834920.48994,0.0,0.0,0,0
1727,864000,-996.6491106406736,500,False,-1773.925484222412,6.493360737964511,0.6876446035951376,1.1145800352096558,300000,9999835053.853874,0.0,0.0,0,0
1728,871985,-996.0000000000001,500,False,-1575.5425050354004,5.204584382213652,0.6797137890011072,0.753429114818573,300000,9999834758.548021,0.0,0.0,0,0
1729,871986,-1007.266615305568,500,False,-1575.5425050354004,5.204584382213652,0.6797137890011072,0.753429114818573,300000,9999834691.866055,0.0,0.0,0,0
1730,871987,-1001.4935208443856,500,False,-1575.5425050354004,5.204584382213652,0.6797137890011072,0.753429114818573,300000,9999835053.853874,0.0,0.0,0,0
1731,871988,-1000.0000000000002,500,False,-1575.5425050354004,5.204584382213652,0.6797137890011072,0.753429114818573,300000,9999834729.970036,0.0,0.0,0,0
1732,871989,-996.0000000000003,500,False,-1575.5425050354004,5.204584382213652,0.6797137890011072,0.753429114818573,300000,9999834872.859964,0.0,0.0,0,0
1733,871990,-996.6491106406739,500,False,-1575.5425050354004,5.204584382213652,0.6797137890011072,0.753429114818573,300000,9999834901.43795,0.0,0.0,0,0
1734,871991,-998.422205101856,500,False,-1575.5425050354004,5.204584382213652,0.6797137890011072,0.753429114818573,300000,9999834930.015936,0.0,0.0,0,0
1735,871992,-996.6491106406736,500,False,-1575.5425050354004,5.204584382213652,0.6797137890011072,0.753429114818573,300000,9999834882.38596,0.0,0.0,0,0
1736,871993,-1001.7730944611825,500,False,-1575.5425050354004,5.204584382213652,0.6797137890011072,0.753429114818573,300000,9999834872.859964,0.0,0.0,0,0
1737,871994,-996.6491106406735,500,False,-1575.5425050354004,5.204584382213652,0.6797137890011072,0.753429114818573,300000,9999834901.43795,0.0,0.0,0,0
1738,871995,-996.6491106406736,500,False,-1575.5425050354004,5.204584382213652,0.6797137890011072,0.753429114818573,300000,9999834901.43795,0.0,0.0,0,0
1739,871996,-1000.0000000000002,500,False,-1575.5425050354004,5.204584382213652,0.6797137890011072,0.753429114818573,300000,9999834844.281979,0.0,0.0,0,0
1740,871997,-1000.4924225024707,500,False,-1575.5425050354004,5.204584382213652,0.6797137890011072,0.753429114818573,300000,9999835025.275888,0.0,0.0,0,0
1741,871998,-1002.9146276043263,500,False,-1575.5425050354004,5.204584382213652,0.6797137890011072,0.753429114818573,300000,9999834891.911955,0.0,0.0,0,0
1742,871999,-996.0000000000003,500,False,-1575.5425050354004,5.204584382213652,0.6797137890011072,0.753429114818573,300000,9999834949.067926,0.0,0.0,0,0
1743,872000,-1002.914627604327,500,False,-1575.5425050354004,5.204584382213652,0.6797137890011072,0.753429114818573,300000,9999834872.859964,0.0,0.0,0,0
1744,879985,-998.4222051018559,500,False,-1395.8787511291505,4.776291942086071,0.6628118068128824,0.5133281946182251,300000,9999834510.872145,0.0,0.0,0,0
1745,879986,-996.6491106406735,500,False,-1395.8787511291505,4.776291942086071,0.6628118068128824,0.5133281946182251,300000,9999834425.138187,0.0,0.0,0,0
1746,879987,-1000.0000000000002,500,False,-1395.8787511291505,4.776291942086071,0.6628118068128824,0.5133281946182251,300000,9999834482.294159,0.0,0.0,0,0
1747,879988,-998.4222051018559,500,False,-1395.8787511291505,4.776291942086071,0.6628118068128824,0.5133281946182251,300000,9999834377.508211,0.0,0.0,0,0
1748,879989,-996.6491106406738,500,False,-1395.8787511291505,4.776291942086071,0.6628118068128824,0.5133281946182251,300000,9999834387.034206,0.0,0.0,0,0
1749,879990,-999.0713157425295,500,False,-1395.8787511291505,4.776291942086071,0.6628118068128824,0.5133281946182251,300000,9999834215.566292,0.0,0.0,0,0
1750,879991,-1002.4222051018555,500,False,-1395.8787511291505,4.776291942086071,0.6628118068128824,0.5133281946182251,300000,9999834387.034206,0.0,0.0,0,0
1751,879992,-1001.4935208443856,500,False,-1395.8787511291505,4.776291942086071,0.6628118068128824,0.5133281946182251,300000,9999834482.294159,0.0,0.0,0,0
1752,879993,-996.0000000000001,500,False,-1395.8787511291505,4.776291942086071,0.6628118068128824,0.5133281946182251,300000,9999834167.936316,0.0,0.0,0,0
1753,879994,-1000.0000000000002,500,False,-1395.8787511291505,4.776291942086071,0.6628118068128824,0.5133281946182251,300000,9999834348.930225,0.0,0.0,0,0
1754,879995,-1007.266615305568,500,False,-1395.8787511291505,4.776291942086071,0.6628118068128824,0.5133281946182251,300000,9999834253.670273,0.0,0.0,0,0
1755,879996,-1001.4935208443854,500,False,-1395.8787511291505,4.776291942086071,0.6628118068128824,0.5133281946182251,300000,9999834348.930225,0.0,0.0,0,0
1756,879997,-998.422205101856,500,False,-1395.8787511291505,4.776291942086071,0.6628118068128824,0.5133281946182251,300000,9999834148.884325,0.0,0.0,0,0
1757,879998,-1005.3368327061823,500,False,-1395.8787511291505,4.776291942086071,0.6628118068128824,0.5133281946182251,300000,9999834434.664183,0.0,0.0,0,0
1758,879999,-996.6491106406734,500,False,-1395.8787511291505,4.776291942086071,0.6628118068128824,0.5133281946182251,300000,9999834082.202358,0.0,0.0,0,0
1759,880000,-1005.3368327061827,500,False,-1395.8787511291505,4.776291942086071,0.6628118068128824,0.5133281946182251,300000,9999834415.612192,0.0,0.0,0,0
1760,887985,-1067.2312042222466,500,False,-1243.7020364379882,4.510419111095369,0.4272903712285333,0.5486387014389038,300000,9999833948.838425,0.0,0.0,0,0
1761,887986,-1080.049323587481,500,False,-1243.7020364379882,4.510419111095369,0.4272903712285333,0.5486387014389038,300000,9999834110.780344,0.0,0.0,0,0
1762,887987,-1074.2762291262984,500,False,-1243.7020364379882,4.510419111095369,0.4272903712285333,0.5486387014389038,300000,9999834148.884325,0.0,0.0,0,0
1763,887988,-1074.2762291262984,500,False,-1243.7020364379882,4.510419111095369,0.4272903712285333,0.5486387014389038,300000,9999833882.156458,0.0,0.0,0,0
1764,887989,-1074.2762291262982,500,False,-1243.7020364379882,4.510419111095369,0.4272903712285333,0.5486387014389038,300000,9999834072.676363,0.0,0.0,0,0
1765,887990,-1069.5743499727541,500,False,-1243.7020364379882,4.510419111095369,0.4272903712285333,0.5486387014389038,300000,9999834196.514301,0.0,0.0,0,0
1766,887991,-1074.2762291262984,500,False,-1243.7020364379882,4.510419111095369,0.4272903712285333,0.5486387014389038,300000,9999834091.728354,0.0,0.0,0,0
1767,887992,-1075.8332216695035,500,False,-1243.7020364379882,4.510419111095369,0.4272903712285333,0.5486387014389038,300000,9999834120.30634,0.0,0.0,0,0
1768,887993,-1075.8332216695037,500,False,-1243.7020364379882,4.510419111095369,0.4272903712285333,0.5486387014389038,300000,9999834044.098377,0.0,0.0,0,0
1769,887994,-1072.9408269846094,500,False,-1243.7020364379882,4.510419111095369,0.4272903712285333,0.5486387014389038,300000,9999834110.780344,0.0,0.0,0,0
1770,887995,-1073.3319572162993,500,False,-1243.7020364379882,4.510419111095369,0.4272903712285333,0.5486387014389038,300000,9999833910.734444,0.0,0.0,0,0
1771,887996,-1069.5743499727541,500,False,-1243.7020364379882,4.510419111095369,0.4272903712285333,0.5486387014389038,300000,9999834082.202358,0.0,0.0,0,0
1772,887997,-1072.9408269846094,500,False,-1243.7020364379882,4.510419111095369,0.4272903712285333,0.5486387014389038,300000,9999834186.988306,0.0,0.0,0,0
1773,887998,-1065.5743499727541,500,False,-1243.7020364379882,4.510419111095369,0.4272903712285333,0.5486387014389038,300000,9999834186.988306,0.0,0.0,0,0
1774,887999,-1075.754162318155,500,False,-1243.7020364379882,4.510419111095369,0.4272903712285333,0.5486387014389038,300000,9999834101.254349,0.0,0.0,0,0
1775,888000,-1071.9965550746101,500,False,-1243.7020364379882,4.510419111095369,0.4272903712285333,0.5486387014389038,300000,9999834215.566292,0.0,0.0,0,0
1776,895985,-999.0713157425295,500,False,-1158.7357302246094,4.402887414619326,0.3865995863103162,0.5817015767097473,300000,9999835434.893684,0.0,0.0,0,0
1777,895986,-1002.9146276043266,500,False,-1158.7357302246094,4.402887414619326,0.3865995863103162,0.5817015767097473,300000,9999835425.36769,0.0,0.0,0,0
1778,895987,-1002.9146276043266,500,False,-1158.7357302246094,4.402887414619326,0.3865995863103162,0.5817015767097473,300000,9999835463.47167,0.0,0.0,0,0
1779,895988,-998.422205101856,500,False,-1158.7357302246094,4.402887414619326,0.3865995863103162,0.5817015767097473,300000,9999835463.47167,0.0,0.0,0,0
1780,895989,-999.0713157425295,500,False,-1158.7357302246094,4.402887414619326,0.3865995863103162,0.5817015767097473,300000,9999835472.997665,0.0,0.0,0,0
1781,895990,-1002.422205101856,500,False,-1158.7357302246094,4.402887414619326,0.3865995863103162,0.5817015767097473,300000,9999835472.997665,0.0,0.0,0,0
1782,895991,-1002.9146276043266,500,False,-1158.7357302246094,4.402887414619326,0.3865995863103162,0.5817015767097473,300000,9999835425.36769,0.0,0.0,0,0
1783,895992,-999.0713157425295,500,False,-1158.7357302246094,4.402887414619326,0.3865995863103162,0.5817015767097473,300000,9999835453.945675,0.0,0.0,0,0
1784,895993,-999.0713157425295,500,False,-1158.7357302246094,4.402887414619326,0.3865995863103162,0.5817015767097473,300000,9999835472.997665,0.0,0.0,0,0
1785,895994,-999.0713157425295,500,False,-1158.7357302246094,4.402887414619326,0.3865995863103162,0.5817015767097473,300000,9999835396.789703,0.0,0.0,0,0
1786,895995,-1002.9146276043266,500,False,-1158.7357302246094,4.402887414619326,0.3865995863103162,0.5817015767097473,300000,9999835425.36769,0.0,0.0,0,0
1787,895996,-999.0713157425295,500,False,-1158.7357302246094,4.402887414619326,0.3865995863103162,0.5817015767097473,300000,9999835472.997665,0.0,0.0,0,0
1788,895997,-999.0713157425295,500,False,-1158.7357302246094,4.402887414619326,0.3865995863103162,0.5817015767097473,300000,9999835415.841694,0.0,0.0,0,0
1789,895998,-1006.818283156227,500,False,-1158.7357302246094,4.402887414619326,0.3865995863103162,0.5817015767097473,300000,9999835453.945675,0.0,0.0,0,0
1790,895999,-1002.9146276043266,500,False,-1158.7357302246094,4.402887414619326,0.3865995863103162,0.5817015767097473,300000,9999835463.47167,0.0,0.0,0,0
1791,896000,-998.422205101856,500,False,-1158.7357302246094,4.402887414619326,0.3865995863103162,0.5817015767097473,300000,9999835463.47167,0.0,0.0,0,0
1792,903985,-998.4222051018562,500,False,-1049.3438621063233,4.099594113070518,0.6092531742230057,0.4508053958415985,300000,9999833748.792524,0.0,0.0,0,0
1793,903986,-998.4222051018563,500,False,-1049.3438621063233,4.099594113070518,0.6092531742230057,0.4508053958415985,300000,9999833825.000486,0.0,0.0,0,0
1794,903987,-998.4222051018563,500,False,-1049.3438621063233,4.099594113070518,0.6092531742230057,0.4508053958415985,300000,9999834263.196268,0.0,0.0,0,0
1795,903988,-1002.9146276043269,500,False,-1049.3438621063233,4.099594113070518,0.6092531742230057,0.4508053958415985,300000,9999834758.548021,0.0,0.0,0,0
1796,903989,-1000.8444102037122,500,False,-1049.3438621063233,4.099594113070518,0.6092531742230057,0.4508053958415985,300000,9999833577.32461,0.0,0.0,0,0
1797,903990,-1003.2666153055679,500,False,-1049.3438621063233,4.099594113070518,0.6092531742230057,0.4508053958415985,300000,9999832834.29698,0.0,0.0,0,0
1798,903991,-998.4222051018561,500,False,-1049.3438621063233,4.099594113070518,0.6092531742230057,0.4508053958415985,300000,9999834225.092287,0.0,0.0,0,0
1799,903992,-999.0713157425296,500,False,-1049.3438621063233,4.099594113070518,0.6092531742230057,0.4508053958415985,300000,9999833415.38269,0.0,0.0,0,0
1800,903993,-999.0713157425296,500,False,-1049.3438621063233,4.099594113070518,0.6092531742230057,0.4508053958415985,300000,9999832519.939137,0.0,0.0,0,0
1801,903994,-999.0713157425297,500,False,-1049.3438621063233,4.099594113070518,0.6092531742230057,0.4508053958415985,300000,9999833872.630463,0.0,0.0,0,0
1802,903995,-998.4222051018568,500,False,-1049.3438621063233,4.099594113070518,0.6092531742230057,0.4508053958415985,300000,9999834682.34006,0.0,0.0,0,0
1803,903996,-998.4222051018563,500,False,-1049.3438621063233,4.099594113070518,0.6092531742230057,0.4508053958415985,300000,9999834110.780344,0.0,0.0,0,0
1804,903997,-998.422205101856,500,False,-1049.3438621063233,4.099594113070518,0.6092531742230057,0.4508053958415985,300000,9999833786.896505,0.0,0.0,0,0
1805,903998,-1003.2666153055682,500,False,-1049.3438621063233,4.099594113070518,0.6092531742230057,0.4508053958415985,300000,9999833939.31243,0.0,0.0,0,0
1806,903999,-998.4222051018564,500,False,-1049.3438621063233,4.099594113070518,0.6092531742230057,0.4508053958415985,300000,9999833405.856695,0.0,0.0,0,0
1807,904000,-1001.4935208443856,500,False,-1049.3438621063233,4.099594113070518,0.6092531742230057,0.4508053958415985,300000,9999833548.746624,0.0,0.0,0,0
1808,911985,-1000.4924225024711,500,False,-964.5612618713379,4.300513345897198,0.6083114023953676,0.31028318405151367,300000,9999835311.055746,0.0,0.0,0,0
1809,911986,-1000.4924225024708,500,False,-964.5612618713379,4.300513345897198,0.6083114023953676,0.31028318405151367,300000,9999835234.847784,0.0,0.0,0,0
1810,911987,-1000.492422502471,500,False,-964.5612618713379,4.300513345897198,0.6083114023953676,0.31028318405151367,300000,9999835272.951765,0.0,0.0,0,0
1811,911988,-998.422205101856,500,False,-964.5612618713379,4.300513345897198,0.6083114023953676,0.31028318405151367,300000,9999832967.660913,0.0,0.0,0,0
1812,911989,-1000.4924225024711,500,False,-964.5612618713379,4.300513345897198,0.6083114023953676,0.31028318405151367,300000,9999835215.795794,0.0,0.0,0,0
1813,911990,-1002.1798123454007,500,False,-964.5612618713379,4.300513345897198,0.6083114023953676,0.31028318405151367,300000,9999833501.116648,0.0,0.0,0,0
1814,911991,-1004.3960780543714,500,False,-964.5612618713379,4.300513345897198,0.6083114023953676,0.31028318405151367,300000,9999835282.47776,0.0,0.0,0,0
1815,911992,-1004.3960780543715,500,False,-964.5612618713379,4.300513345897198,0.6083114023953676,0.31028318405151367,300000,9999835377.737713,0.0,0.0,0,0
1816,911993,-1004.3960780543715,500,False,-964.5612618713379,4.300513345897198,0.6083114023953676,0.31028318405151367,300000,9999835282.47776,0.0,0.0,0,0
1817,911994,-1002.9146276043268,500,False,-964.5612618713379,4.300513345897198,0.6083114023953676,0.31028318405151367,300000,9999834910.963945,0.0,0.0,0,0
1818,911995,-1000.4924225024711,500,False,-964.5612618713379,4.300513345897198,0.6083114023953676,0.31028318405151367,300000,9999835272.951765,0.0,0.0,0,0
1819,911996,-1000.4924225024706,500,False,-964.5612618713379,4.300513345897198,0.6083114023953676,0.31028318405151367,300000,9999835292.003756,0.0,0.0,0,0
1820,911997,-998.422205101856,500,False,-964.5612618713379,4.300513345897198,0.6083114023953676,0.31028318405151367,300000,9999832777.141008,0.0,0.0,0,0
1821,911998,-1000.4924225024712,500,False,-964.5612618713379,4.300513345897198,0.6083114023953676,0.31028318405151367,300000,9999835272.951765,0.0,0.0,0,0
1822,911999,-1004.3960780543713,500,False,-964.5612618713379,4.300513345897198,0.6083114023953676,0.31028318405151367,300000,9999835244.37378,0.0,0.0,0,0
1823,912000,-1000.4924225024711,500,False,-964.5612618713379,4.300513345897198,0.6083114023953676,0.31028318405151367,300000,9999835253.899775,0.0,0.0,0,0
1824,919985,-998.4222051018561,500,False,-891.0632482604981,4.221542342547327,0.620877739727497,0.20387403666973114,300000,9999834625.184088,0.0,0.0,0,0
1825,919986,-996.6491106406735,500,False,-891.0632482604981,4.221542342547327,0.620877739727497,0.20387403666973114,300000,9999835263.42577,0.0,0.0,0,0
1826,919987,-992.9442719099992,500,False,-891.0632482604981,4.221542342547327,0.620877739727497,0.20387403666973114,300000,9999835292.003756,0.0,0.0,0,0
1827,919988,-996.6491106406735,500,False,-891.0632482604981,4.221542342547327,0.620877739727497,0.20387403666973114,300000,9999835244.37378,0.0,0.0,0,0
1828,919989,-992.9442719099991,500,False,-891.0632482604981,4.221542342547327,0.620877739727497,0.20387403666973114,300000,9999835196.743803,0.0,0.0,0,0
1829,919990,-996.6491106406736,500,False,-891.0632482604981,4.221542342547327,0.620877739727497,0.20387403666973114,300000,9999835168.165817,0.0,0.0,0,0
1830,919991,-996.6491106406736,500,False,-891.0632482604981,4.221542342547327,0.620877739727497,0.20387403666973114,300000,9999835282.47776,0.0,0.0,0,0
1831,919992,-996.6491106406737,500,False,-891.0632482604981,4.221542342547327,0.620877739727497,0.20387403666973114,300000,9999835206.269798,0.0,0.0,0,0
1832,919993,-994.4222051018562,500,False,-891.0632482604981,4.221542342547327,0.620877739727497,0.20387403666973114,300000,9999834806.177998,0.0,0.0,0,0
1833,919994,-996.6491106406736,500,False,-891.0632482604981,4.221542342547327,0.620877739727497,0.20387403666973114,300000,9999835206.269798,0.0,0.0,0,0
1834,919995,-996.6491106406736,500,False,-891.0632482604981,4.221542342547327,0.620877739727497,0.20387403666973114,300000,9999835206.269798,0.0,0.0,0,0
1835,919996,-994.422205101856,500,False,-891.0632482604981,4.221542342547327,0.620877739727497,0.20387403666973114,300000,9999831891.22345,0.0,0.0,0,0
1836,919997,-996.6491106406736,500,False,-891.0632482604981,4.221542342547327,0.620877739727497,0.20387403666973114,300000,9999835206.269798,0.0,0.0,0,0
1837,919998,-996.6491106406736,500,False,-891.0632482604981,4.221542342547327,0.620877739727497,0.20387403666973114,300000,9999835301.52975,0.0,0.0,0,0
1838,919999,-996.6491106406735,500,False,-891.0632482604981,4.221542342547327,0.620877739727497,0.20387403666973114,300000,9999835206.269798,0.0,0.0,0,0
1839,920000,-996.6491106406736,500,False,-891.0632482604981,4.221542342547327,0.620877739727497,0.20387403666973114,300000,9999835244.37378,0.0,0.0,0,0
1840,927985,-996.6491106406736,500,False,-814.48925100708,3.8778241754844784,0.5286611462086439,0.17508170008659363,300000,9999834729.970036,0.0,0.0,0,0
1841,927986,-992.9442719099992,500,False,-814.48925100708,3.8778241754844784,0.5286611462086439,0.17508170008659363,300000,9999834606.132097,0.0,0.0,0,0
1842,927987,-992.9442719099992,500,False,-814.48925100708,3.8778241754844784,0.5286611462086439,0.17508170008659363,300000,9999834587.080107,0.0,0.0,0,0
1843,927988,-996.0,500,False,-814.48925100708,3.8778241754844784,0.5286611462086439,0.17508170008659363,300000,9999834663.288069,0.0,0.0,0,0
1844,927989,-996.6491106406736,500,False,-814.48925100708,3.8778241754844784,0.5286611462086439,0.17508170008659363,300000,9999834482.294159,0.0,0.0,0,0
1845,927990,-996.6491106406735,500,False,-814.48925100708,3.8778241754844784,0.5286611462086439,0.17508170008659363,300000,9999834482.294159,0.0,0.0,0,0
1846,927991,-996.0000000000001,500,False,-814.48925100708,3.8778241754844784,0.5286611462086439,0.17508170008659363,300000,9999834777.600012,0.0,0.0,0,0
1847,927992,-996.0,500,False,-814.48925100708,3.8778241754844784,0.5286611462086439,0.17508170008659363,300000,9999834758.548021,0.0,0.0,0,0
1848,927993,-992.9442719099992,500,False,-814.48925100708,3.8778241754844784,0.5286611462086439,0.17508170008659363,300000,9999834663.288069,0.0,0.0,0,0
1849,927994,-992.9442719099991,500,False,-814.48925100708,3.8778241754844784,0.5286611462086439,0.17508170008659363,300000,9999834587.080107,0.0,0.0,0,0
1850,927995,-994.4222051018561,500,False,-814.48925100708,3.8778241754844784,0.5286611462086439,0.17508170008659363,300000,9999834482.294159,0.0,0.0,0,0
1851,927996,-992.9442719099992,500,False,-814.48925100708,3.8778241754844784,0.5286611462086439,0.17508170008659363,300000,9999834529.924135,0.0,0.0,0,0
1852,927997,-996.6491106406734,500,False,-814.48925100708,3.8778241754844784,0.5286611462086439,0.17508170008659363,300000,9999834596.606102,0.0,0.0,0,0
1853,927998,-998.422205101856,500,False,-814.48925100708,3.8778241754844784,0.5286611462086439,0.17508170008659363,300000,9999833901.208448,0.0,0.0,0,0
1854,927999,-996.6491106406735,500,False,-814.48925100708,3.8778241754844784,0.5286611462086439,0.17508170008659363,300000,9999834425.138187,0.0,0.0,0,0
1855,928000,-1000.4924225024706,500,False,-814.48925100708,3.8778241754844784,0.5286611462086439,0.17508170008659363,300000,9999834510.872145,0.0,0.0,0,0
1856,935985,-996.6491106406736,500,False,-742.7803428649902,4.071520736955106,0.47660604237020016,0.18459071218967438,300000,9999834387.034206,0.0,0.0,0,0
1857,935986,-992.9442719099991,500,False,-742.7803428649902,4.071520736955106,0.47660604237020016,0.18459071218967438,300000,9999834263.196268,0.0,0.0,0,0
1858,935987,-996.6491106406737,500,False,-742.7803428649902,4.071520736955106,0.47660604237020016,0.18459071218967438,300000,9999834234.618282,0.0,0.0,0,0
1859,935988,-992.9442719099992,500,False,-742.7803428649902,4.071520736955106,0.47660604237020016,0.18459071218967438,300000,9999834301.30025,0.0,0.0,0,0
1860,935989,-992.9442719099991,500,False,-742.7803428649902,4.071520736955106,0.47660604237020016,0.18459071218967438,300000,9999834225.092287,0.0,0.0,0,0
1861,935990,-992.9442719099991,500,False,-742.7803428649902,4.071520736955106,0.47660604237020016,0.18459071218967438,300000,9999834320.35224,0.0,0.0,0,0
1862,935991,-996.6491106406736,500,False,-742.7803428649902,4.071520736955106,0.47660604237020016,0.18459071218967438,300000,9999834444.190178,0.0,0.0,0,0
1863,935992,-996.6491106406736,500,False,-742.7803428649902,4.071520736955106,0.47660604237020016,0.18459071218967438,300000,9999834329.878235,0.0,0.0,0,0
1864,935993,-996.6491106406736,500,False,-742.7803428649902,4.071520736955106,0.47660604237020016,0.18459071218967438,300000,9999834367.982216,0.0,0.0,0,0
1865,935994,-996.6491106406735,500,False,-742.7803428649902,4.071520736955106,0.47660604237020016,0.18459071218967438,300000,9999834367.982216,0.0,0.0,0,0
1866,935995,-996.0000000000001,500,False,-742.7803428649902,4.071520736955106,0.47660604237020016,0.18459071218967438,300000,9999834110.780344,0.0,0.0,0,0
1867,935996,-996.6491106406737,500,False,-742.7803428649902,4.071520736955106,0.47660604237020016,0.18459071218967438,300000,9999834158.41032,0.0,0.0,0,0
1868,935997,-996.6491106406736,500,False,-742.7803428649902,4.071520736955106,0.47660604237020016,0.18459071218967438,300000,9999834215.566292,0.0,0.0,0,0
1869,935998,-996.6491106406736,500,False,-742.7803428649902,4.071520736955106,0.47660604237020016,0.18459071218967438,300000,9999834329.878235,0.0,0.0,0,0
1870,935999,-998.422205101856,500,False,-742.7803428649902,4.071520736955106,0.47660604237020016,0.18459071218967438,300000,9999832034.113379,0.0,0.0,0,0
1871,936000,-996.6491106406735,500,False,-742.7803428649902,4.071520736955106,0.47660604237020016,0.18459071218967438,300000,9999834406.086197,0.0,0.0,0,0
1872,943985,-998.4222051018561,500,False,-683.1580381774902,4.127141275957227,0.4074476713687181,0.25328850746154785,300000,9999832281.789255,0.0,0.0,0,0
1873,943986,-996.6491106406736,500,False,-683.1580381774902,4.127141275957227,0.4074476713687181,0.25328850746154785,300000,9999833548.746624,0.0,0.0,0,0
1874,943987,-992.9442719099992,500,False,-683.1580381774902,4.127141275957227,0.4074476713687181,0.25328850746154785,300000,9999833482.064657,0.0,0.0,0,0
1875,943988,-992.9442719099991,500,False,-683.1580381774902,4.127141275957227,0.4074476713687181,0.25328850746154785,300000,9999833520.168638,0.0,0.0,0,0
1876,943989,-992.9442719099991,500,False,-683.1580381774902,4.127141275957227,0.4074476713687181,0.25328850746154785,300000,9999833558.27262,0.0,0.0,0,0
1877,943990,-998.4222051018561,500,False,-683.1580381774902,4.127141275957227,0.4074476713687181,0.25328850746154785,300000,9999832929.556932,0.0,0.0,0,0
1878,943991,-996.6491106406736,500,False,-683.1580381774902,4.127141275957227,0.4074476713687181,0.25328850746154785,300000,9999833529.694633,0.0,0.0,0,0
1879,943992,-992.9442719099992,500,False,-683.1580381774902,4.127141275957227,0.4074476713687181,0.25328850746154785,300000,9999833691.636553,0.0,0.0,0,0
1880,943993,-996.6491106406736,500,False,-683.1580381774902,4.127141275957227,0.4074476713687181,0.25328850746154785,300000,9999833529.694633,0.0,0.0,0,0
1881,943994,-998.422205101856,500,False,-683.1580381774902,4.127141275957227,0.4074476713687181,0.25328850746154785,300000,9999831462.553663,0.0,0.0,0,0
1882,943995,-996.6491106406734,500,False,-683.1580381774902,4.127141275957227,0.4074476713687181,0.25328850746154785,300000,9999833586.850605,0.0,0.0,0,0
1883,943996,-996.6491106406735,500,False,-683.1580381774902,4.127141275957227,0.4074476713687181,0.25328850746154785,300000,9999833567.798615,0.0,0.0,0,0
1884,943997,-998.4222051018561,500,False,-683.1580381774902,4.127141275957227,0.4074476713687181,0.25328850746154785,300000,9999832415.153189,0.0,0.0,0,0
1885,943998,-996.6491106406736,500,False,-683.1580381774902,4.127141275957227,0.4074476713687181,0.25328850746154785,300000,9999833605.902596,0.0,0.0,0,0
1886,943999,-998.422205101856,500,False,-683.1580381774902,4.127141275957227,0.4074476713687181,0.25328850746154785,300000,9999831386.345701,0.0,0.0,0,0
1887,944000,-996.6491106406736,500,False,-683.1580381774902,4.127141275957227,0.4074476713687181,0.25328850746154785,300000,9999833453.486671,0.0,0.0,0,0
1888,951985,-998.422205101856,500,False,-630.3542621154785,4.077430963553488,0.5117453607618809,0.24436824023723602,300000,9999831748.33352,0.0,0.0,0,0
1889,951986,-998.422205101856,500,False,-630.3542621154785,4.077430963553488,0.5117453607618809,0.24436824023723602,300000,9999831976.957407,0.0,0.0,0,0
1890,951987,-998.422205101856,500,False,-630.3542621154785,4.077430963553488,0.5117453607618809,0.24436824023723602,300000,9999832015.061388,0.0,0.0,0,0
1891,951988,-998.422205101856,500,False,-630.3542621154785,4.077430963553488,0.5117453607618809,0.24436824023723602,300000,9999831729.28153,0.0,0.0,0,0
1892,951989,-998.422205101856,500,False,-630.3542621154785,4.077430963553488,0.5117453607618809,0.24436824023723602,300000,9999831843.593473,0.0,0.0,0,0
1893,951990,-998.422205101856,500,False,-630.3542621154785,4.077430963553488,0.5117453607618809,0.24436824023723602,300000,9999831976.957407,0.0,0.0,0,0
1894,951991,-998.422205101856,500,False,-630.3542621154785,4.077430963553488,0.5117453607618809,0.24436824023723602,300000,9999832072.21736,0.0,0.0,0,0
1895,951992,-998.422205101856,500,False,-630.3542621154785,4.077430963553488,0.5117453607618809,0.24436824023723602,300000,9999831710.22954,0.0,0.0,0,0
1896,951993,-994.422205101856,500,False,-630.3542621154785,4.077430963553488,0.5117453607618809,0.24436824023723602,300000,9999831605.443592,0.0,0.0,0,0
1897,951994,-998.422205101856,500,False,-630.3542621154785,4.077430963553488,0.5117453607618809,0.24436824023723602,300000,9999832205.581293,0.0,0.0,0,0
1898,951995,-998.422205101856,500,False,-630.3542621154785,4.077430963553488,0.5117453607618809,0.24436824023723602,300000,9999831729.28153,0.0,0.0,0,0
1899,951996,-994.422205101856,500,False,-630.3542621154785,4.077430963553488,0.5117453607618809,0.24436824023723602,300000,9999832119.847336,0.0,0.0,0,0
1900,951997,-998.422205101856,500,False,-630.3542621154785,4.077430963553488,0.5117453607618809,0.24436824023723602,300000,9999831900.749445,0.0,0.0,0,0
1901,951998,-994.422205101856,500,False,-630.3542621154785,4.077430963553488,0.5117453607618809,0.24436824023723602,300000,9999831910.27544,0.0,0.0,0,0
1902,951999,-998.422205101856,500,False,-630.3542621154785,4.077430963553488,0.5117453607618809,0.24436824023723602,300000,9999831748.33352,0.0,0.0,0,0
1903,952000,-998.422205101856,500,False,-630.3542621154785,4.077430963553488,0.5117453607618809,0.24436824023723602,300000,9999831538.761625,0.0,0.0,0,0
1904,959985,-994.422205101856,500,False,-581.3921125488281,4.007570044651628,0.3558457651883364,0.36637818813323975,300000,9999832462.783165,0.0,0.0,0,0
1905,959986,-994.422205101856,500,False,-581.3921125488281,4.007570044651628,0.3558457651883364,0.36637818813323975,300000,9999832348.471222,0.0,0.0,0,0
1906,959987,-998.422205101856,500,False,-581.3921125488281,4.007570044651628,0.3558457651883364,0.36637818813323975,300000,9999832300.841246,0.0,0.0,0,0
1907,959988,-994.422205101856,500,False,-581.3921125488281,4.007570044651628,0.3558457651883364,0.36637818813323975,300000,9999832348.471222,0.0,0.0,0,0
1908,959989,-998.422205101856,500,False,-581.3921125488281,4.007570044651628,0.3558457651883364,0.36637818813323975,300000,9999832415.153189,0.0,0.0,0,0
1909,959990,-998.422205101856,500,False,-581.3921125488281,4.007570044651628,0.3558457651883364,0.36637818813323975,300000,9999832472.30916,0.0,0.0,0,0
1910,959991,-998.422205101856,500,False,-581.3921125488281,4.007570044651628,0.3558457651883364,0.36637818813323975,300000,9999832415.153189,0.0,0.0,0,0
1911,959992,-994.422205101856,500,False,-581.3921125488281,4.007570044651628,0.3558457651883364,0.36637818813323975,300000,9999832348.471222,0.0,0.0,0,0
1912,959993,-998.422205101856,500,False,-581.3921125488281,4.007570044651628,0.3558457651883364,0.36637818813323975,300000,9999832167.477312,0.0,0.0,0,0
1913,959994,-998.422205101856,500,False,-581.3921125488281,4.007570044651628,0.3558457651883364,0.36637818813323975,300000,9999832338.945227,0.0,0.0,0,0
1914,959995,-994.422205101856,500,False,-581.3921125488281,4.007570044651628,0.3558457651883364,0.36637818813323975,300000,9999832558.043118,0.0,0.0,0,0
1915,959996,-998.422205101856,500,False,-581.3921125488281,4.007570044651628,0.3558457651883364,0.36637818813323975,300000,9999832338.945227,0.0,0.0,0,0
1916,959997,-998.422205101856,500,False,-581.3921125488281,4.007570044651628,0.3558457651883364,0.36637818813323975,300000,9999832319.893236,0.0,0.0,0,0
1917,959998,-998.422205101856,500,False,-581.3921125488281,4.007570044651628,0.3558457651883364,0.36637818813323975,300000,9999832262.737265,0.0,0.0,0,0
1918,959999,-994.422205101856,500,False,-581.3921125488281,4.007570044651628,0.3558457651883364,0.36637818813323975,300000,9999832367.523212,0.0,0.0,0,0
1919,960000,-998.422205101856,500,False,-581.3921125488281,4.007570044651628,0.3558457651883364,0.36637818813323975,300000,9999832300.841246,0.0,0.0,0,0
1920,967985,-998.422205101856,500,False,-540.3379110946655,3.5973604962415995,0.6186184497624636,0.26363807916641235,300000,9999833158.180819,0.0,0.0,0,0
1921,967986,-998.422205101856,500,False,-540.3379110946655,3.5973604962415995,0.6186184497624636,0.26363807916641235,300000,9999833043.868876,0.0,0.0,0,0
1922,967987,-998.422205101856,500,False,-540.3379110946655,3.5973604962415995,0.6186184497624636,0.26363807916641235,300000,9999833234.38878,0.0,0.0,0,0
1923,967988,-998.422205101856,500,False,-540.3379110946655,3.5973604962415995,0.6186184497624636,0.26363807916641235,300000,9999833005.764894,0.0,0.0,0,0
1924,967989,-994.422205101856,500,False,-540.3379110946655,3.5973604962415995,0.6186184497624636,0.26363807916641235,300000,9999833243.914776,0.0,0.0,0,0
1925,967990,-998.422205101856,500,False,-540.3379110946655,3.5973604962415995,0.6186184497624636,0.26363807916641235,300000,9999832929.556932,0.0,0.0,0,0
1926,967991,-998.422205101856,500,False,-540.3379110946655,3.5973604962415995,0.6186184497624636,0.26363807916641235,300000,9999833196.2848,0.0,0.0,0,0
1927,967992,-994.422205101856,500,False,-540.3379110946655,3.5973604962415995,0.6186184497624636,0.26363807916641235,300000,9999832939.082928,0.0,0.0,0,0
1928,967993,-1002.1798123454007,500,False,-540.3379110946655,3.5973604962415995,0.6186184497624636,0.26363807916641235,300000,9999833062.920866,0.0,0.0,0,0
1929,967994,-998.422205101856,500,False,-540.3379110946655,3.5973604962415995,0.6186184497624636,0.26363807916641235,300000,9999832834.29698,0.0,0.0,0,0
1930,967995,-994.422205101856,500,False,-540.3379110946655,3.5973604962415995,0.6186184497624636,0.26363807916641235,300000,9999832996.2389,0.0,0.0,0,0
1931,967996,-994.422205101856,500,False,-540.3379110946655,3.5973604962415995,0.6186184497624636,0.26363807916641235,300000,9999833301.070747,0.0,0.0,0,0
1932,967997,-994.422205101856,500,False,-540.3379110946655,3.5973604962415995,0.6186184497624636,0.26363807916641235,300000,9999833167.706814,0.0,0.0,0,0
1933,967998,-998.422205101856,500,False,-540.3379110946655,3.5973604962415995,0.6186184497624636,0.26363807916641235,300000,9999833062.920866,0.0,0.0,0,0
1934,967999,-998.1798123454007,500,False,-540.3379110946655,3.5973604962415995,0.6186184497624636,0.26363807916641235,300000,9999833129.602833,0.0,0.0,0,0
1935,968000,-998.422205101856,500,False,-540.3379110946655,3.5973604962415995,0.6186184497624636,0.26363807916641235,300000,9999833043.868876,0.0,0.0,0,0
1936,975985,-998.422205101856,500,False,-498.7987777481079,3.7551781786046923,0.5824765964448452,0.20078565180301666,300000,9999833139.128828,0.0,0.0,0,0
1937,975986,-998.422205101856,500,False,-498.7987777481079,3.7551781786046923,0.5824765964448452,0.20078565180301666,300000,9999832986.712904,0.0,0.0,0,0
1938,975987,-998.422205101856,500,False,-498.7987777481079,3.7551781786046923,0.5824765964448452,0.20078565180301666,300000,9999832986.712904,0.0,0.0,0,0
1939,975988,-998.422205101856,500,False,-498.7987777481079,3.7551781786046923,0.5824765964448452,0.20078565180301666,300000,9999833101.024847,0.0,0.0,0,0
1940,975989,-998.422205101856,500,False,-498.7987777481079,3.7551781786046923,0.5824765964448452,0.20078565180301666,300000,9999832872.40096,0.0,0.0,0,0
1941,975990,-998.422205101856,500,False,-498.7987777481079,3.7551781786046923,0.5824765964448452,0.20078565180301666,300000,9999832891.452951,0.0,0.0,0,0
1942,975991,-998.422205101856,500,False,-498.7987777481079,3.7551781786046923,0.5824765964448452,0.20078565180301666,300000,9999832872.40096,0.0,0.0,0,0
1943,975992,-998.422205101856,500,False,-498.7987777481079,3.7551781786046923,0.5824765964448452,0.20078565180301666,300000,9999833005.764894,0.0,0.0,0,0
1944,975993,-998.422205101856,500,False,-498.7987777481079,3.7551781786046923,0.5824765964448452,0.20078565180301666,300000,9999832872.40096,0.0,0.0,0,0
1945,975994,-998.422205101856,500,False,-498.7987777481079,3.7551781786046923,0.5824765964448452,0.20078565180301666,300000,9999832967.660913,0.0,0.0,0,0
1946,975995,-998.422205101856,500,False,-498.7987777481079,3.7551781786046923,0.5824765964448452,0.20078565180301666,300000,9999833024.816885,0.0,0.0,0,0
1947,975996,-998.422205101856,500,False,-498.7987777481079,3.7551781786046923,0.5824765964448452,0.20078565180301666,300000,9999833024.816885,0.0,0.0,0,0
1948,975997,-998.422205101856,500,False,-498.7987777481079,3.7551781786046923,0.5824765964448452,0.20078565180301666,300000,9999833043.868876,0.0,0.0,0,0
1949,975998,-998.422205101856,500,False,-498.7987777481079,3.7551781786046923,0.5824765964448452,0.20078565180301666,300000,9999833062.920866,0.0,0.0,0,0
1950,975999,-998.422205101856,500,False,-498.7987777481079,3.7551781786046923,0.5824765964448452,0.20078565180301666,300000,9999832910.504942,0.0,0.0,0,0
1951,976000,-998.422205101856,500,False,-498.7987777481079,3.7551781786046923,0.5824765964448452,0.20078565180301666,300000,9999832758.089018,0.0,0.0,0,0
1952,983985,-811.76683635066,500,False,-576.5717107315063,9.700482496075333,0.3376236851013222,0.24725933372974396,300000,99962374.34588219,0.0,30827492737.28997,0,0
1953,983986,-786.8366944124673,500,False,-576.5717107315063,9.700482496075333,0.3376236851013222,0.24725933372974396,300000,99968130.20588216,0.0,1063016990.941034,0,0
1954,983987,-785.0366944124667,500,False,-576.5717107315063,9.700482496075333,0.3376236851013222,0.24725933372974396,300000,99965082.98588218,0.0,1063016990.941034,0,0
1955,983988,-786.8366944124673,500,False,-576.5717107315063,9.700482496075333,0.3376236851013222,0.24725933372974396,300000,99968130.20588216,0.0,1063016990.941034,0,0
1956,983989,-804.3629356052008,500,False,-576.5717107315063,9.700482496075333,0.3376236851013222,0.24725933372974396,300000,99962035.7658822,0.0,9567152918.469307,0,0
1957,983990,-811.76683635066,500,False,-576.5717107315063,9.700482496075333,0.3376236851013222,0.24725933372974396,300000,99962374.34588219,0.0,30827492737.28997,0,0
1958,983991,-787.6366944124677,500,False,-576.5717107315063,9.700482496075333,0.3376236851013222,0.24725933372974396,300000,99969484.52588215,0.0,1063016990.941034,0,0
1959,983992,-793.9998150088338,500,False,-576.5717107315063,9.700482496075333,0.3376236851013222,0.24725933372974396,300000,99962374.34588219,0.0,5315084954.70517,0,0
1960,983993,-802.9668363506592,500,False,-576.5717107315063,9.700482496075333,0.3376236851013222,0.24725933372974396,300000,99962374.34588219,0.0,54213866537.99268,0,0
1961,983994,-803.1668363506591,500,False,-576.5717107315063,9.700482496075333,0.3376236851013222,0.24725933372974396,300000,99962035.7658822,0.0,53150849547.05165,0,0
1962,983995,-808.5260562015682,500,False,-576.5717107315063,9.700482496075333,0.3376236851013222,0.24725933372974396,300000,99962035.7658822,0.0,30827492737.28997,0,0
1963,983996,-802.9668363506592,500,False,-576.5717107315063,9.700482496075333,0.3376236851013222,0.24725933372974396,300000,99962374.34588219,0.0,54213866537.99268,0,0
1964,983997,-786.0366944124671,500,False,-576.5717107315063,9.700482496075333,0.3376236851013222,0.24725933372974396,300000,99966775.88588217,0.0,1063016990.941034,0,0
1965,983998,-783.0366944124662,500,False,-576.5717107315063,9.700482496075333,0.3376236851013222,0.24725933372974396,300000,99961697.1858822,0.0,1063016990.941034,0,0
1966,983999,-811.76683635066,500,False,-576.5717107315063,9.700482496075333,0.3376236851013222,0.24725933372974396,300000,99962374.34588219,0.0,30827492737.28997,0,0
1967,984000,-786.2366944124669,500,False,-576.5717107315063,9.700482496075333,0.3376236851013222,0.24725933372974396,300000,99967114.46588217,0.0,1063016990.941034,0,0
1968,991985,-38351.888543819994,500,False,-4140.073568542481,51.04164137172699,8.797830437856646e-07,0.3744826912879944,300000,9999835472.997665,0.0,0.0,0,498
1969,991986,-38351.888543819994,500,False,-4140.073568542481,51.04164137172699,8.797830437856646e-07,0.3744826912879944,300000,9999835472.997665,0.0,0.0,0,498
1970,991987,-38351.888543819994,500,False,-4140.073568542481,51.04164137172699,8.797830437856646e-07,0.3744826912879944,300000,9999835472.997665,0.0,0.0,0,498
1971,991988,-38351.888543819994,500,False,-4140.073568542481,51.04164137172699,8.797830437856646e-07,0.3744826912879944,300000,9999835472.997665,0.0,0.0,0,498
1972,991989,-38351.888543819994,500,False,-4140.073568542481,51.04164137172699,8.797830437856646e-07,0.3744826912879944,300000,9999835472.997665,0.0,0.0,0,498
1973,991990,-38351.888543819994,500,False,-4140.073568542481,51.04164137172699,8.797830437856646e-07,0.3744826912879944,300000,9999835472.997665,0.0,0.0,0,498
1974,991991,-38351.888543819994,500,False,-4140.073568542481,51.04164137172699,8.797830437856646e-07,0.3744826912879944,300000,9999835472.997665,0.0,0.0,0,498
1975,991992,-38351.888543819994,500,False,-4140.073568542481,51.04164137172699,8.797830437856646e-07,0.3744826912879944,300000,9999835472.997665,0.0,0.0,0,498
1976,991993,-38351.888543819994,500,False,-4140.073568542481,51.04164137172699,8.797830437856646e-07,0.3744826912879944,300000,9999835472.997665,0.0,0.0,0,498
1977,991994,-38351.888543819994,500,False,-4140.073568542481,51.04164137172699,8.797830437856646e-07,0.3744826912879944,300000,9999835472.997665,0.0,0.0,0,498
1978,991995,-38351.888543819994,500,False,-4140.073568542481,51.04164137172699,8.797830437856646e-07,0.3744826912879944,300000,9999835472.997665,0.0,0.0,0,498
1979,991996,-38351.888543819994,500,False,-4140.073568542481,51.04164137172699,8.797830437856646e-07,0.3744826912879944,300000,9999835472.997665,0.0,0.0,0,498
1980,991997,-38351.888543819994,500,False,-4140.073568542481,51.04164137172699,8.797830437856646e-07,0.3744826912879944,300000,9999835472.997665,0.0,0.0,0,498
1981,991998,-38351.888543819994,500,False,-4140.073568542481,51.04164137172699,8.797830437856646e-07,0.3744826912879944,300000,9999835472.997665,0.0,0.0,0,498
1982,991999,-38351.888543819994,500,False,-4140.073568542481,51.04164137172699,8.797830437856646e-07,0.3744826912879944,300000,9999835472.997665,0.0,0.0,0,498
1983,992000,-38351.888543819994,500,False,-4140.073568542481,51.04164137172699,8.797830437856646e-07,0.3744826912879944,300000,9999835472.997665,0.0,0.0,0,498
1984,999985,-27169.89628742882,500,False,-5580.511291381836,52.26733323311806,0.0012399127592931513,0.5585625767707825,300000,9999834129.832335,0.0,0.0,0,349
1985,999986,-27169.89628742882,500,False,-5580.511291381836,52.26733323311806,0.0012399127592931513,0.5585625767707825,300000,9999834129.832335,0.0,0.0,0,349
1986,999987,-27169.89628742882,500,False,-5580.511291381836,52.26733323311806,0.0012399127592931513,0.5585625767707825,300000,9999834129.832335,0.0,0.0,0,349
1987,999988,-27169.89628742882,500,False,-5580.511291381836,52.26733323311806,0.0012399127592931513,0.5585625767707825,300000,9999834129.832335,0.0,0.0,0,349
1988,999989,-27169.89628742882,500,False,-5580.511291381836,52.26733323311806,0.0012399127592931513,0.5585625767707825,300000,9999834129.832335,0.0,0.0,0,349
1989,999990,-27169.89628742882,500,False,-5580.511291381836,52.26733323311806,0.0012399127592931513,0.5585625767707825,300000,9999834129.832335,0.0,0.0,0,349
1990,999991,-27169.89628742882,500,False,-5580.511291381836,52.26733323311806,0.0012399127592931513,0.5585625767707825,300000,9999834129.832335,0.0,0.0,0,349
1991,999992,-27175.374220620673,500,False,-5580.511291381836,52.26733323311806,0.0012399127592931513,0.5585625767707825,300000,9999834129.832335,0.0,0.0,0,349
1992,999993,-27169.89628742882,500,False,-5580.511291381836,52.26733323311806,0.0012399127592931513,0.5585625767707825,300000,9999834129.832335,0.0,0.0,0,349
1993,999994,-27169.89628742882,500,False,-5580.511291381836,52.26733323311806,0.0012399127592931513,0.5585625767707825,300000,9999834129.832335,0.0,0.0,0,349
1994,999995,-27169.89628742882,500,False,-5580.511291381836,52.26733323311806,0.0012399127592931513,0.5585625767707825,300000,9999834129.832335,0.0,0.0,0,349
1995,999996,-27169.89628742882,500,False,-5580.511291381836,52.26733323311806,0.0012399127592931513,0.5585625767707825,300000,9999834129.832335,0.0,0.0,0,349
1996,999997,-27169.89628742882,500,False,-5580.511291381836,52.26733323311806,0.0012399127592931513,0.5585625767707825,300000,9999834110.780344,0.0,0.0,0,349
1997,999998,-27169.89628742882,500,False,-5580.511291381836,52.26733323311806,0.0012399127592931513,0.5585625767707825,300000,9999834129.832335,0.0,0.0,0,349
1998,999999,-27169.89628742882,500,False,-5580.511291381836,52.26733323311806,0.0012399127592931513,0.5585625767707825,300000,9999834129.832335,0.0,0.0,0,349
1999,1000000,-27169.89628742882,500,False,-5580.511291381836,52.26733323311806,0.0012399127592931513,0.5585625767707825,300000,9999834129.832335,0.0,0.0,0,349
2000,1007985,-995.1347874413492,500,False,-6953.088569335938,69.95008902859688,0.0006221933553758845,0.8334898948669434,300000,9999830786.208,0.0,0.0,0,0
2001,1007986,-995.1347874413492,500,False,-6953.088569335938,69.95008902859688,0.0006221933553758845,0.8334898948669434,300000,9999830786.208,0.0,0.0,0,0
2002,1007987,-995.1347874413492,500,False,-6953.088569335938,69.95008902859688,0.0006221933553758845,0.8334898948669434,300000,9999830786.208,0.0,0.0,0,0
2003,1007988,-995.1347874413492,500,False,-6953.088569335938,69.95008902859688,0.0006221933553758845,0.8334898948669434,300000,9999830786.208,0.0,0.0,0,0
2004,1007989,-995.1347874413492,500,False,-6953.088569335938,69.95008902859688,0.0006221933553758845,0.8334898948669434,300000,9999830786.208,0.0,0.0,0,0
2005,1007990,-995.1347874413492,500,False,-6953.088569335938,69.95008902859688,0.0006221933553758845,0.8334898948669434,300000,9999830786.208,0.0,0.0,0,0
2006,1007991,-995.1347874413492,500,False,-6953.088569335938,69.95008902859688,0.0006221933553758845,0.8334898948669434,300000,9999830786.208,0.0,0.0,0,0
2007,1007992,-995.1347874413492,500,False,-6953.088569335938,69.95008902859688,0.0006221933553758845,0.8334898948669434,300000,9999830786.208,0.0,0.0,0,0
2008,1007993,-995.1347874413492,500,False,-6953.088569335938,69.95008902859688,0.0006221933553758845,0.8334898948669434,300000,9999830786.208,0.0,0.0,0,0
2009,1007994,-995.1347874413492,500,False,-6953.088569335938,69.95008902859688,0.0006221933553758845,0.8334898948669434,300000,9999830786.208,0.0,0.0,0,0
2010,1007995,-995.1347874413492,500,False,-6953.088569335938,69.95008902859688,0.0006221933553758845,0.8334898948669434,300000,9999830786.208,0.0,0.0,0,0
2011,1007996,-995.1347874413492,500,False,-6953.088569335938,69.95008902859688,0.0006221933553758845,0.8334898948669434,300000,9999830786.208,0.0,0.0,0,0
2012,1007997,-995.1347874413492,500,False,-6953.088569335938,69.95008902859688,0.0006221933553758845,0.8334898948669434,300000,9999830786.208,0.0,0.0,0,0
2013,1007998,-995.1347874413492,500,False,-6953.088569335938,69.95008902859688,0.0006221933553758845,0.8334898948669434,300000,9999830786.208,0.0,0.0,0,0
2014,1007999,-995.1347874413492,500,False,-6953.088569335938,69.95008902859688,0.0006221933553758845,0.8334898948669434,300000,9999830786.208,0.0,0.0,0,0
2015,1008000,-995.1347874413492,500,False,-6953.088569335938,69.95008902859688,0.0006221933553758845,0.8334898948669434,300000,9999830786.208,0.0,0.0,0,0
2016,1015985,-1000.0,500,False,-6889.584562133789,75.32348011612892,0.00019623519943795032,1.2434759140014648,300000,9999835472.997665,0.0,0.0,0,0
2017,1015986,-1000.0,500,False,-6889.584562133789,75.32348011612892,0.00019623519943795032,1.2434759140014648,300000,9999835472.997665,0.0,0.0,0,0
2018,1015987,-1000.0,500,False,-6889.584562133789,75.32348011612892,0.00019623519943795032,1.2434759140014648,300000,9999835472.997665,0.0,0.0,0,0
2019,1015988,-1000.0,500,False,-6889.584562133789,75.32348011612892,0.00019623519943795032,1.2434759140014648,300000,9999835472.997665,0.0,0.0,0,0
2020,1015989,-1000.0,500,False,-6889.584562133789,75.32348011612892,0.00019623519943795032,1.2434759140014648,300000,9999835472.997665,0.0,0.0,0,0
2021,1015990,-1000.0,500,False,-6889.584562133789,75.32348011612892,0.00019623519943795032,1.2434759140014648,300000,9999835472.997665,0.0,0.0,0,0
2022,1015991,-1000.0,500,False,-6889.584562133789,75.32348011612892,0.00019623519943795032,1.2434759140014648,300000,9999835472.997665,0.0,0.0,0,0
2023,1015992,-1000.0,500,False,-6889.584562133789,75.32348011612892,0.00019623519943795032,1.2434759140014648,300000,9999835472.997665,0.0,0.0,0,0
2024,1015993,-1000.0,500,False,-6889.584562133789,75.32348011612892,0.00019623519943795032,1.2434759140014648,300000,9999835472.997665,0.0,0.0,0,0
2025,1015994,-1000.0,500,False,-6889.584562133789,75.32348011612892,0.00019623519943795032,1.2434759140014648,300000,9999835472.997665,0.0,0.0,0,0
2026,1015995,-1000.0,500,False,-6889.584562133789,75.32348011612892,0.00019623519943795032,1.2434759140014648,300000,9999835472.997665,0.0,0.0,0,0
2027,1015996,-1000.0,500,False,-6889.584562133789,75.32348011612892,0.00019623519943795032,1.2434759140014648,300000,9999835472.997665,0.0,0.0,0,0
2028,1015997,-1000.0,500,False,-6889.584562133789,75.32348011612892,0.00019623519943795032,1.2434759140014648,300000,9999835472.997665,0.0,0.0,0,0
2029,1015998,-1000.0,500,False,-6889.584562133789,75.32348011612892,0.00019623519943795032,1.2434759140014648,300000,9999835472.997665,0.0,0.0,0,0
2030,1015999,-1000.0,500,False,-6889.584562133789,75.32348011612892,0.00019623519943795032,1.2434759140014648,300000,9999835472.997665,0.0,0.0,0,0
2031,1016000,-1000.0,500,False,-6889.584562133789,75.32348011612892,0.00019623519943795032,1.2434759140014648,300000,9999835472.997665,0.0,0.0,0,0
2032,1023985,-1000.0,500,False,-5920.607570922852,71.11844017791748,0.00013519937182486963,1.85507071018219,300000,9999835472.997665,0.0,0.0,0,0
2033,1023986,-1000.0,500,False,-5920.607570922852,71.11844017791748,0.00013519937182486963,1.85507071018219,300000,9999835472.997665,0.0,0.0,0,0
2034,1023987,-1000.0,500,False,-5920.607570922852,71.11844017791748,0.00013519937182486963,1.85507071018219,300000,9999835472.997665,0.0,0.0,0,0
2035,1023988,-1000.0,500,False,-5920.607570922852,71.11844017791748,0.00013519937182486963,1.85507071018219,300000,9999835472.997665,0.0,0.0,0,0
2036,1023989,-1000.0,500,False,-5920.607570922852,71.11844017791748,0.00013519937182486963,1.85507071018219,300000,9999835472.997665,0.0,0.0,0,0
2037,1023990,-1000.0,500,False,-5920.607570922852,71.11844017791748,0.00013519937182486963,1.85507071018219,300000,9999835472.997665,0.0,0.0,0,0
2038,1023991,-1000.0,500,False,-5920.607570922852,71.11844017791748,0.00013519937182486963,1.85507071018219,300000,9999835472.997665,0.0,0.0,0,0
2039,1023992,-1000.0,500,False,-5920.607570922852,71.11844017791748,0.00013519937182486963,1.85507071018219,300000,9999835472.997665,0.0,0.0,0,0
2040,1023993,-1000.0,500,False,-5920.607570922852,71.11844017791748,0.00013519937182486963,1.85507071018219,300000,9999835472.997665,0.0,0.0,0,0
2041,1023994,-1000.0,500,False,-5920.607570922852,71.11844017791748,0.00013519937182486963,1.85507071018219,300000,9999835472.997665,0.0,0.0,0,0
2042,1023995,-1000.0,500,False,-5920.607570922852,71.11844017791748,0.00013519937182486963,1.85507071018219,300000,9999835472.997665,0.0,0.0,0,0
2043,1023996,-1000.0,500,False,-5920.607570922852,71.11844017791748,0.00013519937182486963,1.85507071018219,300000,9999835472.997665,0.0,0.0,0,0
2044,1023997,-1000.0,500,False,-5920.607570922852,71.11844017791748,0.00013519937182486963,1.85507071018219,300000,9999835472.997665,0.0,0.0,0,0
2045,1023998,-1000.0,500,False,-5920.607570922852,71.11844017791748,0.00013519937182486963,1.85507071018219,300000,9999835472.997665,0.0,0.0,0,0
2046,1023999,-1000.0,500,False,-5920.607570922852,71.11844017791748,0.00013519937182486963,1.85507071018219,300000,9999835472.997665,0.0,0.0,0,0
2047,1024000,-1000.0,500,False,-5920.607570922852,71.11844017791748,0.00013519937182486963,1.85507071018219,300000,9999835472.997665,0.0,0.0,0,0
2048,1031985,-1000.0,500,False,-4325.149481628418,69.1903947236538,4.797361046971816e-06,2.7676143646240234,300000,9999835472.997665,0.0,0.0,0,0
2049,1031986,-1000.0,500,False,-4325.149481628418,69.1903947236538,4.797361046971816e-06,2.7676143646240234,300000,9999835472.997665,0.0,0.0,0,0
2050,1031987,-1000.0,500,False,-4325.149481628418,69.1903947236538,4.797361046971816e-06,2.7676143646240234,300000,9999835472.997665,0.0,0.0,0,0
2051,1031988,-1000.0,500,False,-4325.149481628418,69.1903947236538,4.797361046971816e-06,2.7676143646240234,300000,9999835472.997665,0.0,0.0,0,0
2052,1031989,-1000.0,500,False,-4325.149481628418,69.1903947236538,4.797361046971816e-06,2.7676143646240234,300000,9999835472.997665,0.0,0.0,0,0
2053,1031990,-1000.0,500,False,-4325.149481628418,69.1903947236538,4.797361046971816e-06,2.7676143646240234,300000,9999835472.997665,0.0,0.0,0,0
2054,1031991,-1000.0,500,False,-4325.149481628418,69.1903947236538,4.797361046971816e-06,2.7676143646240234,300000,9999835472.997665,0.0,0.0,0,0
2055,1031992,-1000.0,500,False,-4325.149481628418,69.1903947236538,4.797361046971816e-06,2.7676143646240234,300000,9999835472.997665,0.0,0.0,0,0
2056,1031993,-1000.0,500,False,-4325.149481628418,69.1903947236538,4.797361046971816e-06,2.7676143646240234,300000,9999835472.997665,0.0,0.0,0,0
2057,1031994,-1000.0,500,False,-4325.149481628418,69.1903947236538,4.797361046971816e-06,2.7676143646240234,300000,9999835472.997665,0.0,0.0,0,0
2058,1031995,-1000.0,500,False,-4325.149481628418,69.1903947236538,4.797361046971816e-06,2.7676143646240234,300000,9999835472.997665,0.0,0.0,0,0
2059,1031996,-1000.0,500,False,-4325.149481628418,69.1903947236538,4.797361046971816e-06,2.7676143646240234,300000,9999835472.997665,0.0,0.0,0,0
2060,1031997,-1000.0,500,False,-4325.149481628418,69.1903947236538,4.797361046971816e-06,2.7676143646240234,300000,9999835472.997665,0.0,0.0,0,0
2061,1031998,-1000.0,500,False,-4325.149481628418,69.1903947236538,4.797361046971816e-06,2.7676143646240234,300000,9999835472.997665,0.0,0.0,0,0
2062,1031999,-1000.0,500,False,-4325.149481628418,69.1903947236538,4.797361046971816e-06,2.7676143646240234,300000,9999835472.997665,0.0,0.0,0,0
2063,1032000,-1000.0,500,False,-4325.149481628418,69.1903947236538,4.797361046971816e-06,2.7676143646240234,300000,9999835472.997665,0.0,0.0,0,0
2064,1039985,-1000.0,500,False,-2949.7302969360353,52.54592358207702,1.9811220595666868e-07,4.129069805145264,300000,9999835472.997665,0.0,0.0,0,0
2065,1039986,-1000.0,500,False,-2949.7302969360353,52.54592358207702,1.9811220595666868e-07,4.129069805145264,300000,9999835472.997665,0.0,0.0,0,0
2066,1039987,-1000.0,500,False,-2949.7302969360353,52.54592358207702,1.9811220595666868e-07,4.129069805145264,300000,9999835472.997665,0.0,0.0,0,0
2067,1039988,-1000.0,500,False,-2949.7302969360353,52.54592358207702,1.9811220595666868e-07,4.129069805145264,300000,9999835472.997665,0.0,0.0,0,0
2068,1039989,-1000.0,500,False,-2949.7302969360353,52.54592358207702,1.9811220595666868e-07,4.129069805145264,300000,9999835472.997665,0.0,0.0,0,0
2069,1039990,-1000.0,500,False,-2949.7302969360353,52.54592358207702,1.9811220595666868e-07,4.129069805145264,300000,9999835472.997665,0.0,0.0,0,0
2070,1039991,-1000.0,500,False,-2949.7302969360353,52.54592358207702,1.9811220595666868e-07,4.129069805145264,300000,9999835472.997665,0.0,0.0,0,0
2071,1039992,-1000.0,500,False,-2949.7302969360353,52.54592358207702,1.9811220595666868e-07,4.129069805145264,300000,9999835472.997665,0.0,0.0,0,0
2072,1039993,-1000.0,500,False,-2949.7302969360353,52.54592358207702,1.9811220595666868e-07,4.129069805145264,300000,9999835472.997665,0.0,0.0,0,0
2073,1039994,-1000.0,500,False,-2949.7302969360353,52.54592358207702,1.9811220595666868e-07,4.129069805145264,300000,9999835472.997665,0.0,0.0,0,0
2074,1039995,-1000.0,500,False,-2949.7302969360353,52.54592358207702,1.9811220595666868e-07,4.129069805145264,300000,9999835472.997665,0.0,0.0,0,0
2075,1039996,-1000.0,500,False,-2949.7302969360353,52.54592358207702,1.9811220595666868e-07,4.129069805145264,300000,9999835472.997665,0.0,0.0,0,0
2076,1039997,-1000.0,500,False,-2949.7302969360353,52.54592358207702,1.9811220595666868e-07,4.129069805145264,300000,9999835472.997665,0.0,0.0,0,0
2077,1039998,-1000.0,500,False,-2949.7302969360353,52.54592358207702,1.9811220595666868e-07,4.129069805145264,300000,9999835472.997665,0.0,0.0,0,0
2078,1039999,-1000.0,500,False,-2949.7302969360353,52.54592358207702,1.9811220595666868e-07,4.129069805145264,300000,9999835472.997665,0.0,0.0,0,0
2079,1040000,-1000.0,500,False,-2949.7302969360353,52.54592358207702,1.9811220595666868e-07,4.129069805145264,300000,9999835472.997665,0.0,0.0,0,0
2080,1047985,-18654.0,500,False,-3050.903102416992,57.95025699031353,0.00015774607895482472,6.159803867340088,300000,9999835472.997665,0.0,0.0,353,0
2081,1047986,-18654.0,500,False,-3050.903102416992,57.95025699031353,0.00015774607895482472,6.159803867340088,300000,9999835472.997665,0.0,0.0,353,0
2082,1047987,-18654.0,500,False,-3050.903102416992,57.95025699031353,0.00015774607895482472,6.159803867340088,300000,9999835472.997665,0.0,0.0,353,0
2083,1047988,-18654.0,500,False,-3050.903102416992,57.95025699031353,0.00015774607895482472,6.159803867340088,300000,9999835472.997665,0.0,0.0,353,0
2084,1047989,-18654.0,500,False,-3050.903102416992,57.95025699031353,0.00015774607895482472,6.159803867340088,300000,9999835472.997665,0.0,0.0,353,0
2085,1047990,-18654.0,500,False,-3050.903102416992,57.95025699031353,0.00015774607895482472,6.159803867340088,300000,9999835472.997665,0.0,0.0,353,0
2086,1047991,-18654.0,500,False,-3050.903102416992,57.95025699031353,0.00015774607895482472,6.159803867340088,300000,9999835472.997665,0.0,0.0,353,0
2087,1047992,-18654.0,500,False,-3050.903102416992,57.95025699031353,0.00015774607895482472,6.159803867340088,300000,9999835472.997665,0.0,0.0,353,0
2088,1047993,-18654.0,500,False,-3050.903102416992,57.95025699031353,0.00015774607895482472,6.159803867340088,300000,9999835472.997665,0.0,0.0,353,0
2089,1047994,-18654.0,500,False,-3050.903102416992,57.95025699031353,0.00015774607895482472,6.159803867340088,300000,9999835472.997665,0.0,0.0,353,0
2090,1047995,-18654.0,500,False,-3050.903102416992,57.95025699031353,0.00015774607895482472,6.159803867340088,300000,9999835472.997665,0.0,0.0,353,0
2091,1047996,-18654.0,500,False,-3050.903102416992,57.95025699031353,0.00015774607895482472,6.159803867340088,300000,9999835472.997665,0.0,0.0,353,0
2092,1047997,-18654.0,500,False,-3050.903102416992,57.95025699031353,0.00015774607895482472,6.159803867340088,300000,9999835472.997665,0.0,0.0,353,0
2093,1047998,-18654.0,500,False,-3050.903102416992,57.95025699031353,0.00015774607895482472,6.159803867340088,300000,9999835472.997665,0.0,0.0,353,0
2094,1047999,-18654.0,500,False,-3050.903102416992,57.95025699031353,0.00015774607895482472,6.159803867340088,300000,9999835472.997665,0.0,0.0,353,0
2095,1048000,-18654.0,500,False,-3050.903102416992,57.95025699031353,0.00015774607895482472,6.159803867340088,300000,9999835472.997665,0.0,0.0,353,0
2096,1055985,-25954.0,500,False,-2290.831764770508,27.131086350440977,4.669200787598901e-11,7.389056205749512,300000,9999835472.997665,0.0,0.0,499,0
2097,1055986,-25954.0,500,False,-2290.831764770508,27.131086350440977,4.669200787598901e-11,7.389056205749512,300000,9999835472.997665,0.0,0.0,499,0
2098,1055987,-25954.0,500,False,-2290.831764770508,27.131086350440977,4.669200787598901e-11,7.389056205749512,300000,9999835472.997665,0.0,0.0,499,0
2099,1055988,-25954.0,500,False,-2290.831764770508,27.131086350440977,4.669200787598901e-11,7.389056205749512,300000,9999835472.997665,0.0,0.0,499,0
2100,1055989,-25954.0,500,False,-2290.831764770508,27.131086350440977,4.669200787598901e-11,7.389056205749512,300000,9999835472.997665,0.0,0.0,499,0
2101,1055990,-25954.0,500,False,-2290.831764770508,27.131086350440977,4.669200787598901e-11,7.389056205749512,300000,9999835472.997665,0.0,0.0,499,0
2102,1055991,-25954.0,500,False,-2290.831764770508,27.131086350440977,4.669200787598901e-11,7.389056205749512,300000,9999835472.997665,0.0,0.0,499,0
2103,1055992,-25954.0,500,False,-2290.831764770508,27.131086350440977,4.669200787598901e-11,7.389056205749512,300000,9999835472.997665,0.0,0.0,499,0
2104,1055993,-25954.0,500,False,-2290.831764770508,27.131086350440977,4.669200787598901e-11,7.389056205749512,300000,9999835472.997665,0.0,0.0,499,0
2105,1055994,-25954.0,500,False,-2290.831764770508,27.131086350440977,4.669200787598901e-11,7.389056205749512,300000,9999835472.997665,0.0,0.0,499,0
2106,1055995,-25954.0,500,False,-2290.831764770508,27.131086350440977,4.669200787598901e-11,7.389056205749512,300000,9999835472.997665,0.0,0.0,499,0
2107,1055996,-25954.0,500,False,-2290.831764770508,27.131086350440977,4.669200787598901e-11,7.389056205749512,300000,9999835472.997665,0.0,0.0,499,0
2108,1055997,-25954.0,500,False,-2290.831764770508,27.131086350440977,4.669200787598901e-11,7.389056205749512,300000,9999835472.997665,0.0,0.0,499,0
2109,1055998,-25954.0,500,False,-2290.831764770508,27.131086350440977,4.669200787598901e-11,7.389056205749512,300000,9999835472.997665,0.0,0.0,499,0
2110,1055999,-25954.0,500,False,-2290.831764770508,27.131086350440977,4.669200787598901e-11,7.389056205749512,300000,9999835472.997665,0.0,0.0,499,0
2111,1056000,-25954.0,500,False,-2290.831764770508,27.131086350440977,4.669200787598901e-11,7.389056205749512,300000,9999835472.997665,0.0,0.0,499,0
2112,1063985,-25954.0,500,False,-910.0046742172241,14.392221379518508,3.642567843356423e-06,7.389056205749512,300000,9999835472.997665,0.0,0.0,499,0
2113,1063986,-25954.0,500,False,-910.0046742172241,14.392221379518508,3.642567843356423e-06,7.389056205749512,300000,9999835472.997665,0.0,0.0,499,0
2114,1063987,-25954.0,500,False,-910.0046742172241,14.392221379518508,3.642567843356423e-06,7.389056205749512,300000,9999835472.997665,0.0,0.0,499,0
2115,1063988,-25954.0,500,False,-910.0046742172241,14.392221379518508,3.642567843356423e-06,7.389056205749512,300000,9999835472.997665,0.0,0.0,499,0
2116,1063989,-25954.0,500,False,-910.0046742172241,14.392221379518508,3.642567843356423e-06,7.389056205749512,300000,9999835472.997665,0.0,0.0,499,0
2117,1063990,-25954.0,500,False,-910.0046742172241,14.392221379518508,3.642567843356423e-06,7.389056205749512,300000,9999835472.997665,0.0,0.0,499,0
2118,1063991,-25954.0,500,False,-910.0046742172241,14.392221379518508,3.642567843356423e-06,7.389056205749512,300000,9999835472.997665,0.0,0.0,499,0
2119,1063992,-25954.0,500,False,-910.0046742172241,14.392221379518508,3.642567843356423e-06,7.389056205749512,300000,9999835472.997665,0.0,0.0,499,0
2120,1063993,-25954.0,500,False,-910.0046742172241,14.392221379518508,3.642567843356423e-06,7.389056205749512,300000,9999835472.997665,0.0,0.0,499,0
2121,1063994,-25954.0,500,False,-910.0046742172241,14.392221379518508,3.642567843356423e-06,7.389056205749512,300000,9999835472.997665,0.0,0.0,499,0
2122,1063995,-25954.0,500,False,-910.0046742172241,14.392221379518508,3.642567843356423e-06,7.389056205749512,300000,9999835472.997665,0.0,0.0,499,0
2123,1063996,-25954.0,500,False,-910.0046742172241,14.392221379518508,3.642567843356423e-06,7.389056205749512,300000,9999835472.997665,0.0,0.0,499,0
2124,1063997,-25954.0,500,False,-910.0046742172241,14.392221379518508,3.642567843356423e-06,7.389056205749512,300000,9999835472.997665,0.0,0.0,499,0
2125,1063998,-25954.0,500,False,-910.0046742172241,14.392221379518508,3.642567843356423e-06,7.389056205749512,300000,9999835472.997665,0.0,0.0,499,0
2126,1063999,-25954.0,500,False,-910.0046742172241,14.392221379518508,3.642567843356423e-06,7.389056205749512,300000,9999835472.997665,0.0,0.0,499,0
2127,1064000,-25954.0,500,False,-910.0046742172241,14.392221379518508,3.642567843356423e-06,7.389056205749512,300000,9999835472.997665,0.0,0.0,499,0
2128,1071985,-25954.0,500,False,169.93521716064214,7.555881500542164,2.248147384692049e-20,7.389056205749512,300000,9999835472.997665,0.0,0.0,499,0
2129,1071986,-25954.0,500,False,169.93521716064214,7.555881500542164,2.248147384692049e-20,7.389056205749512,300000,9999835472.997665,0.0,0.0,499,0
2130,1071987,-25954.0,500,False,169.93521716064214,7.555881500542164,2.248147384692049e-20,7.389056205749512,300000,9999835472.997665,0.0,0.0,499,0
2131,1071988,-25954.0,500,False,169.93521716064214,7.555881500542164,2.248147384692049e-20,7.389056205749512,300000,9999835472.997665,0.0,0.0,499,0
2132,1071989,-25954.0,500,False,169.93521716064214,7.555881500542164,2.248147384692049e-20,7.389056205749512,300000,9999835472.997665,0.0,0.0,499,0
2133,1071990,-25954.0,500,False,169.93521716064214,7.555881500542164,2.248147384692049e-20,7.389056205749512,300000,9999835472.997665,0.0,0.0,499,0
2134,1071991,-25954.0,500,False,169.93521716064214,7.555881500542164,2.248147384692049e-20,7.389056205749512,300000,9999835472.997665,0.0,0.0,499,0
2135,1071992,-25954.0,500,False,169.93521716064214,7.555881500542164,2.248147384692049e-20,7.389056205749512,300000,9999835472.997665,0.0,0.0,499,0
2136,1071993,-25954.0,500,False,169.93521716064214,7.555881500542164,2.248147384692049e-20,7.389056205749512,300000,9999835472.997665,0.0,0.0,499,0
2137,1071994,-25954.0,500,False,169.93521716064214,7.555881500542164,2.248147384692049e-20,7.389056205749512,300000,9999835472.997665,0.0,0.0,499,0
2138,1071995,-25954.0,500,False,169.93521716064214,7.555881500542164,2.248147384692049e-20,7.389056205749512,300000,9999835472.997665,0.0,0.0,499,0
2139,1071996,-25954.0,500,False,169.93521716064214,7.555881500542164,2.248147384692049e-20,7.389056205749512,300000,9999835472.997665,0.0,0.0,499,0
2140,1071997,-25954.0,500,False,169.93521716064214,7.555881500542164,2.248147384692049e-20,7.389056205749512,300000,9999835472.997665,0.0,0.0,499,0
2141,1071998,-25954.0,500,False,169.93521716064214,7.555881500542164,2.248147384692049e-20,7.389056205749512,300000,9999835472.997665,0.0,0.0,499,0
2142,1071999,-25954.0,500,False,169.93521716064214,7.555881500542164,2.248147384692049e-20,7.389056205749512,300000,9999835472.997665,0.0,0.0,499,0
2143,1072000,-25954.0,500,False,169.93521716064214,7.555881500542164,2.248147384692049e-20,7.389056205749512,300000,9999835472.997665,0.0,0.0,499,0
2144,1079985,-25954.0,500,False,1073.6327286376952,6.713246153831482,2.2587722597325174e-20,7.389056205749512,300000,9999835472.997665,0.0,0.0,499,0
2145,1079986,-25954.0,500,False,1073.6327286376952,6.713246153831482,2.2587722597325174e-20,7.389056205749512,300000,9999835472.997665,0.0,0.0,499,0
2146,1079987,-25954.0,500,False,1073.6327286376952,6.713246153831482,2.2587722597325174e-20,7.389056205749512,300000,9999835472.997665,0.0,0.0,499,0
2147,1079988,-25954.0,500,False,1073.6327286376952,6.713246153831482,2.2587722597325174e-20,7.389056205749512,300000,9999835472.997665,0.0,0.0,499,0
2148,1079989,-25954.0,500,False,1073.6327286376952,6.713246153831482,2.2587722597325174e-20,7.389056205749512,300000,9999835472.997665,0.0,0.0,499,0
2149,1079990,-25954.0,500,False,1073.6327286376952,6.713246153831482,2.2587722597325174e-20,7.389056205749512,300000,9999835472.997665,0.0,0.0,499,0
2150,1079991,-25954.0,500,False,1073.6327286376952,6.713246153831482,2.2587722597325174e-20,7.389056205749512,300000,9999835472.997665,0.0,0.0,499,0
2151,1079992,-25954.0,500,False,1073.6327286376952,6.713246153831482,2.2587722597325174e-20,7.389056205749512,300000,9999835472.997665,0.0,0.0,499,0
2152,1079993,-25954.0,500,False,1073.6327286376952,6.713246153831482,2.2587722597325174e-20,7.389056205749512,300000,9999835472.997665,0.0,0.0,499,0
2153,1079994,-25954.0,500,False,1073.6327286376952,6.713246153831482,2.2587722597325174e-20,7.389056205749512,300000,9999835472.997665,0.0,0.0,499,0
2154,1079995,-25954.0,500,False,1073.6327286376952,6.713246153831482,2.2587722597325174e-20,7.389056205749512,300000,9999835472.997665,0.0,0.0,499,0
2155,1079996,-25954.0,500,False,1073.6327286376952,6.713246153831482,2.2587722597325174e-20,7.389056205749512,300000,9999835472.997665,0.0,0.0,499,0
2156,1079997,-25954.0,500,False,1073.6327286376952,6.713246153831482,2.2587722597325174e-20,7.389056205749512,300000,9999835472.997665,0.0,0.0,499,0
2157,1079998,-25954.0,500,False,1073.6327286376952,6.713246153831482,2.2587722597325174e-20,7.389056205749512,300000,9999835472.997665,0.0,0.0,499,0
2158,1079999,-25954.0,500,False,1073.6327286376952,6.713246153831482,2.2587722597325174e-20,7.389056205749512,300000,9999835472.997665,0.0,0.0,499,0
2159,1080000,-25954.0,500,False,1073.6327286376952,6.713246153831482,2.2587722597325174e-20,7.389056205749512,300000,9999835472.997665,0.0,0.0,499,0
2160,1087985,-25954.0,500,False,1957.0547182006835,7.372231948018074,2.2548731912422647e-20,7.389056205749512,300000,9999835472.997665,0.0,0.0,499,0
2161,1087986,-25954.0,500,False,1957.0547182006835,7.372231948018074,2.2548731912422647e-20,7.389056205749512,300000,9999835472.997665,0.0,0.0,499,0
2162,1087987,-25954.0,500,False,1957.0547182006835,7.372231948018074,2.2548731912422647e-20,7.389056205749512,300000,9999835472.997665,0.0,0.0,499,0
2163,1087988,-25954.0,500,False,1957.0547182006835,7.372231948018074,2.2548731912422647e-20,7.389056205749512,300000,9999835472.997665,0.0,0.0,499,0
2164,1087989,-25954.0,500,False,1957.0547182006835,7.372231948018074,2.2548731912422647e-20,7.389056205749512,300000,9999835472.997665,0.0,0.0,499,0
2165,1087990,-25954.0,500,False,1957.0547182006835,7.372231948018074,2.2548731912422647e-20,7.389056205749512,300000,9999835472.997665,0.0,0.0,499,0
2166,1087991,-25954.0,500,False,1957.0547182006835,7.372231948018074,2.2548731912422647e-20,7.389056205749512,300000,9999835472.997665,0.0,0.0,499,0
2167,1087992,-25954.0,500,False,1957.0547182006835,7.372231948018074,2.2548731912422647e-20,7.389056205749512,300000,9999835472.997665,0.0,0.0,499,0
2168,1087993,-25954.0,500,False,1957.0547182006835,7.372231948018074,2.2548731912422647e-20,7.389056205749512,300000,9999835472.997665,0.0,0.0,499,0
2169,1087994,-25954.0,500,False,1957.0547182006835,7.372231948018074,2.2548731912422647e-20,7.389056205749512,300000,9999835472.997665,0.0,0.0,499,0
2170,1087995,-25954.0,500,False,1957.0547182006835,7.372231948018074,2.2548731912422647e-20,7.389056205749512,300000,9999835472.997665,0.0,0.0,499,0
2171,1087996,-25954.0,500,False,1957.0547182006835,7.372231948018074,2.2548731912422647e-20,7.389056205749512,300000,9999835472.997665,0.0,0.0,499,0
2172,1087997,-25954.0,500,False,1957.0547182006835,7.372231948018074,2.2548731912422647e-20,7.389056205749512,300000,9999835472.997665,0.0,0.0,499,0
2173,1087998,-25954.0,500,False,1957.0547182006835,7.372231948018074,2.2548731912422647e-20,7.389056205749512,300000,9999835472.997665,0.0,0.0,499,0
2174,1087999,-25954.0,500,False,1957.0547182006835,7.372231948018074,2.2548731912422647e-20,7.389056205749512,300000,9999835472.997665,0.0,0.0,499,0
2175,1088000,-25954.0,500,False,1957.0547182006835,7.372231948018074,2.2548731912422647e-20,7.389056205749512,300000,9999835472.997665,0.0,0.0,499,0
2176,1095985,-25954.0,500,False,2738.752354309082,8.106214830964804,2.2498399254521083e-20,7.389056205749512,300000,9999835472.997665,0.0,0.0,499,0
2177,1095986,-25954.0,500,False,2738.752354309082,8.106214830964804,2.2498399254521083e-20,7.389056205749512,300000,9999835472.997665,0.0,0.0,499,0
2178,1095987,-25954.0,500,False,2738.752354309082,8.106214830964804,2.2498399254521083e-20,7.389056205749512,300000,9999835472.997665,0.0,0.0,499,0
2179,1095988,-25954.0,500,False,2738.752354309082,8.106214830964804,2.2498399254521083e-20,7.389056205749512,300000,9999835472.997665,0.0,0.0,499,0
2180,1095989,-25954.0,500,False,2738.752354309082,8.106214830964804,2.2498399254521083e-20,7.389056205749512,300000,9999835472.997665,0.0,0.0,499,0
2181,1095990,-25954.0,500,False,2738.752354309082,8.106214830964804,2.2498399254521083e-20,7.389056205749512,300000,9999835472.997665,0.0,0.0,499,0
2182,1095991,-25954.0,500,False,2738.752354309082,8.106214830964804,2.2498399254521083e-20,7.389056205749512,300000,9999835472.997665,0.0,0.0,499,0
2183,1095992,-25954.0,500,False,2738.752354309082,8.106214830964804,2.2498399254521083e-20,7.389056205749512,300000,9999835472.997665,0.0,0.0,499,0
2184,1095993,-25954.0,500,False,2738.752354309082,8.106214830964804,2.2498399254521083e-20,7.389056205749512,300000,9999835472.997665,0.0,0.0,499,0
2185,1095994,-25954.0,500,False,2738.752354309082,8.106214830964804,2.2498399254521083e-20,7.389056205749512,300000,9999835472.997665,0.0,0.0,499,0
2186,1095995,-25954.0,500,False,2738.752354309082,8.106214830964804,2.2498399254521083e-20,7.389056205749512,300000,9999835472.997665,0.0,0.0,499,0
2187,1095996,-25954.0,500,False,2738.752354309082,8.106214830964804,2.2498399254521083e-20,7.389056205749512,300000,9999835472.997665,0.0,0.0,499,0
2188,1095997,-25954.0,500,False,2738.752354309082,8.106214830964804,2.2498399254521083e-20,7.389056205749512,300000,9999835472.997665,0.0,0.0,499,0
2189,1095998,-25954.0,500,False,2738.752354309082,8.106214830964804,2.2498399254521083e-20,7.389056205749512,300000,9999835472.997665,0.0,0.0,499,0
2190,1095999,-25954.0,500,False,2738.752354309082,8.106214830964804,2.2498399254521083e-20,7.389056205749512,300000,9999835472.997665,0.0,0.0,499,0
2191,1096000,-25954.0,500,False,2738.752354309082,8.106214830964804,2.2498399254521083e-20,7.389056205749512,300000,9999835472.997665,0.0,0.0,499,0
2192,1103985,-25954.0,500,False,3448.930695251465,9.357349743951112,2.2535764740354067e-20,7.389056205749512,300000,9999835472.997665,0.0,0.0,499,0
2193,1103986,-25954.0,500,False,3448.930695251465,9.357349743951112,2.2535764740354067e-20,7.389056205749512,300000,9999835472.997665,0.0,0.0,499,0
2194,1103987,-25954.0,500,False,3448.930695251465,9.357349743951112,2.2535764740354067e-20,7.389056205749512,300000,9999835472.997665,0.0,0.0,499,0
2195,1103988,-25954.0,500,False,3448.930695251465,9.357349743951112,2.2535764740354067e-20,7.389056205749512,300000,9999835472.997665,0.0,0.0,499,0
2196,1103989,-25954.0,500,False,3448.930695251465,9.357349743951112,2.2535764740354067e-20,7.389056205749512,300000,9999835472.997665,0.0,0.0,499,0
2197,1103990,-25954.0,500,False,3448.930695251465,9.357349743951112,2.2535764740354067e-20,7.389056205749512,300000,9999835472.997665,0.0,0.0,499,0
2198,1103991,-25954.0,500,False,3448.930695251465,9.357349743951112,2.2535764740354067e-20,7.389056205749512,300000,9999835472.997665,0.0,0.0,499,0
2199,1103992,-25954.0,500,False,3448.930695251465,9.357349743951112,2.2535764740354067e-20,7.389056205749512,300000,9999835472.997665,0.0,0.0,499,0
2200,1103993,-25954.0,500,False,3448.930695251465,9.357349743951112,2.2535764740354067e-20,7.389056205749512,300000,9999835472.997665,0.0,0.0,499,0
2201,1103994,-25954.0,500,False,3448.930695251465,9.357349743951112,2.2535764740354067e-20,7.389056205749512,300000,9999835472.997665,0.0,0.0,499,0
2202,1103995,-25954.0,500,False,3448.930695251465,9.357349743951112,2.2535764740354067e-20,7.389056205749512,300000,9999835472.997665,0.0,0.0,499,0
2203,1103996,-25954.0,500,False,3448.930695251465,9.357349743951112,2.2535764740354067e-20,7.389056205749512,300000,9999835472.997665,0.0,0.0,499,0
2204,1103997,-25954.0,500,False,3448.930695251465,9.357349743951112,2.2535764740354067e-20,7.389056205749512,300000,9999835472.997665,0.0,0.0,499,0
2205,1103998,-25954.0,500,False,3448.930695251465,9.357349743951112,2.2535764740354067e-20,7.389056205749512,300000,9999835472.997665,0.0,0.0,499,0
2206,1103999,-25954.0,500,False,3448.930695251465,9.357349743951112,2.2535764740354067e-20,7.389056205749512,300000,9999835472.997665,0.0,0.0,499,0
2207,1104000,-25954.0,500,False,3448.930695251465,9.357349743951112,2.2535764740354067e-20,7.389056205749512,300000,9999835472.997665,0.0,0.0,499,0
2208,1111985,-25954.0,500,False,4088.23664251709,10.35472365955636,2.244837129635297e-20,7.389056205749512,300000,9999835472.997665,0.0,0.0,499,0
2209,1111986,-25954.0,500,False,4088.23664251709,10.35472365955636,2.244837129635297e-20,7.389056205749512,300000,9999835472.997665,0.0,0.0,499,0
2210,1111987,-25954.0,500,False,4088.23664251709,10.35472365955636,2.244837129635297e-20,7.389056205749512,300000,9999835472.997665,0.0,0.0,499,0
2211,1111988,-25954.0,500,False,4088.23664251709,10.35472365955636,2.244837129635297e-20,7.389056205749512,300000,9999835472.997665,0.0,0.0,499,0
2212,1111989,-25954.0,500,False,4088.23664251709,10.35472365955636,2.244837129635297e-20,7.389056205749512,300000,9999835472.997665,0.0,0.0,499,0
2213,1111990,-25954.0,500,False,4088.23664251709,10.35472365955636,2.244837129635297e-20,7.389056205749512,300000,9999835472.997665,0.0,0.0,499,0
2214,1111991,-25954.0,500,False,4088.23664251709,10.35472365955636,2.244837129635297e-20,7.389056205749512,300000,9999835472.997665,0.0,0.0,499,0
2215,1111992,-25954.0,500,False,4088.23664251709,10.35472365955636,2.244837129635297e-20,7.389056205749512,300000,9999835472.997665,0.0,0.0,499,0
2216,1111993,-25954.0,500,False,4088.23664251709,10.35472365955636,2.244837129635297e-20,7.389056205749512,300000,9999835472.997665,0.0,0.0,499,0
2217,1111994,-25954.0,500,False,4088.23664251709,10.35472365955636,2.244837129635297e-20,7.389056205749512,300000,9999835472.997665,0.0,0.0,499,0
2218,1111995,-25954.0,500,False,4088.23664251709,10.35472365955636,2.244837129635297e-20,7.389056205749512,300000,9999835472.997665,0.0,0.0,499,0
2219,1111996,-25954.0,500,False,4088.23664251709,10.35472365955636,2.244837129635297e-20,7.389056205749512,300000,9999835472.997665,0.0,0.0,499,0
2220,1111997,-25954.0,500,False,4088.23664251709,10.35472365955636,2.244837129635297e-20,7.389056205749512,300000,9999835472.997665,0.0,0.0,499,0
2221,1111998,-25954.0,500,False,4088.23664251709,10.35472365955636,2.244837129635297e-20,7.389056205749512,300000,9999835472.997665,0.0,0.0,499,0
2222,1111999,-25954.0,500,False,4088.23664251709,10.35472365955636,2.244837129635297e-20,7.389056205749512,300000,9999835472.997665,0.0,0.0,499,0
2223,1112000,-25954.0,500,False,4088.23664251709,10.35472365955636,2.244837129635297e-20,7.389056205749512,300000,9999835472.997665,0.0,0.0,499,0
2224,1119985,-25954.0,500,False,4670.516422119141,11.7747866984047,2.247688786410239e-20,7.389056205749512,300000,9999835472.997665,0.0,0.0,499,0
2225,1119986,-25954.0,500,False,4670.516422119141,11.7747866984047,2.247688786410239e-20,7.389056205749512,300000,9999835472.997665,0.0,0.0,499,0
2226,1119987,-25954.0,500,False,4670.516422119141,11.7747866984047,2.247688786410239e-20,7.389056205749512,300000,9999835472.997665,0.0,0.0,499,0
2227,1119988,-25954.0,500,False,4670.516422119141,11.7747866984047,2.247688786410239e-20,7.389056205749512,300000,9999835472.997665,0.0,0.0,499,0
2228,1119989,-25954.0,500,False,4670.516422119141,11.7747866984047,2.247688786410239e-20,7.389056205749512,300000,9999835472.997665,0.0,0.0,499,0
2229,1119990,-25954.0,500,False,4670.516422119141,11.7747866984047,2.247688786410239e-20,7.389056205749512,300000,9999835472.997665,0.0,0.0,499,0
2230,1119991,-25954.0,500,False,4670.516422119141,11.7747866984047,2.247688786410239e-20,7.389056205749512,300000,9999835472.997665,0.0,0.0,499,0
2231,1119992,-25954.0,500,False,4670.516422119141,11.7747866984047,2.247688786410239e-20,7.389056205749512,300000,9999835472.997665,0.0,0.0,499,0
2232,1119993,-25954.0,500,False,4670.516422119141,11.7747866984047,2.247688786410239e-20,7.389056205749512,300000,9999835472.997665,0.0,0.0,499,0
2233,1119994,-25954.0,500,False,4670.516422119141,11.7747866984047,2.247688786410239e-20,7.389056205749512,300000,9999835472.997665,0.0,0.0,499,0
2234,1119995,-25954.0,500,False,4670.516422119141,11.7747866984047,2.247688786410239e-20,7.389056205749512,300000,9999835472.997665,0.0,0.0,499,0
2235,1119996,-25954.0,500,False,4670.516422119141,11.7747866984047,2.247688786410239e-20,7.389056205749512,300000,9999835472.997665,0.0,0.0,499,0
2236,1119997,-25954.0,500,False,4670.516422119141,11.7747866984047,2.247688786410239e-20,7.389056205749512,300000,9999835472.997665,0.0,0.0,499,0
2237,1119998,-25954.0,500,False,4670.516422119141,11.7747866984047,2.247688786410239e-20,7.389056205749512,300000,9999835472.997665,0.0,0.0,499,0
2238,1119999,-25954.0,500,False,4670.516422119141,11.7747866984047,2.247688786410239e-20,7.389056205749512,300000,9999835472.997665,0.0,0.0,499,0
2239,1120000,-25954.0,500,False,4670.516422119141,11.7747866984047,2.247688786410239e-20,7.389056205749512,300000,9999835472.997665,0.0,0.0,499,0
2240,1127985,-25954.0,500,False,5202.320792602539,12.694130600526929,2.2327571594223354e-20,7.389056205749512,300000,9999835472.997665,0.0,0.0,499,0
2241,1127986,-25954.0,500,False,5202.320792602539,12.694130600526929,2.2327571594223354e-20,7.389056205749512,300000,9999835472.997665,0.0,0.0,499,0
2242,1127987,-25954.0,500,False,5202.320792602539,12.694130600526929,2.2327571594223354e-20,7.389056205749512,300000,9999835472.997665,0.0,0.0,499,0
2243,1127988,-25954.0,500,False,5202.320792602539,12.694130600526929,2.2327571594223354e-20,7.389056205749512,300000,9999835472.997665,0.0,0.0,499,0
2244,1127989,-25954.0,500,False,5202.320792602539,12.694130600526929,2.2327571594223354e-20,7.389056205749512,300000,9999835472.997665,0.0,0.0,499,0
2245,1127990,-25954.0,500,False,5202.320792602539,12.694130600526929,2.2327571594223354e-20,7.389056205749512,300000,9999835472.997665,0.0,0.0,499,0
2246,1127991,-25954.0,500,False,5202.320792602539,12.694130600526929,2.2327571594223354e-20,7.389056205749512,300000,9999835472.997665,0.0,0.0,499,0
2247,1127992,-25954.0,500,False,5202.320792602539,12.694130600526929,2.2327571594223354e-20,7.389056205749512,300000,9999835472.997665,0.0,0.0,499,0
2248,1127993,-25954.0,500,False,5202.320792602539,12.694130600526929,2.2327571594223354e-20,7.389056205749512,300000,9999835472.997665,0.0,0.0,499,0
2249,1127994,-25954.0,500,False,5202.320792602539,12.694130600526929,2.2327571594223354e-20,7.389056205749512,300000,9999835472.997665,0.0,0.0,499,0
2250,1127995,-25954.0,500,False,5202.320792602539,12.694130600526929,2.2327571594223354e-20,7.389056205749512,300000,9999835472.997665,0.0,0.0,499,0
2251,1127996,-25954.0,500,False,5202.320792602539,12.694130600526929,2.2327571594223354e-20,7.389056205749512,300000,9999835472.997665,0.0,0.0,499,0
2252,1127997,-25954.0,500,False,5202.320792602539,12.694130600526929,2.2327571594223354e-20,7.389056205749512,300000,9999835472.997665,0.0,0.0,499,0
2253,1127998,-25954.0,500,False,5202.320792602539,12.694130600526929,2.2327571594223354e-20,7.389056205749512,300000,9999835472.997665,0.0,0.0,499,0
2254,1127999,-25954.0,500,False,5202.320792602539,12.694130600526929,2.2327571594223354e-20,7.389056205749512,300000,9999835472.997665,0.0,0.0,499,0
2255,1128000,-25954.0,500,False,5202.320792602539,12.694130600526929,2.2327571594223354e-20,7.389056205749512,300000,9999835472.997665,0.0,0.0,499,0
2256,1135985,-25954.0,500,False,5688.308638183594,13.606690270345657,2.2369754713431732e-20,7.389056205749512,300000,9999835472.997665,0.0,0.0,499,0
2257,1135986,-25954.0,500,False,5688.308638183594,13.606690270345657,2.2369754713431732e-20,7.389056205749512,300000,9999835472.997665,0.0,0.0,499,0
2258,1135987,-25954.0,500,False,5688.308638183594,13.606690270345657,2.2369754713431732e-20,7.389056205749512,300000,9999835472.997665,0.0,0.0,499,0
2259,1135988,-25954.0,500,False,5688.308638183594,13.606690270345657,2.2369754713431732e-20,7.389056205749512,300000,9999835472.997665,0.0,0.0,499,0
2260,1135989,-25954.0,500,False,5688.308638183594,13.606690270345657,2.2369754713431732e-20,7.389056205749512,300000,9999835472.997665,0.0,0.0,499,0
2261,1135990,-25954.0,500,False,5688.308638183594,13.606690270345657,2.2369754713431732e-20,7.389056205749512,300000,9999835472.997665,0.0,0.0,499,0
2262,1135991,-25954.0,500,False,5688.308638183594,13.606690270345657,2.2369754713431732e-20,7.389056205749512,300000,9999835472.997665,0.0,0.0,499,0
2263,1135992,-25954.0,500,False,5688.308638183594,13.606690270345657,2.2369754713431732e-20,7.389056205749512,300000,9999835472.997665,0.0,0.0,499,0
2264,1135993,-25954.0,500,False,5688.308638183594,13.606690270345657,2.2369754713431732e-20,7.389056205749512,300000,9999835472.997665,0.0,0.0,499,0
2265,1135994,-25954.0,500,False,5688.308638183594,13.606690270345657,2.2369754713431732e-20,7.389056205749512,300000,9999835472.997665,0.0,0.0,499,0
2266,1135995,-25954.0,500,False,5688.308638183594,13.606690270345657,2.2369754713431732e-20,7.389056205749512,300000,9999835472.997665,0.0,0.0,499,0
2267,1135996,-25954.0,500,False,5688.308638183594,13.606690270345657,2.2369754713431732e-20,7.389056205749512,300000,9999835472.997665,0.0,0.0,499,0
2268,1135997,-25954.0,500,False,5688.308638183594,13.606690270345657,2.2369754713431732e-20,7.389056205749512,300000,9999835472.997665,0.0,0.0,499,0
2269,1135998,-25954.0,500,False,5688.308638183594,13.606690270345657,2.2369754713431732e-20,7.389056205749512,300000,9999835472.997665,0.0,0.0,499,0
2270,1135999,-25954.0,500,False,5688.308638183594,13.606690270345657,2.2369754713431732e-20,7.389056205749512,300000,9999835472.997665,0.0,0.0,499,0
2271,1136000,-25954.0,500,False,5688.308638183594,13.606690270345657,2.2369754713431732e-20,7.389056205749512,300000,9999835472.997665,0.0,0.0,499,0
2272,1143985,-25954.0,500,False,6136.855585083008,14.535802015475928,2.2311996164163648e-20,7.389056205749512,300000,9999835472.997665,0.0,0.0,499,0
2273,1143986,-25954.0,500,False,6136.855585083008,14.535802015475928,2.2311996164163648e-20,7.389056205749512,300000,9999835472.997665,0.0,0.0,499,0
2274,1143987,-25954.0,500,False,6136.855585083008,14.535802015475928,2.2311996164163648e-20,7.389056205749512,300000,9999835472.997665,0.0,0.0,499,0
2275,1143988,-25954.0,500,False,6136.855585083008,14.535802015475928,2.2311996164163648e-20,7.389056205749512,300000,9999835472.997665,0.0,0.0,499,0
2276,1143989,-25954.0,500,False,6136.855585083008,14.535802015475928,2.2311996164163648e-20,7.389056205749512,300000,9999835472.997665,0.0,0.0,499,0
2277,1143990,-25954.0,500,False,6136.855585083008,14.535802015475928,2.2311996164163648e-20,7.389056205749512,300000,9999835472.997665,0.0,0.0,499,0
2278,1143991,-25954.0,500,False,6136.855585083008,14.535802015475928,2.2311996164163648e-20,7.389056205749512,300000,9999835472.997665,0.0,0.0,499,0
2279,1143992,-25954.0,500,False,6136.855585083008,14.535802015475928,2.2311996164163648e-20,7.389056205749512,300000,9999835472.997665,0.0,0.0,499,0
2280,1143993,-25954.0,500,False,6136.855585083008,14.535802015475928,2.2311996164163648e-20,7.389056205749512,300000,9999835472.997665,0.0,0.0,499,0
2281,1143994,-25954.0,500,False,6136.855585083008,14.535802015475928,2.2311996164163648e-20,7.389056205749512,300000,9999835472.997665,0.0,0.0,499,0
2282,1143995,-25954.0,500,False,6136.855585083008,14.535802015475928,2.2311996164163648e-20,7.389056205749512,300000,9999835472.997665,0.0,0.0,499,0
2283,1143996,-25954.0,500,False,6136.855585083008,14.535802015475928,2.2311996164163648e-20,7.389056205749512,300000,9999835472.997665,0.0,0.0,499,0
2284,1143997,-25954.0,500,False,6136.855585083008,14.535802015475928,2.2311996164163648e-20,7.389056205749512,300000,9999835472.997665,0.0,0.0,499,0
2285,1143998,-25954.0,500,False,6136.855585083008,14.535802015475928,2.2311996164163648e-20,7.389056205749512,300000,9999835472.997665,0.0,0.0,499,0
2286,1143999,-25954.0,500,False,6136.855585083008,14.535802015475928,2.2311996164163648e-20,7.389056205749512,300000,9999835472.997665,0.0,0.0,499,0
2287,1144000,-25954.0,500,False,6136.855585083008,14.535802015475928,2.2311996164163648e-20,7.389056205749512,300000,9999835472.997665,0.0,0.0,499,0
2288,1151985,-25954.0,500,False,6543.028875366211,15.01077515596524,2.2338221244918562e-20,7.389056205749512,300000,9999835472.997665,0.0,0.0,499,0
2289,1151986,-25954.0,500,False,6543.028875366211,15.01077515596524,2.2338221244918562e-20,7.389056205749512,300000,9999835472.997665,0.0,0.0,499,0
2290,1151987,-25954.0,500,False,6543.028875366211,15.01077515596524,2.2338221244918562e-20,7.389056205749512,300000,9999835472.997665,0.0,0.0,499,0
2291,1151988,-25954.0,500,False,6543.028875366211,15.01077515596524,2.2338221244918562e-20,7.389056205749512,300000,9999835472.997665,0.0,0.0,499,0
2292,1151989,-25954.0,500,False,6543.028875366211,15.01077515596524,2.2338221244918562e-20,7.389056205749512,300000,9999835472.997665,0.0,0.0,499,0
2293,1151990,-25954.0,500,False,6543.028875366211,15.01077515596524,2.2338221244918562e-20,7.389056205749512,300000,9999835472.997665,0.0,0.0,499,0
2294,1151991,-25954.0,500,False,6543.028875366211,15.01077515596524,2.2338221244918562e-20,7.389056205749512,300000,9999835472.997665,0.0,0.0,499,0
2295,1151992,-25954.0,500,False,6543.028875366211,15.01077515596524,2.2338221244918562e-20,7.389056205749512,300000,9999835472.997665,0.0,0.0,499,0
2296,1151993,-25954.0,500,False,6543.028875366211,15.01077515596524,2.2338221244918562e-20,7.389056205749512,300000,9999835472.997665,0.0,0.0,499,0
2297,1151994,-25954.0,500,False,6543.028875366211,15.01077515596524,2.2338221244918562e-20,7.389056205749512,300000,9999835472.997665,0.0,0.0,499,0
2298,1151995,-25954.0,500,False,6543.028875366211,15.01077515596524,2.2338221244918562e-20,7.389056205749512,300000,9999835472.997665,0.0,0.0,499,0
2299,1151996,-25954.0,500,False,6543.028875366211,15.01077515596524,2.2338221244918562e-20,7.389056205749512,300000,9999835472.997665,0.0,0.0,499,0
2300,1151997,-25954.0,500,False,6543.028875366211,15.01077515596524,2.2338221244918562e-20,7.389056205749512,300000,9999835472.997665,0.0,0.0,499,0
2301,1151998,-25954.0,500,False,6543.028875366211,15.01077515596524,2.2338221244918562e-20,7.389056205749512,300000,9999835472.997665,0.0,0.0,499,0
2302,1151999,-25954.0,500,False,6543.028875366211,15.01077515596524,2.2338221244918562e-20,7.389056205749512,300000,9999835472.997665,0.0,0.0,499,0
2303,1152000,-25954.0,500,False,6543.028875366211,15.01077515596524,2.2338221244918562e-20,7.389056205749512,300000,9999835472.997665,0.0,0.0,499,0
2304,1159985,-25954.0,500,False,6910.2191978759765,16.009617814008145,2.207208972376655e-20,7.389056205749512,300000,9999835472.997665,0.0,0.0,499,0
2305,1159986,-25954.0,500,False,6910.2191978759765,16.009617814008145,2.207208972376655e-20,7.389056205749512,300000,9999835472.997665,0.0,0.0,499,0
2306,1159987,-25954.0,500,False,6910.2191978759765,16.009617814008145,2.207208972376655e-20,7.389056205749512,300000,9999835472.997665,0.0,0.0,499,0
2307,1159988,-25954.0,500,False,6910.2191978759765,16.009617814008145,2.207208972376655e-20,7.389056205749512,300000,9999835472.997665,0.0,0.0,499,0
2308,1159989,-25954.0,500,False,6910.2191978759765,16.009617814008145,2.207208972376655e-20,7.389056205749512,300000,9999835472.997665,0.0,0.0,499,0
2309,1159990,-25954.0,500,False,6910.2191978759765,16.009617814008145,2.207208972376655e-20,7.389056205749512,300000,9999835472.997665,0.0,0.0,499,0
2310,1159991,-25954.0,500,False,6910.2191978759765,16.009617814008145,2.207208972376655e-20,7.389056205749512,300000,9999835472.997665,0.0,0.0,499,0
2311,1159992,-25954.0,500,False,6910.2191978759765,16.009617814008145,2.207208972376655e-20,7.389056205749512,300000,9999835472.997665,0.0,0.0,499,0
2312,1159993,-25954.0,500,False,6910.2191978759765,16.009617814008145,2.207208972376655e-20,7.389056205749512,300000,9999835472.997665,0.0,0.0,499,0
2313,1159994,-25954.0,500,False,6910.2191978759765,16.009617814008145,2.207208972376655e-20,7.389056205749512,300000,9999835472.997665,0.0,0.0,499,0
2314,1159995,-25954.0,500,False,6910.2191978759765,16.009617814008145,2.207208972376655e-20,7.389056205749512,300000,9999835472.997665,0.0,0.0,499,0
2315,1159996,-25954.0,500,False,6910.2191978759765,16.009617814008145,2.207208972376655e-20,7.389056205749512,300000,9999835472.997665,0.0,0.0,499,0
2316,1159997,-25954.0,500,False,6910.2191978759765,16.009617814008145,2.207208972376655e-20,7.389056205749512,300000,9999835472.997665,0.0,0.0,499,0
2317,1159998,-25954.0,500,False,6910.2191978759765,16.009617814008145,2.207208972376655e-20,7.389056205749512,300000,9999835472.997665,0.0,0.0,499,0
2318,1159999,-25954.0,500,False,6910.2191978759765,16.009617814008145,2.207208972376655e-20,7.389056205749512,300000,9999835472.997665,0.0,0.0,499,0
2319,1160000,-25954.0,500,False,6910.2191978759765,16.009617814008145,2.207208972376655e-20,7.389056205749512,300000,9999835472.997665,0.0,0.0,499,0
2320,1167985,-25954.0,500,False,7238.338795898438,16.62480500836298,2.216962901255933e-20,7.389056205749512,300000,9999835472.997665,0.0,0.0,499,0
2321,1167986,-25954.0,500,False,7238.338795898438,16.62480500836298,2.216962901255933e-20,7.389056205749512,300000,9999835472.997665,0.0,0.0,499,0
2322,1167987,-25954.0,500,False,7238.338795898438,16.62480500836298,2.216962901255933e-20,7.389056205749512,300000,9999835472.997665,0.0,0.0,499,0
2323,1167988,-25954.0,500,False,7238.338795898438,16.62480500836298,2.216962901255933e-20,7.389056205749512,300000,9999835472.997665,0.0,0.0,499,0
2324,1167989,-25954.0,500,False,7238.338795898438,16.62480500836298,2.216962901255933e-20,7.389056205749512,300000,9999835472.997665,0.0,0.0,499,0
2325,1167990,-25954.0,500,False,7238.338795898438,16.62480500836298,2.216962901255933e-20,7.389056205749512,300000,9999835472.997665,0.0,0.0,499,0
2326,1167991,-25954.0,500,False,7238.338795898438,16.62480500836298,2.216962901255933e-20,7.389056205749512,300000,9999835472.997665,0.0,0.0,499,0
2327,1167992,-25954.0,500,False,7238.338795898438,16.62480500836298,2.216962901255933e-20,7.389056205749512,300000,9999835472.997665,0.0,0.0,499,0
2328,1167993,-25954.0,500,False,7238.338795898438,16.62480500836298,2.216962901255933e-20,7.389056205749512,300000,9999835472.997665,0.0,0.0,499,0
2329,1167994,-25954.0,500,False,7238.338795898438,16.62480500836298,2.216962901255933e-20,7.389056205749512,300000,9999835472.997665,0.0,0.0,499,0
2330,1167995,-25954.0,500,False,7238.338795898438,16.62480500836298,2.216962901255933e-20,7.389056205749512,300000,9999835472.997665,0.0,0.0,499,0
2331,1167996,-25954.0,500,False,7238.338795898438,16.62480500836298,2.216962901255933e-20,7.389056205749512,300000,9999835472.997665,0.0,0.0,499,0
2332,1167997,-25954.0,500,False,7238.338795898438,16.62480500836298,2.216962901255933e-20,7.389056205749512,300000,9999835472.997665,0.0,0.0,499,0
2333,1167998,-25954.0,500,False,7238.338795898438,16.62480500836298,2.216962901255933e-20,7.389056205749512,300000,9999835472.997665,0.0,0.0,499,0
2334,1167999,-25954.0,500,False,7238.338795898438,16.62480500836298,2.216962901255933e-20,7.389056205749512,300000,9999835472.997665,0.0,0.0,499,0
2335,1168000,-25954.0,500,False,7238.338795898438,16.62480500836298,2.216962901255933e-20,7.389056205749512,300000,9999835472.997665,0.0,0.0,499,0
2336,1175985,-25954.0,500,False,7537.105265258789,17.4279756356813,2.2242905256659457e-20,7.389056205749512,300000,9999835472.997665,0.0,0.0,499,0
2337,1175986,-25954.0,500,False,7537.105265258789,17.4279756356813,2.2242905256659457e-20,7.389056205749512,300000,9999835472.997665,0.0,0.0,499,0
2338,1175987,-25954.0,500,False,7537.105265258789,17.4279756356813,2.2242905256659457e-20,7.389056205749512,300000,9999835472.997665,0.0,0.0,499,0
2339,1175988,-25954.0,500,False,7537.105265258789,17.4279756356813,2.2242905256659457e-20,7.389056205749512,300000,9999835472.997665,0.0,0.0,499,0
2340,1175989,-25954.0,500,False,7537.105265258789,17.4279756356813,2.2242905256659457e-20,7.389056205749512,300000,9999835472.997665,0.0,0.0,499,0
2341,1175990,-25954.0,500,False,7537.105265258789,17.4279756356813,2.2242905256659457e-20,7.389056205749512,300000,9999835472.997665,0.0,0.0,499,0
2342,1175991,-25954.0,500,False,7537.105265258789,17.4279756356813,2.2242905256659457e-20,7.389056205749512,300000,9999835472.997665,0.0,0.0,499,0
2343,1175992,-25954.0,500,False,7537.105265258789,17.4279756356813,2.2242905256659457e-20,7.389056205749512,300000,9999835472.997665,0.0,0.0,499,0
2344,1175993,-25954.0,500,False,7537.105265258789,17.4279756356813,2.2242905256659457e-20,7.389056205749512,300000,9999835472.997665,0.0,0.0,499,0
2345,1175994,-25954.0,500,False,7537.105265258789,17.4279756356813,2.2242905256659457e-20,7.389056205749512,300000,9999835472.997665,0.0,0.0,499,0
2346,1175995,-25954.0,500,False,7537.105265258789,17.4279756356813,2.2242905256659457e-20,7.389056205749512,300000,9999835472.997665,0.0,0.0,499,0
2347,1175996,-25954.0,500,False,7537.105265258789,17.4279756356813,2.2242905256659457e-20,7.389056205749512,300000,9999835472.997665,0.0,0.0,499,0
2348,1175997,-25954.0,500,False,7537.105265258789,17.4279756356813,2.2242905256659457e-20,7.389056205749512,300000,9999835472.997665,0.0,0.0,499,0
2349,1175998,-25954.0,500,False,7537.105265258789,17.4279756356813,2.2242905256659457e-20,7.389056205749512,300000,9999835472.997665,0.0,0.0,499,0
2350,1175999,-25954.0,500,False,7537.105265258789,17.4279756356813,2.2242905256659457e-20,7.389056205749512,300000,9999835472.997665,0.0,0.0,499,0
2351,1176000,-25954.0,500,False,7537.105265258789,17.4279756356813,2.2242905256659457e-20,7.389056205749512,300000,9999835472.997665,0.0,0.0,499,0
2352,1183985,-25954.0,500,False,7808.650787475586,17.888218829263003,2.211270668210407e-20,7.389056205749512,300000,9999835472.997665,0.0,0.0,499,0
2353,1183986,-25954.0,500,False,7808.650787475586,17.888218829263003,2.211270668210407e-20,7.389056205749512,300000,9999835472.997665,0.0,0.0,499,0
2354,1183987,-25954.0,500,False,7808.650787475586,17.888218829263003,2.211270668210407e-20,7.389056205749512,300000,9999835472.997665,0.0,0.0,499,0
2355,1183988,-25954.0,500,False,7808.650787475586,17.888218829263003,2.211270668210407e-20,7.389056205749512,300000,9999835472.997665,0.0,0.0,499,0
2356,1183989,-25954.0,500,False,7808.650787475586,17.888218829263003,2.211270668210407e-20,7.389056205749512,300000,9999835472.997665,0.0,0.0,499,0
2357,1183990,-25954.0,500,False,7808.650787475586,17.888218829263003,2.211270668210407e-20,7.389056205749512,300000,9999835472.997665,0.0,0.0,499,0
2358,1183991,-25954.0,500,False,7808.650787475586,17.888218829263003,2.211270668210407e-20,7.389056205749512,300000,9999835472.997665,0.0,0.0,499,0
2359,1183992,-25954.0,500,False,7808.650787475586,17.888218829263003,2.211270668210407e-20,7.389056205749512,300000,9999835472.997665,0.0,0.0,499,0
2360,1183993,-25954.0,500,False,7808.650787475586,17.888218829263003,2.211270668210407e-20,7.389056205749512,300000,9999835472.997665,0.0,0.0,499,0
2361,1183994,-25954.0,500,False,7808.650787475586,17.888218829263003,2.211270668210407e-20,7.389056205749512,300000,9999835472.997665,0.0,0.0,499,0
2362,1183995,-25954.0,500,False,7808.650787475586,17.888218829263003,2.211270668210407e-20,7.389056205749512,300000,9999835472.997665,0.0,0.0,499,0
2363,1183996,-25954.0,500,False,7808.650787475586,17.888218829263003,2.211270668210407e-20,7.389056205749512,300000,9999835472.997665,0.0,0.0,499,0
2364,1183997,-25954.0,500,False,7808.650787475586,17.888218829263003,2.211270668210407e-20,7.389056205749512,300000,9999835472.997665,0.0,0.0,499,0
2365,1183998,-25954.0,500,False,7808.650787475586,17.888218829263003,2.211270668210407e-20,7.389056205749512,300000,9999835472.997665,0.0,0.0,499,0
2366,1183999,-25954.0,500,False,7808.650787475586,17.888218829263003,2.211270668210407e-20,7.389056205749512,300000,9999835472.997665,0.0,0.0,499,0
2367,1184000,-25954.0,500,False,7808.650787475586,17.888218829263003,2.211270668210407e-20,7.389056205749512,300000,9999835472.997665,0.0,0.0,499,0
2368,1191985,-25954.0,500,False,8059.559544067382,18.419621685687453,2.2248783039523805e-20,7.389056205749512,300000,9999835472.997665,0.0,0.0,499,0
2369,1191986,-25954.0,500,False,8059.559544067382,18.419621685687453,2.2248783039523805e-20,7.389056205749512,300000,9999835472.997665,0.0,0.0,499,0
2370,1191987,-25954.0,500,False,8059.559544067382,18.419621685687453,2.2248783039523805e-20,7.389056205749512,300000,9999835472.997665,0.0,0.0,499,0
2371,1191988,-25954.0,500,False,8059.559544067382,18.419621685687453,2.2248783039523805e-20,7.389056205749512,300000,9999835472.997665,0.0,0.0,499,0
2372,1191989,-25954.0,500,False,8059.559544067382,18.419621685687453,2.2248783039523805e-20,7.389056205749512,300000,9999835472.997665,0.0,0.0,499,0
2373,1191990,-25954.0,500,False,8059.559544067382,18.419621685687453,2.2248783039523805e-20,7.389056205749512,300000,9999835472.997665,0.0,0.0,499,0
2374,1191991,-25954.0,500,False,8059.559544067382,18.419621685687453,2.2248783039523805e-20,7.389056205749512,300000,9999835472.997665,0.0,0.0,499,0
2375,1191992,-25954.0,500,False,8059.559544067382,18.419621685687453,2.2248783039523805e-20,7.389056205749512,300000,9999835472.997665,0.0,0.0,499,0
2376,1191993,-25954.0,500,False,8059.559544067382,18.419621685687453,2.2248783039523805e-20,7.389056205749512,300000,9999835472.997665,0.0,0.0,499,0
2377,1191994,-25954.0,500,False,8059.559544067382,18.419621685687453,2.2248783039523805e-20,7.389056205749512,300000,9999835472.997665,0.0,0.0,499,0
2378,1191995,-25954.0,500,False,8059.559544067382,18.419621685687453,2.2248783039523805e-20,7.389056205749512,300000,9999835472.997665,0.0,0.0,499,0
2379,1191996,-25954.0,500,False,8059.559544067382,18.419621685687453,2.2248783039523805e-20,7.389056205749512,300000,9999835472.997665,0.0,0.0,499,0
2380,1191997,-25954.0,500,False,8059.559544067382,18.419621685687453,2.2248783039523805e-20,7.389056205749512,300000,9999835472.997665,0.0,0.0,499,0
2381,1191998,-25954.0,500,False,8059.559544067382,18.419621685687453,2.2248783039523805e-20,7.389056205749512,300000,9999835472.997665,0.0,0.0,499,0
2382,1191999,-25954.0,500,False,8059.559544067382,18.419621685687453,2.2248783039523805e-20,7.389056205749512,300000,9999835472.997665,0.0,0.0,499,0
2383,1192000,-25954.0,500,False,8059.559544067382,18.419621685687453,2.2248783039523805e-20,7.389056205749512,300000,9999835472.997665,0.0,0.0,499,0
2384,1199985,-25954.0,500,False,8294.625604736328,19.022939496032894,2.2003700739798576e-20,7.389056205749512,300000,9999835472.997665,0.0,0.0,499,0
2385,1199986,-25954.0,500,False,8294.625604736328,19.022939496032894,2.2003700739798576e-20,7.389056205749512,300000,9999835472.997665,0.0,0.0,499,0
2386,1199987,-25954.0,500,False,8294.625604736328,19.022939496032894,2.2003700739798576e-20,7.389056205749512,300000,9999835472.997665,0.0,0.0,499,0
2387,1199988,-25954.0,500,False,8294.625604736328,19.022939496032894,2.2003700739798576e-20,7.389056205749512,300000,9999835472.997665,0.0,0.0,499,0
2388,1199989,-25954.0,500,False,8294.625604736328,19.022939496032894,2.2003700739798576e-20,7.389056205749512,300000,9999835472.997665,0.0,0.0,499,0
2389,1199990,-25954.0,500,False,8294.625604736328,19.022939496032894,2.2003700739798576e-20,7.389056205749512,300000,9999835472.997665,0.0,0.0,499,0
2390,1199991,-25954.0,500,False,8294.625604736328,19.022939496032894,2.2003700739798576e-20,7.389056205749512,300000,9999835472.997665,0.0,0.0,499,0
2391,1199992,-25954.0,500,False,8294.625604736328,19.022939496032894,2.2003700739798576e-20,7.389056205749512,300000,9999835472.997665,0.0,0.0,499,0
2392,1199993,-25954.0,500,False,8294.625604736328,19.022939496032894,2.2003700739798576e-20,7.389056205749512,300000,9999835472.997665,0.0,0.0,499,0
2393,1199994,-25954.0,500,False,8294.625604736328,19.022939496032894,2.2003700739798576e-20,7.389056205749512,300000,9999835472.997665,0.0,0.0,499,0
2394,1199995,-25954.0,500,False,8294.625604736328,19.022939496032894,2.2003700739798576e-20,7.389056205749512,300000,9999835472.997665,0.0,0.0,499,0
2395,1199996,-25954.0,500,False,8294.625604736328,19.022939496032894,2.2003700739798576e-20,7.389056205749512,300000,9999835472.997665,0.0,0.0,499,0
2396,1199997,-25954.0,500,False,8294.625604736328,19.022939496032894,2.2003700739798576e-20,7.389056205749512,300000,9999835472.997665,0.0,0.0,499,0
2397,1199998,-25954.0,500,False,8294.625604736328,19.022939496032894,2.2003700739798576e-20,7.389056205749512,300000,9999835472.997665,0.0,0.0,499,0
2398,1199999,-25954.0,500,False,8294.625604736328,19.022939496032894,2.2003700739798576e-20,7.389056205749512,300000,9999835472.997665,0.0,0.0,499,0
2399,1200000,-25954.0,500,False,8294.625604736328,19.022939496032894,2.2003700739798576e-20,7.389056205749512,300000,9999835472.997665,0.0,0.0,499,0
2400,1207985,-25954.0,500,False,8525.039716552734,19.418844589781017,2.2070613044410532e-20,7.389056205749512,300000,9999835472.997665,0.0,0.0,499,0
2401,1207986,-25954.0,500,False,8525.039716552734,19.418844589781017,2.2070613044410532e-20,7.389056205749512,300000,9999835472.997665,0.0,0.0,499,0
2402,1207987,-25954.0,500,False,8525.039716552734,19.418844589781017,2.2070613044410532e-20,7.389056205749512,300000,9999835472.997665,0.0,0.0,499,0
2403,1207988,-25954.0,500,False,8525.039716552734,19.418844589781017,2.2070613044410532e-20,7.389056205749512,300000,9999835472.997665,0.0,0.0,499,0
2404,1207989,-25954.0,500,False,8525.039716552734,19.418844589781017,2.2070613044410532e-20,7.389056205749512,300000,9999835472.997665,0.0,0.0,499,0
2405,1207990,-25954.0,500,False,8525.039716552734,19.418844589781017,2.2070613044410532e-20,7.389056205749512,300000,9999835472.997665,0.0,0.0,499,0
2406,1207991,-25954.0,500,False,8525.039716552734,19.418844589781017,2.2070613044410532e-20,7.389056205749512,300000,9999835472.997665,0.0,0.0,499,0
2407,1207992,-25954.0,500,False,8525.039716552734,19.418844589781017,2.2070613044410532e-20,7.389056205749512,300000,9999835472.997665,0.0,0.0,499,0
2408,1207993,-25954.0,500,False,8525.039716552734,19.418844589781017,2.2070613044410532e-20,7.389056205749512,300000,9999835472.997665,0.0,0.0,499,0
2409,1207994,-25954.0,500,False,8525.039716552734,19.418844589781017,2.2070613044410532e-20,7.389056205749512,300000,9999835472.997665,0.0,0.0,499,0
2410,1207995,-25954.0,500,False,8525.039716552734,19.418844589781017,2.2070613044410532e-20,7.389056205749512,300000,9999835472.997665,0.0,0.0,499,0
2411,1207996,-25954.0,500,False,8525.039716552734,19.418844589781017,2.2070613044410532e-20,7.389056205749512,300000,9999835472.997665,0.0,0.0,499,0
2412,1207997,-25954.0,500,False,8525.039716552734,19.418844589781017,2.2070613044410532e-20,7.389056205749512,300000,9999835472.997665,0.0,0.0,499,0
2413,1207998,-25954.0,500,False,8525.039716552734,19.418844589781017,2.2070613044410532e-20,7.389056205749512,300000,9999835472.997665,0.0,0.0,499,0
2414,1207999,-25954.0,500,False,8525.039716552734,19.418844589781017,2.2070613044410532e-20,7.389056205749512,300000,9999835472.997665,0.0,0.0,499,0
2415,1208000,-25954.0,500,False,8525.039716552734,19.418844589781017,2.2070613044410532e-20,7.389056205749512,300000,9999835472.997665,0.0,0.0,499,0
2416,1215985,-25954.0,500,False,8733.559653564453,20.313253494620323,2.2040000691996537e-20,7.389056205749512,300000,9999835472.997665,0.0,0.0,499,0
2417,1215986,-25954.0,500,False,8733.559653564453,20.313253494620323,2.2040000691996537e-20,7.389056205749512,300000,9999835472.997665,0.0,0.0,499,0
2418,1215987,-25954.0,500,False,8733.559653564453,20.313253494620323,2.2040000691996537e-20,7.389056205749512,300000,9999835472.997665,0.0,0.0,499,0
2419,1215988,-25954.0,500,False,8733.559653564453,20.313253494620323,2.2040000691996537e-20,7.389056205749512,300000,9999835472.997665,0.0,0.0,499,0
2420,1215989,-25954.0,500,False,8733.559653564453,20.313253494620323,2.2040000691996537e-20,7.389056205749512,300000,9999835472.997665,0.0,0.0,499,0
2421,1215990,-25954.0,500,False,8733.559653564453,20.313253494620323,2.2040000691996537e-20,7.389056205749512,300000,9999835472.997665,0.0,0.0,499,0
2422,1215991,-25954.0,500,False,8733.559653564453,20.313253494620323,2.2040000691996537e-20,7.389056205749512,300000,9999835472.997665,0.0,0.0,499,0
2423,1215992,-25954.0,500,False,8733.559653564453,20.313253494620323,2.2040000691996537e-20,7.389056205749512,300000,9999835472.997665,0.0,0.0,499,0
2424,1215993,-25954.0,500,False,8733.559653564453,20.313253494620323,2.2040000691996537e-20,7.389056205749512,300000,9999835472.997665,0.0,0.0,499,0
2425,1215994,-25954.0,500,False,8733.559653564453,20.313253494620323,2.2040000691996537e-20,7.389056205749512,300000,9999835472.997665,0.0,0.0,499,0
2426,1215995,-25954.0,500,False,8733.559653564453,20.313253494620323,2.2040000691996537e-20,7.389056205749512,300000,9999835472.997665,0.0,0.0,499,0
2427,1215996,-25954.0,500,False,8733.559653564453,20.313253494620323,2.2040000691996537e-20,7.389056205749512,300000,9999835472.997665,0.0,0.0,499,0
2428,1215997,-25954.0,500,False,8733.559653564453,20.313253494620323,2.2040000691996537e-20,7.389056205749512,300000,9999835472.997665,0.0,0.0,499,0
2429,1215998,-25954.0,500,False,8733.559653564453,20.313253494620323,2.2040000691996537e-20,7.389056205749512,300000,9999835472.997665,0.0,0.0,499,0
2430,1215999,-25954.0,500,False,8733.559653564453,20.313253494620323,2.2040000691996537e-20,7.389056205749512,300000,9999835472.997665,0.0,0.0,499,0
2431,1216000,-25954.0,500,False,8733.559653564453,20.313253494620323,2.2040000691996537e-20,7.389056205749512,300000,9999835472.997665,0.0,0.0,499,0
2432,1223985,-25954.0,500,False,8916.86872265625,20.920527770213784,2.2027714074900944e-20,7.389056205749512,300000,9999835472.997665,0.0,0.0,499,0
2433,1223986,-25954.0,500,False,8916.86872265625,20.920527770213784,2.2027714074900944e-20,7.389056205749512,300000,9999835472.997665,0.0,0.0,499,0
2434,1223987,-25954.0,500,False,8916.86872265625,20.920527770213784,2.2027714074900944e-20,7.389056205749512,300000,9999835472.997665,0.0,0.0,499,0
2435,1223988,-25954.0,500,False,8916.86872265625,20.920527770213784,2.2027714074900944e-20,7.389056205749512,300000,9999835472.997665,0.0,0.0,499,0
2436,1223989,-25954.0,500,False,8916.86872265625,20.920527770213784,2.2027714074900944e-20,7.389056205749512,300000,9999835472.997665,0.0,0.0,499,0
2437,1223990,-25954.0,500,False,8916.86872265625,20.920527770213784,2.2027714074900944e-20,7.389056205749512,300000,9999835472.997665,0.0,0.0,499,0
2438,1223991,-25954.0,500,False,8916.86872265625,20.920527770213784,2.2027714074900944e-20,7.389056205749512,300000,9999835472.997665,0.0,0.0,499,0
2439,1223992,-25954.0,500,False,8916.86872265625,20.920527770213784,2.2027714074900944e-20,7.389056205749512,300000,9999835472.997665,0.0,0.0,499,0
2440,1223993,-25954.0,500,False,8916.86872265625,20.920527770213784,2.2027714074900944e-20,7.389056205749512,300000,9999835472.997665,0.0,0.0,499,0
2441,1223994,-25954.0,500,False,8916.86872265625,20.920527770213784,2.2027714074900944e-20,7.389056205749512,300000,9999835472.997665,0.0,0.0,499,0
2442,1223995,-25954.0,500,False,8916.86872265625,20.920527770213784,2.2027714074900944e-20,7.389056205749512,300000,9999835472.997665,0.0,0.0,499,0
2443,1223996,-25954.0,500,False,8916.86872265625,20.920527770213784,2.2027714074900944e-20,7.389056205749512,300000,9999835472.997665,0.0,0.0,499,0
2444,1223997,-25954.0,500,False,8916.86872265625,20.920527770213784,2.2027714074900944e-20,7.389056205749512,300000,9999835472.997665,0.0,0.0,499,0
2445,1223998,-25954.0,500,False,8916.86872265625,20.920527770213784,2.2027714074900944e-20,7.389056205749512,300000,9999835472.997665,0.0,0.0,499,0
2446,1223999,-25954.0,500,False,8916.86872265625,20.920527770213784,2.2027714074900944e-20,7.389056205749512,300000,9999835472.997665,0.0,0.0,499,0
2447,1224000,-25954.0,500,False,8916.86872265625,20.920527770213784,2.2027714074900944e-20,7.389056205749512,300000,9999835472.997665,0.0,0.0,499,0
2448,1231985,-25954.0,500,False,9078.921180419922,20.920086513370276,2.20545954695517e-20,7.389056205749512,300000,9999835472.997665,0.0,0.0,499,0
2449,1231986,-25954.0,500,False,9078.921180419922,20.920086513370276,2.20545954695517e-20,7.389056205749512,300000,9999835472.997665,0.0,0.0,499,0
2450,1231987,-25954.0,500,False,9078.921180419922,20.920086513370276,2.20545954695517e-20,7.389056205749512,300000,9999835472.997665,0.0,0.0,499,0
2451,1231988,-25954.0,500,False,9078.921180419922,20.920086513370276,2.20545954695517e-20,7.389056205749512,300000,9999835472.997665,0.0,0.0,499,0
2452,1231989,-25954.0,500,False,9078.921180419922,20.920086513370276,2.20545954695517e-20,7.389056205749512,300000,9999835472.997665,0.0,0.0,499,0
2453,1231990,-25954.0,500,False,9078.921180419922,20.920086513370276,2.20545954695517e-20,7.389056205749512,300000,9999835472.997665,0.0,0.0,499,0
2454,1231991,-25954.0,500,False,9078.921180419922,20.920086513370276,2.20545954695517e-20,7.389056205749512,300000,9999835472.997665,0.0,0.0,499,0
2455,1231992,-25954.0,500,False,9078.921180419922,20.920086513370276,2.20545954695517e-20,7.389056205749512,300000,9999835472.997665,0.0,0.0,499,0
2456,1231993,-25954.0,500,False,9078.921180419922,20.920086513370276,2.20545954695517e-20,7.389056205749512,300000,9999835472.997665,0.0,0.0,499,0
2457,1231994,-25954.0,500,False,9078.921180419922,20.920086513370276,2.20545954695517e-20,7.389056205749512,300000,9999835472.997665,0.0,0.0,499,0
2458,1231995,-25954.0,500,False,9078.921180419922,20.920086513370276,2.20545954695517e-20,7.389056205749512,300000,9999835472.997665,0.0,0.0,499,0
2459,1231996,-25954.0,500,False,9078.921180419922,20.920086513370276,2.20545954695517e-20,7.389056205749512,300000,9999835472.997665,0.0,0.0,499,0
2460,1231997,-25954.0,500,False,9078.921180419922,20.920086513370276,2.20545954695517e-20,7.389056205749512,300000,9999835472.997665,0.0,0.0,499,0
2461,1231998,-25954.0,500,False,9078.921180419922,20.920086513370276,2.20545954695517e-20,7.389056205749512,300000,9999835472.997665,0.0,0.0,499,0
2462,1231999,-25954.0,500,False,9078.921180419922,20.920086513370276,2.20545954695517e-20,7.389056205749512,300000,9999835472.997665,0.0,0.0,499,0
2463,1232000,-25954.0,500,False,9078.921180419922,20.920086513370276,2.20545954695517e-20,7.389056205749512,300000,9999835472.997665,0.0,0.0,499,0
2464,1239985,-25954.0,500,False,9221.493866455077,21.569914615653456,2.2045639666646738e-20,7.389056205749512,300000,9999835472.997665,0.0,0.0,499,0
2465,1239986,-25954.0,500,False,9221.493866455077,21.569914615653456,2.2045639666646738e-20,7.389056205749512,300000,9999835472.997665,0.0,0.0,499,0
2466,1239987,-25954.0,500,False,9221.493866455077,21.569914615653456,2.2045639666646738e-20,7.389056205749512,300000,9999835472.997665,0.0,0.0,499,0
2467,1239988,-25954.0,500,False,9221.493866455077,21.569914615653456,2.2045639666646738e-20,7.389056205749512,300000,9999835472.997665,0.0,0.0,499,0
2468,1239989,-25954.0,500,False,9221.493866455077,21.569914615653456,2.2045639666646738e-20,7.389056205749512,300000,9999835472.997665,0.0,0.0,499,0
2469,1239990,-25954.0,500,False,9221.493866455077,21.569914615653456,2.2045639666646738e-20,7.389056205749512,300000,9999835472.997665,0.0,0.0,499,0
2470,1239991,-25954.0,500,False,9221.493866455077,21.569914615653456,2.2045639666646738e-20,7.389056205749512,300000,9999835472.997665,0.0,0.0,499,0
2471,1239992,-25954.0,500,False,9221.493866455077,21.569914615653456,2.2045639666646738e-20,7.389056205749512,300000,9999835472.997665,0.0,0.0,499,0
2472,1239993,-25954.0,500,False,9221.493866455077,21.569914615653456,2.2045639666646738e-20,7.389056205749512,300000,9999835472.997665,0.0,0.0,499,0
2473,1239994,-25954.0,500,False,9221.493866455077,21.569914615653456,2.2045639666646738e-20,7.389056205749512,300000,9999835472.997665,0.0,0.0,499,0
2474,1239995,-25954.0,500,False,9221.493866455077,21.569914615653456,2.2045639666646738e-20,7.389056205749512,300000,9999835472.997665,0.0,0.0,499,0
2475,1239996,-25954.0,500,False,9221.493866455077,21.569914615653456,2.2045639666646738e-20,7.389056205749512,300000,9999835472.997665,0.0,0.0,499,0
2476,1239997,-25954.0,500,False,9221.493866455077,21.569914615653456,2.2045639666646738e-20,7.389056205749512,300000,9999835472.997665,0.0,0.0,499,0
2477,1239998,-25954.0,500,False,9221.493866455077,21.569914615653456,2.2045639666646738e-20,7.389056205749512,300000,9999835472.997665,0.0,0.0,499,0
2478,1239999,-25954.0,500,False,9221.493866455077,21.569914615653456,2.2045639666646738e-20,7.389056205749512,300000,9999835472.997665,0.0,0.0,499,0
2479,1240000,-25954.0,500,False,9221.493866455077,21.569914615653456,2.2045639666646738e-20,7.389056205749512,300000,9999835472.997665,0.0,0.0,499,0
2480,1247985,-25954.0,500,False,9351.161083496094,21.650511983447707,2.2082792512940125e-20,7.389056205749512,300000,9999835472.997665,0.0,0.0,499,0
2481,1247986,-25954.0,500,False,9351.161083496094,21.650511983447707,2.2082792512940125e-20,7.389056205749512,300000,9999835472.997665,0.0,0.0,499,0
2482,1247987,-25954.0,500,False,9351.161083496094,21.650511983447707,2.2082792512940125e-20,7.389056205749512,300000,9999835472.997665,0.0,0.0,499,0
2483,1247988,-25954.0,500,False,9351.161083496094,21.650511983447707,2.2082792512940125e-20,7.389056205749512,300000,9999835472.997665,0.0,0.0,499,0
2484,1247989,-25954.0,500,False,9351.161083496094,21.650511983447707,2.2082792512940125e-20,7.389056205749512,300000,9999835472.997665,0.0,0.0,499,0
2485,1247990,-25954.0,500,False,9351.161083496094,21.650511983447707,2.2082792512940125e-20,7.389056205749512,300000,9999835472.997665,0.0,0.0,499,0
2486,1247991,-25954.0,500,False,9351.161083496094,21.650511983447707,2.2082792512940125e-20,7.389056205749512,300000,9999835472.997665,0.0,0.0,499,0
2487,1247992,-25954.0,500,False,9351.161083496094,21.650511983447707,2.2082792512940125e-20,7.389056205749512,300000,9999835472.997665,0.0,0.0,499,0
2488,1247993,-25954.0,500,False,9351.161083496094,21.650511983447707,2.2082792512940125e-20,7.389056205749512,300000,9999835472.997665,0.0,0.0,499,0
2489,1247994,-25954.0,500,False,9351.161083496094,21.650511983447707,2.2082792512940125e-20,7.389056205749512,300000,9999835472.997665,0.0,0.0,499,0
2490,1247995,-25954.0,500,False,9351.161083496094,21.650511983447707,2.2082792512940125e-20,7.389056205749512,300000,9999835472.997665,0.0,0.0,499,0
2491,1247996,-25954.0,500,False,9351.161083496094,21.650511983447707,2.2082792512940125e-20,7.389056205749512,300000,9999835472.997665,0.0,0.0,499,0
2492,1247997,-25954.0,500,False,9351.161083496094,21.650511983447707,2.2082792512940125e-20,7.389056205749512,300000,9999835472.997665,0.0,0.0,499,0
2493,1247998,-25954.0,500,False,9351.161083496094,21.650511983447707,2.2082792512940125e-20,7.389056205749512,300000,9999835472.997665,0.0,0.0,499,0
2494,1247999,-25954.0,500,False,9351.161083496094,21.650511983447707,2.2082792512940125e-20,7.389056205749512,300000,9999835472.997665,0.0,0.0,499,0
2495,1248000,-25954.0,500,False,9351.161083496094,21.650511983447707,2.2082792512940125e-20,7.389056205749512,300000,9999835472.997665,0.0,0.0,499,0
2496,1255985,-25954.0,500,False,9468.009989746093,21.457247288167476,2.1930539599213542e-20,7.389056205749512,300000,9999835472.997665,0.0,0.0,499,0
2497,1255986,-25954.0,500,False,9468.009989746093,21.457247288167476,2.1930539599213542e-20,7.389056205749512,300000,9999835472.997665,0.0,0.0,499,0
2498,1255987,-25954.0,500,False,9468.009989746093,21.457247288167476,2.1930539599213542e-20,7.389056205749512,300000,9999835472.997665,0.0,0.0,499,0
2499,1255988,-25954.0,500,False,9468.009989746093,21.457247288167476,2.1930539599213542e-20,7.389056205749512,300000,9999835472.997665,0.0,0.0,499,0
2500,1255989,-25954.0,500,False,9468.009989746093,21.457247288167476,2.1930539599213542e-20,7.389056205749512,300000,9999835472.997665,0.0,0.0,499,0
2501,1255990,-25954.0,500,False,9468.009989746093,21.457247288167476,2.1930539599213542e-20,7.389056205749512,300000,9999835472.997665,0.0,0.0,499,0
2502,1255991,-25954.0,500,False,9468.009989746093,21.457247288167476,2.1930539599213542e-20,7.389056205749512,300000,9999835472.997665,0.0,0.0,499,0
2503,1255992,-25954.0,500,False,9468.009989746093,21.457247288167476,2.1930539599213542e-20,7.389056205749512,300000,9999835472.997665,0.0,0.0,499,0
2504,1255993,-25954.0,500,False,9468.009989746093,21.457247288167476,2.1930539599213542e-20,7.389056205749512,300000,9999835472.997665,0.0,0.0,499,0
2505,1255994,-25954.0,500,False,9468.009989746093,21.457247288167476,2.1930539599213542e-20,7.389056205749512,300000,9999835472.997665,0.0,0.0,499,0
2506,1255995,-25954.0,500,False,9468.009989746093,21.457247288167476,2.1930539599213542e-20,7.389056205749512,300000,9999835472.997665,0.0,0.0,499,0
2507,1255996,-25954.0,500,False,9468.009989746093,21.457247288167476,2.1930539599213542e-20,7.389056205749512,300000,9999835472.997665,0.0,0.0,499,0
2508,1255997,-25954.0,500,False,9468.009989746093,21.457247288167476,2.1930539599213542e-20,7.389056205749512,300000,9999835472.997665,0.0,0.0,499,0
2509,1255998,-25954.0,500,False,9468.009989746093,21.457247288167476,2.1930539599213542e-20,7.389056205749512,300000,9999835472.997665,0.0,0.0,499,0
2510,1255999,-25954.0,500,False,9468.009989746093,21.457247288167476,2.1930539599213542e-20,7.389056205749512,300000,9999835472.997665,0.0,0.0,499,0
2511,1256000,-25954.0,500,False,9468.009989746093,21.457247288167476,2.1930539599213542e-20,7.389056205749512,300000,9999835472.997665,0.0,0.0,499,0
2512,1263985,-25954.0,500,False,9575.605345458984,22.27241173401475,2.199775602235148e-20,7.389056205749512,300000,9999835472.997665,0.0,0.0,499,0
2513,1263986,-25954.0,500,False,9575.605345458984,22.27241173401475,2.199775602235148e-20,7.389056205749512,300000,9999835472.997665,0.0,0.0,499,0
2514,1263987,-25954.0,500,False,9575.605345458984,22.27241173401475,2.199775602235148e-20,7.389056205749512,300000,9999835472.997665,0.0,0.0,499,0
2515,1263988,-25954.0,500,False,9575.605345458984,22.27241173401475,2.199775602235148e-20,7.389056205749512,300000,9999835472.997665,0.0,0.0,499,0
2516,1263989,-25954.0,500,False,9575.605345458984,22.27241173401475,2.199775602235148e-20,7.389056205749512,300000,9999835472.997665,0.0,0.0,499,0
2517,1263990,-25954.0,500,False,9575.605345458984,22.27241173401475,2.199775602235148e-20,7.389056205749512,300000,9999835472.997665,0.0,0.0,499,0
2518,1263991,-25954.0,500,False,9575.605345458984,22.27241173401475,2.199775602235148e-20,7.389056205749512,300000,9999835472.997665,0.0,0.0,499,0
2519,1263992,-25954.0,500,False,9575.605345458984,22.27241173401475,2.199775602235148e-20,7.389056205749512,300000,9999835472.997665,0.0,0.0,499,0
2520,1263993,-25954.0,500,False,9575.605345458984,22.27241173401475,2.199775602235148e-20,7.389056205749512,300000,9999835472.997665,0.0,0.0,499,0
2521,1263994,-25954.0,500,False,9575.605345458984,22.27241173401475,2.199775602235148e-20,7.389056205749512,300000,9999835472.997665,0.0,0.0,499,0
2522,1263995,-25954.0,500,False,9575.605345458984,22.27241173401475,2.199775602235148e-20,7.389056205749512,300000,9999835472.997665,0.0,0.0,499,0
2523,1263996,-25954.0,500,False,9575.605345458984,22.27241173401475,2.199775602235148e-20,7.389056205749512,300000,9999835472.997665,0.0,0.0,499,0
2524,1263997,-25954.0,500,False,9575.605345458984,22.27241173401475,2.199775602235148e-20,7.389056205749512,300000,9999835472.997665,0.0,0.0,499,0
2525,1263998,-25954.0,500,False,9575.605345458984,22.27241173401475,2.199775602235148e-20,7.389056205749512,300000,9999835472.997665,0.0,0.0,499,0
2526,1263999,-25954.0,500,False,9575.605345458984,22.27241173401475,2.199775602235148e-20,7.389056205749512,300000,9999835472.997665,0.0,0.0,499,0
2527,1264000,-25954.0,500,False,9575.605345458984,22.27241173401475,2.199775602235148e-20,7.389056205749512,300000,9999835472.997665,0.0,0.0,499,0
2528,1271985,-25954.0,500,False,9663.346927490235,23.109684082388878,2.2043535915925902e-20,7.389056205749512,300000,9999835472.997665,0.0,0.0,499,0
2529,1271986,-25954.0,500,False,9663.346927490235,23.109684082388878,2.2043535915925902e-20,7.389056205749512,300000,9999835472.997665,0.0,0.0,499,0
2530,1271987,-25954.0,500,False,9663.346927490235,23.109684082388878,2.2043535915925902e-20,7.389056205749512,300000,9999835472.997665,0.0,0.0,499,0
2531,1271988,-25954.0,500,False,9663.346927490235,23.109684082388878,2.2043535915925902e-20,7.389056205749512,300000,9999835472.997665,0.0,0.0,499,0
2532,1271989,-25954.0,500,False,9663.346927490235,23.109684082388878,2.2043535915925902e-20,7.389056205749512,300000,9999835472.997665,0.0,0.0,499,0
2533,1271990,-25954.0,500,False,9663.346927490235,23.109684082388878,2.2043535915925902e-20,7.389056205749512,300000,9999835472.997665,0.0,0.0,499,0
2534,1271991,-25954.0,500,False,9663.346927490235,23.109684082388878,2.2043535915925902e-20,7.389056205749512,300000,9999835472.997665,0.0,0.0,499,0
2535,1271992,-25954.0,500,False,9663.346927490235,23.109684082388878,2.2043535915925902e-20,7.389056205749512,300000,9999835472.997665,0.0,0.0,499,0
2536,1271993,-25954.0,500,False,9663.346927490235,23.109684082388878,2.2043535915925902e-20,7.389056205749512,300000,9999835472.997665,0.0,0.0,499,0
2537,1271994,-25954.0,500,False,9663.346927490235,23.109684082388878,2.2043535915925902e-20,7.389056205749512,300000,9999835472.997665,0.0,0.0,499,0
2538,1271995,-25954.0,500,False,9663.346927490235,23.109684082388878,2.2043535915925902e-20,7.389056205749512,300000,9999835472.997665,0.0,0.0,499,0
2539,1271996,-25954.0,500,False,9663.346927490235,23.109684082388878,2.2043535915925902e-20,7.389056205749512,300000,9999835472.997665,0.0,0.0,499,0
2540,1271997,-25954.0,500,False,9663.346927490235,23.109684082388878,2.2043535915925902e-20,7.389056205749512,300000,9999835472.997665,0.0,0.0,499,0
2541,1271998,-25954.0,500,False,9663.346927490235,23.109684082388878,2.2043535915925902e-20,7.389056205749512,300000,9999835472.997665,0.0,0.0,499,0
2542,1271999,-25954.0,500,False,9663.346927490235,23.109684082388878,2.2043535915925902e-20,7.389056205749512,300000,9999835472.997665,0.0,0.0,499,0
2543,1272000,-25954.0,500,False,9663.346927490235,23.109684082388878,2.2043535915925902e-20,7.389056205749512,300000,9999835472.997665,0.0,0.0,499,0
2544,1279985,-25954.0,500,False,9733.190807128905,22.57723658571765,2.1988427921931796e-20,7.389056205749512,300000,9999835472.997665,0.0,0.0,499,0
2545,1279986,-25954.0,500,False,9733.190807128905,22.57723658571765,2.1988427921931796e-20,7.389056205749512,300000,9999835472.997665,0.0,0.0,499,0
2546,1279987,-25954.0,500,False,9733.190807128905,22.57723658571765,2.1988427921931796e-20,7.389056205749512,300000,9999835472.997665,0.0,0.0,499,0
2547,1279988,-25954.0,500,False,9733.190807128905,22.57723658571765,2.1988427921931796e-20,7.389056205749512,300000,9999835472.997665,0.0,0.0,499,0
2548,1279989,-25954.0,500,False,9733.190807128905,22.57723658571765,2.1988427921931796e-20,7.389056205749512,300000,9999835472.997665,0.0,0.0,499,0
2549,1279990,-25954.0,500,False,9733.190807128905,22.57723658571765,2.1988427921931796e-20,7.389056205749512,300000,9999835472.997665,0.0,0.0,499,0
2550,1279991,-25954.0,500,False,9733.190807128905,22.57723658571765,2.1988427921931796e-20,7.389056205749512,300000,9999835472.997665,0.0,0.0,499,0
2551,1279992,-25954.0,500,False,9733.190807128905,22.57723658571765,2.1988427921931796e-20,7.389056205749512,300000,9999835472.997665,0.0,0.0,499,0
2552,1279993,-25954.0,500,False,9733.190807128905,22.57723658571765,2.1988427921931796e-20,7.389056205749512,300000,9999835472.997665,0.0,0.0,499,0
2553,1279994,-25954.0,500,False,9733.190807128905,22.57723658571765,2.1988427921931796e-20,7.389056205749512,300000,9999835472.997665,0.0,0.0,499,0
2554,1279995,-25954.0,500,False,9733.190807128905,22.57723658571765,2.1988427921931796e-20,7.389056205749512,300000,9999835472.997665,0.0,0.0,499,0
2555,1279996,-25954.0,500,False,9733.190807128905,22.57723658571765,2.1988427921931796e-20,7.389056205749512,300000,9999835472.997665,0.0,0.0,499,0
2556,1279997,-25954.0,500,False,9733.190807128905,22.57723658571765,2.1988427921931796e-20,7.389056205749512,300000,9999835472.997665,0.0,0.0,499,0
2557,1279998,-25954.0,500,False,9733.190807128905,22.57723658571765,2.1988427921931796e-20,7.389056205749512,300000,9999835472.997665,0.0,0.0,499,0
2558,1279999,-25954.0,500,False,9733.190807128905,22.57723658571765,2.1988427921931796e-20,7.389056205749512,300000,9999835472.997665,0.0,0.0,499,0
2559,1280000,-25954.0,500,False,9733.190807128905,22.57723658571765,2.1988427921931796e-20,7.389056205749512,300000,9999835472.997665,0.0,0.0,499,0
2560,1287985,-25954.0,500,False,9802.1937734375,23.78537870825082,2.0427955981291484e-20,7.389056205749512,300000,9999835472.997665,0.0,0.0,499,0
2561,1287986,-25954.0,500,False,9802.1937734375,23.78537870825082,2.0427955981291484e-20,7.389056205749512,300000,9999835472.997665,0.0,0.0,499,0
2562,1287987,-25954.0,500,False,9802.1937734375,23.78537870825082,2.0427955981291484e-20,7.389056205749512,300000,9999835472.997665,0.0,0.0,499,0
2563,1287988,-25954.0,500,False,9802.1937734375,23.78537870825082,2.0427955981291484e-20,7.389056205749512,300000,9999835472.997665,0.0,0.0,499,0
2564,1287989,-25954.0,500,False,9802.1937734375,23.78537870825082,2.0427955981291484e-20,7.389056205749512,300000,9999835472.997665,0.0,0.0,499,0
2565,1287990,-25954.0,500,False,9802.1937734375,23.78537870825082,2.0427955981291484e-20,7.389056205749512,300000,9999835472.997665,0.0,0.0,499,0
2566,1287991,-25954.0,500,False,9802.1937734375,23.78537870825082,2.0427955981291484e-20,7.389056205749512,300000,9999835472.997665,0.0,0.0,499,0
2567,1287992,-25954.0,500,False,9802.1937734375,23.78537870825082,2.0427955981291484e-20,7.389056205749512,300000,9999835472.997665,0.0,0.0,499,0
2568,1287993,-25954.0,500,False,9802.1937734375,23.78537870825082,2.0427955981291484e-20,7.389056205749512,300000,9999835472.997665,0.0,0.0,499,0
2569,1287994,-25954.0,500,False,9802.1937734375,23.78537870825082,2.0427955981291484e-20,7.389056205749512,300000,9999835472.997665,0.0,0.0,499,0
2570,1287995,-25954.0,500,False,9802.1937734375,23.78537870825082,2.0427955981291484e-20,7.389056205749512,300000,9999835472.997665,0.0,0.0,499,0
2571,1287996,-25954.0,500,False,9802.1937734375,23.78537870825082,2.0427955981291484e-20,7.389056205749512,300000,9999835472.997665,0.0,0.0,499,0
2572,1287997,-25954.0,500,False,9802.1937734375,23.78537870825082,2.0427955981291484e-20,7.389056205749512,300000,9999835472.997665,0.0,0.0,499,0
2573,1287998,-25954.0,500,False,9802.1937734375,23.78537870825082,2.0427955981291484e-20,7.389056205749512,300000,9999835472.997665,0.0,0.0,499,0
2574,1287999,-25954.0,500,False,9802.1937734375,23.78537870825082,2.0427955981291484e-20,7.389056205749512,300000,9999835472.997665,0.0,0.0,499,0
2575,1288000,-25954.0,500,False,9802.1937734375,23.78537870825082,2.0427955981291484e-20,7.389056205749512,300000,9999835472.997665,0.0,0.0,499,0
2576,1295985,-25954.0,500,False,9865.201543457031,22.857356083102523,9.187734055853473e-21,7.389056205749512,300000,9999835472.997665,0.0,0.0,499,0
2577,1295986,-25954.0,500,False,9865.201543457031,22.857356083102523,9.187734055853473e-21,7.389056205749512,300000,9999835472.997665,0.0,0.0,499,0
2578,1295987,-25954.0,500,False,9865.201543457031,22.857356083102523,9.187734055853473e-21,7.389056205749512,300000,9999835472.997665,0.0,0.0,499,0
2579,1295988,-25954.0,500,False,9865.201543457031,22.857356083102523,9.187734055853473e-21,7.389056205749512,300000,9999835472.997665,0.0,0.0,499,0
2580,1295989,-25954.0,500,False,9865.201543457031,22.857356083102523,9.187734055853473e-21,7.389056205749512,300000,9999835472.997665,0.0,0.0,499,0
2581,1295990,-25954.0,500,False,9865.201543457031,22.857356083102523,9.187734055853473e-21,7.389056205749512,300000,9999835472.997665,0.0,0.0,499,0
2582,1295991,-25954.0,500,False,9865.201543457031,22.857356083102523,9.187734055853473e-21,7.389056205749512,300000,9999835472.997665,0.0,0.0,499,0
2583,1295992,-25954.0,500,False,9865.201543457031,22.857356083102523,9.187734055853473e-21,7.389056205749512,300000,9999835472.997665,0.0,0.0,499,0
2584,1295993,-25954.0,500,False,9865.201543457031,22.857356083102523,9.187734055853473e-21,7.389056205749512,300000,9999835472.997665,0.0,0.0,499,0
2585,1295994,-25954.0,500,False,9865.201543457031,22.857356083102523,9.187734055853473e-21,7.389056205749512,300000,9999835472.997665,0.0,0.0,499,0
2586,1295995,-25954.0,500,False,9865.201543457031,22.857356083102523,9.187734055853473e-21,7.389056205749512,300000,9999835472.997665,0.0,0.0,499,0
2587,1295996,-25954.0,500,False,9865.201543457031,22.857356083102523,9.187734055853473e-21,7.389056205749512,300000,9999835472.997665,0.0,0.0,499,0
2588,1295997,-25954.0,500,False,9865.201543457031,22.857356083102523,9.187734055853473e-21,7.389056205749512,300000,9999835472.997665,0.0,0.0,499,0
2589,1295998,-25954.0,500,False,9865.201543457031,22.857356083102523,9.187734055853473e-21,7.389056205749512,300000,9999835472.997665,0.0,0.0,499,0
2590,1295999,-25954.0,500,False,9865.201543457031,22.857356083102523,9.187734055853473e-21,7.389056205749512,300000,9999835472.997665,0.0,0.0,499,0
2591,1296000,-25954.0,500,False,9865.201543457031,22.857356083102523,9.187734055853473e-21,7.389056205749512,300000,9999835472.997665,0.0,0.0,499,0
2592,1303985,-25954.0,500,False,9927.397437744141,22.804086358258502,2.726311476951316e-22,7.389056205749512,300000,9999835472.997665,0.0,0.0,499,0
2593,1303986,-25954.0,500,False,9927.397437744141,22.804086358258502,2.726311476951316e-22,7.389056205749512,300000,9999835472.997665,0.0,0.0,499,0
2594,1303987,-25954.0,500,False,9927.397437744141,22.804086358258502,2.726311476951316e-22,7.389056205749512,300000,9999835472.997665,0.0,0.0,499,0
2595,1303988,-25954.0,500,False,9927.397437744141,22.804086358258502,2.726311476951316e-22,7.389056205749512,300000,9999835472.997665,0.0,0.0,499,0
2596,1303989,-25954.0,500,False,9927.397437744141,22.804086358258502,2.726311476951316e-22,7.389056205749512,300000,9999835472.997665,0.0,0.0,499,0
2597,1303990,-25954.0,500,False,9927.397437744141,22.804086358258502,2.726311476951316e-22,7.389056205749512,300000,9999835472.997665,0.0,0.0,499,0
2598,1303991,-25954.0,500,False,9927.397437744141,22.804086358258502,2.726311476951316e-22,7.389056205749512,300000,9999835472.997665,0.0,0.0,499,0
2599,1303992,-25954.0,500,False,9927.397437744141,22.804086358258502,2.726311476951316e-22,7.389056205749512,300000,9999835472.997665,0.0,0.0,499,0
2600,1303993,-25954.0,500,False,9927.397437744141,22.804086358258502,2.726311476951316e-22,7.389056205749512,300000,9999835472.997665,0.0,0.0,499,0
2601,1303994,-25954.0,500,False,9927.397437744141,22.804086358258502,2.726311476951316e-22,7.389056205749512,300000,9999835472.997665,0.0,0.0,499,0
2602,1303995,-25954.0,500,False,9927.397437744141,22.804086358258502,2.726311476951316e-22,7.389056205749512,300000,9999835472.997665,0.0,0.0,499,0
2603,1303996,-25954.0,500,False,9927.397437744141,22.804086358258502,2.726311476951316e-22,7.389056205749512,300000,9999835472.997665,0.0,0.0,499,0
2604,1303997,-25954.0,500,False,9927.397437744141,22.804086358258502,2.726311476951316e-22,7.389056205749512,300000,9999835472.997665,0.0,0.0,499,0
2605,1303998,-25954.0,500,False,9927.397437744141,22.804086358258502,2.726311476951316e-22,7.389056205749512,300000,9999835472.997665,0.0,0.0,499,0
2606,1303999,-25954.0,500,False,9927.397437744141,22.804086358258502,2.726311476951316e-22,7.389056205749512,300000,9999835472.997665,0.0,0.0,499,0
2607,1304000,-25954.0,500,False,9927.397437744141,22.804086358258502,2.726311476951316e-22,7.389056205749512,300000,9999835472.997665,0.0,0.0,499,0
2608,1311985,-25954.0,500,False,10005.500022460938,23.115970675172285,4.140230870579706e-30,7.389056205749512,300000,9999835472.997665,0.0,0.0,499,0
2609,1311986,-25954.0,500,False,10005.500022460938,23.115970675172285,4.140230870579706e-30,7.389056205749512,300000,9999835472.997665,0.0,0.0,499,0
2610,1311987,-25954.0,500,False,10005.500022460938,23.115970675172285,4.140230870579706e-30,7.389056205749512,300000,9999835472.997665,0.0,0.0,499,0
2611,1311988,-25954.0,500,False,10005.500022460938,23.115970675172285,4.140230870579706e-30,7.389056205749512,300000,9999835472.997665,0.0,0.0,499,0
2612,1311989,-25954.0,500,False,10005.500022460938,23.115970675172285,4.140230870579706e-30,7.389056205749512,300000,9999835472.997665,0.0,0.0,499,0
2613,1311990,-25954.0,500,False,10005.500022460938,23.115970675172285,4.140230870579706e-30,7.389056205749512,300000,9999835472.997665,0.0,0.0,499,0
2614,1311991,-25954.0,500,False,10005.500022460938,23.115970675172285,4.140230870579706e-30,7.389056205749512,300000,9999835472.997665,0.0,0.0,499,0
2615,1311992,-25954.0,500,False,10005.500022460938,23.115970675172285,4.140230870579706e-30,7.389056205749512,300000,9999835472.997665,0.0,0.0,499,0
2616,1311993,-25954.0,500,False,10005.500022460938,23.115970675172285,4.140230870579706e-30,7.389056205749512,300000,9999835472.997665,0.0,0.0,499,0
2617,1311994,-25954.0,500,False,10005.500022460938,23.115970675172285,4.140230870579706e-30,7.389056205749512,300000,9999835472.997665,0.0,0.0,499,0
2618,1311995,-25954.0,500,False,10005.500022460938,23.115970675172285,4.140230870579706e-30,7.389056205749512,300000,9999835472.997665,0.0,0.0,499,0
2619,1311996,-25954.0,500,False,10005.500022460938,23.115970675172285,4.140230870579706e-30,7.389056205749512,300000,9999835472.997665,0.0,0.0,499,0
2620,1311997,-25954.0,500,False,10005.500022460938,23.115970675172285,4.140230870579706e-30,7.389056205749512,300000,9999835472.997665,0.0,0.0,499,0
2621,1311998,-25954.0,500,False,10005.500022460938,23.115970675172285,4.140230870579706e-30,7.389056205749512,300000,9999835472.997665,0.0,0.0,499,0
2622,1311999,-25954.0,500,False,10005.500022460938,23.115970675172285,4.140230870579706e-30,7.389056205749512,300000,9999835472.997665,0.0,0.0,499,0
2623,1312000,-25954.0,500,False,10005.500022460938,23.115970675172285,4.140230870579706e-30,7.389056205749512,300000,9999835472.997665,0.0,0.0,499,0
2624,1319985,-25954.0,500,False,10048.403780761719,23.16889832823351,3.315284926292145e-30,7.389056205749512,300000,9999835472.997665,0.0,0.0,499,0
2625,1319986,-25954.0,500,False,10048.403780761719,23.16889832823351,3.315284926292145e-30,7.389056205749512,300000,9999835472.997665,0.0,0.0,499,0
2626,1319987,-25954.0,500,False,10048.403780761719,23.16889832823351,3.315284926292145e-30,7.389056205749512,300000,9999835472.997665,0.0,0.0,499,0
2627,1319988,-25954.0,500,False,10048.403780761719,23.16889832823351,3.315284926292145e-30,7.389056205749512,300000,9999835472.997665,0.0,0.0,499,0
2628,1319989,-25954.0,500,False,10048.403780761719,23.16889832823351,3.315284926292145e-30,7.389056205749512,300000,9999835472.997665,0.0,0.0,499,0
2629,1319990,-25954.0,500,False,10048.403780761719,23.16889832823351,3.315284926292145e-30,7.389056205749512,300000,9999835472.997665,0.0,0.0,499,0
2630,1319991,-25954.0,500,False,10048.403780761719,23.16889832823351,3.315284926292145e-30,7.389056205749512,300000,9999835472.997665,0.0,0.0,499,0
2631,1319992,-25954.0,500,False,10048.403780761719,23.16889832823351,3.315284926292145e-30,7.389056205749512,300000,9999835472.997665,0.0,0.0,499,0
2632,1319993,-25954.0,500,False,10048.403780761719,23.16889832823351,3.315284926292145e-30,7.389056205749512,300000,9999835472.997665,0.0,0.0,499,0
2633,1319994,-25954.0,500,False,10048.403780761719,23.16889832823351,3.315284926292145e-30,7.389056205749512,300000,9999835472.997665,0.0,0.0,499,0
2634,1319995,-25954.0,500,False,10048.403780761719,23.16889832823351,3.315284926292145e-30,7.389056205749512,300000,9999835472.997665,0.0,0.0,499,0
2635,1319996,-25954.0,500,False,10048.403780761719,23.16889832823351,3.315284926292145e-30,7.389056205749512,300000,9999835472.997665,0.0,0.0,499,0
2636,1319997,-25954.0,500,False,10048.403780761719,23.16889832823351,3.315284926292145e-30,7.389056205749512,300000,9999835472.997665,0.0,0.0,499,0
2637,1319998,-25954.0,500,False,10048.403780761719,23.16889832823351,3.315284926292145e-30,7.389056205749512,300000,9999835472.997665,0.0,0.0,499,0
2638,1319999,-25954.0,500,False,10048.403780761719,23.16889832823351,3.315284926292145e-30,7.389056205749512,300000,9999835472.997665,0.0,0.0,499,0
2639,1320000,-25954.0,500,False,10048.403780761719,23.16889832823351,3.315284926292145e-30,7.389056205749512,300000,9999835472.997665,0.0,0.0,499,0
2640,1327985,-25954.0,500,False,10078.123199707032,23.179671286934287,2.3428280842340198e-30,7.389056205749512,300000,9999835472.997665,0.0,0.0,499,0
2641,1327986,-25954.0,500,False,10078.123199707032,23.179671286934287,2.3428280842340198e-30,7.389056205749512,300000,9999835472.997665,0.0,0.0,499,0
2642,1327987,-25954.0,500,False,10078.123199707032,23.179671286934287,2.3428280842340198e-30,7.389056205749512,300000,9999835472.997665,0.0,0.0,499,0
2643,1327988,-25954.0,500,False,10078.123199707032,23.179671286934287,2.3428280842340198e-30,7.389056205749512,300000,9999835472.997665,0.0,0.0,499,0
2644,1327989,-25954.0,500,False,10078.123199707032,23.179671286934287,2.3428280842340198e-30,7.389056205749512,300000,9999835472.997665,0.0,0.0,499,0
2645,1327990,-25954.0,500,False,10078.123199707032,23.179671286934287,2.3428280842340198e-30,7.389056205749512,300000,9999835472.997665,0.0,0.0,499,0
2646,1327991,-25954.0,500,False,10078.123199707032,23.179671286934287,2.3428280842340198e-30,7.389056205749512,300000,9999835472.997665,0.0,0.0,499,0
2647,1327992,-25954.0,500,False,10078.123199707032,23.179671286934287,2.3428280842340198e-30,7.389056205749512,300000,9999835472.997665,0.0,0.0,499,0
2648,1327993,-25954.0,500,False,10078.123199707032,23.179671286934287,2.3428280842340198e-30,7.389056205749512,300000,9999835472.997665,0.0,0.0,499,0
2649,1327994,-25954.0,500,False,10078.123199707032,23.179671286934287,2.3428280842340198e-30,7.389056205749512,300000,9999835472.997665,0.0,0.0,499,0
2650,1327995,-25954.0,500,False,10078.123199707032,23.179671286934287,2.3428280842340198e-30,7.389056205749512,300000,9999835472.997665,0.0,0.0,499,0
2651,1327996,-25954.0,500,False,10078.123199707032,23.179671286934287,2.3428280842340198e-30,7.389056205749512,300000,9999835472.997665,0.0,0.0,499,0
2652,1327997,-25954.0,500,False,10078.123199707032,23.179671286934287,2.3428280842340198e-30,7.389056205749512,300000,9999835472.997665,0.0,0.0,499,0
2653,1327998,-25954.0,500,False,10078.123199707032,23.179671286934287,2.3428280842340198e-30,7.389056205749512,300000,9999835472.997665,0.0,0.0,499,0
2654,1327999,-25954.0,500,False,10078.123199707032,23.179671286934287,2.3428280842340198e-30,7.389056205749512,300000,9999835472.997665,0.0,0.0,499,0
2655,1328000,-25954.0,500,False,10078.123199707032,23.179671286934287,2.3428280842340198e-30,7.389056205749512,300000,9999835472.997665,0.0,0.0,499,0
2656,1335985,-25954.0,500,False,10119.687615722656,23.981555813350365,1.3814007891722924e-30,7.389056205749512,300000,9999835472.997665,0.0,0.0,499,0
2657,1335986,-25954.0,500,False,10119.687615722656,23.981555813350365,1.3814007891722924e-30,7.389056205749512,300000,9999835472.997665,0.0,0.0,499,0
2658,1335987,-25954.0,500,False,10119.687615722656,23.981555813350365,1.3814007891722924e-30,7.389056205749512,300000,9999835472.997665,0.0,0.0,499,0
2659,1335988,-25954.0,500,False,10119.687615722656,23.981555813350365,1.3814007891722924e-30,7.389056205749512,300000,9999835472.997665,0.0,0.0,499,0
2660,1335989,-25954.0,500,False,10119.687615722656,23.981555813350365,1.3814007891722924e-30,7.389056205749512,300000,9999835472.997665,0.0,0.0,499,0
2661,1335990,-25954.0,500,False,10119.687615722656,23.981555813350365,1.3814007891722924e-30,7.389056205749512,300000,9999835472.997665,0.0,0.0,499,0
2662,1335991,-25954.0,500,False,10119.687615722656,23.981555813350365,1.3814007891722924e-30,7.389056205749512,300000,9999835472.997665,0.0,0.0,499,0
2663,1335992,-25954.0,500,False,10119.687615722656,23.981555813350365,1.3814007891722924e-30,7.389056205749512,300000,9999835472.997665,0.0,0.0,499,0
2664,1335993,-25954.0,500,False,10119.687615722656,23.981555813350365,1.3814007891722924e-30,7.389056205749512,300000,9999835472.997665,0.0,0.0,499,0
2665,1335994,-25954.0,500,False,10119.687615722656,23.981555813350365,1.3814007891722924e-30,7.389056205749512,300000,9999835472.997665,0.0,0.0,499,0
2666,1335995,-25954.0,500,False,10119.687615722656,23.981555813350365,1.3814007891722924e-30,7.389056205749512,300000,9999835472.997665,0.0,0.0,499,0
2667,1335996,-25954.0,500,False,10119.687615722656,23.981555813350365,1.3814007891722924e-30,7.389056205749512,300000,9999835472.997665,0.0,0.0,499,0
2668,1335997,-25954.0,500,False,10119.687615722656,23.981555813350365,1.3814007891722924e-30,7.389056205749512,300000,9999835472.997665,0.0,0.0,499,0
2669,1335998,-25954.0,500,False,10119.687615722656,23.981555813350365,1.3814007891722924e-30,7.389056205749512,300000,9999835472.997665,0.0,0.0,499,0
2670,1335999,-25954.0,500,False,10119.687615722656,23.981555813350365,1.3814007891722924e-30,7.389056205749512,300000,9999835472.997665,0.0,0.0,499,0
2671,1336000,-25954.0,500,False,10119.687615722656,23.981555813350365,1.3814007891722924e-30,7.389056205749512,300000,9999835472.997665,0.0,0.0,499,0
2672,1343985,-25954.0,500,False,10164.023057617187,22.953426882125786,4.470813831708276e-31,7.389056205749512,300000,9999835472.997665,0.0,0.0,499,0
2673,1343986,-25954.0,500,False,10164.023057617187,22.953426882125786,4.470813831708276e-31,7.389056205749512,300000,9999835472.997665,0.0,0.0,499,0
2674,1343987,-25954.0,500,False,10164.023057617187,22.953426882125786,4.470813831708276e-31,7.389056205749512,300000,9999835472.997665,0.0,0.0,499,0
2675,1343988,-25954.0,500,False,10164.023057617187,22.953426882125786,4.470813831708276e-31,7.389056205749512,300000,9999835472.997665,0.0,0.0,499,0
2676,1343989,-25954.0,500,False,10164.023057617187,22.953426882125786,4.470813831708276e-31,7.389056205749512,300000,9999835472.997665,0.0,0.0,499,0
2677,1343990,-25954.0,500,False,10164.023057617187,22.953426882125786,4.470813831708276e-31,7.389056205749512,300000,9999835472.997665,0.0,0.0,499,0
2678,1343991,-25954.0,500,False,10164.023057617187,22.953426882125786,4.470813831708276e-31,7.389056205749512,300000,9999835472.997665,0.0,0.0,499,0
2679,1343992,-25954.0,500,False,10164.023057617187,22.953426882125786,4.470813831708276e-31,7.389056205749512,300000,9999835472.997665,0.0,0.0,499,0
2680,1343993,-25954.0,500,False,10164.023057617187,22.953426882125786,4.470813831708276e-31,7.389056205749512,300000,9999835472.997665,0.0,0.0,499,0
2681,1343994,-25954.0,500,False,10164.023057617187,22.953426882125786,4.470813831708276e-31,7.389056205749512,300000,9999835472.997665,0.0,0.0,499,0
2682,1343995,-25954.0,500,False,10164.023057617187,22.953426882125786,4.470813831708276e-31,7.389056205749512,300000,9999835472.997665,0.0,0.0,499,0
2683,1343996,-25954.0,500,False,10164.023057617187,22.953426882125786,4.470813831708276e-31,7.389056205749512,300000,9999835472.997665,0.0,0.0,499,0
2684,1343997,-25954.0,500,False,10164.023057617187,22.953426882125786,4.470813831708276e-31,7.389056205749512,300000,9999835472.997665,0.0,0.0,499,0
2685,1343998,-25954.0,500,False,10164.023057617187,22.953426882125786,4.470813831708276e-31,7.389056205749512,300000,9999835472.997665,0.0,0.0,499,0
2686,1343999,-25954.0,500,False,10164.023057617187,22.953426882125786,4.470813831708276e-31,7.389056205749512,300000,9999835472.997665,0.0,0.0,499,0
2687,1344000,-25954.0,500,False,10164.023057617187,22.953426882125786,4.470813831708276e-31,7.389056205749512,300000,9999835472.997665,0.0,0.0,499,0
2688,1351985,-25954.0,500,False,10198.152623779297,23.894346298520453,1.431580993932483e-31,7.389056205749512,300000,9999835472.997665,0.0,0.0,499,0
2689,1351986,-25954.0,500,False,10198.152623779297,23.894346298520453,1.431580993932483e-31,7.389056205749512,300000,9999835472.997665,0.0,0.0,499,0
2690,1351987,-25954.0,500,False,10198.152623779297,23.894346298520453,1.431580993932483e-31,7.389056205749512,300000,9999835472.997665,0.0,0.0,499,0
2691,1351988,-25954.0,500,False,10198.152623779297,23.894346298520453,1.431580993932483e-31,7.389056205749512,300000,9999835472.997665,0.0,0.0,499,0
2692,1351989,-25954.0,500,False,10198.152623779297,23.894346298520453,1.431580993932483e-31,7.389056205749512,300000,9999835472.997665,0.0,0.0,499,0
2693,1351990,-25954.0,500,False,10198.152623779297,23.894346298520453,1.431580993932483e-31,7.389056205749512,300000,9999835472.997665,0.0,0.0,499,0
2694,1351991,-25954.0,500,False,10198.152623779297,23.894346298520453,1.431580993932483e-31,7.389056205749512,300000,9999835472.997665,0.0,0.0,499,0
2695,1351992,-25954.0,500,False,10198.152623779297,23.894346298520453,1.431580993932483e-31,7.389056205749512,300000,9999835472.997665,0.0,0.0,499,0
2696,1351993,-25954.0,500,False,10198.152623779297,23.894346298520453,1.431580993932483e-31,7.389056205749512,300000,9999835472.997665,0.0,0.0,499,0
2697,1351994,-25954.0,500,False,10198.152623779297,23.894346298520453,1.431580993932483e-31,7.389056205749512,300000,9999835472.997665,0.0,0.0,499,0
2698,1351995,-25954.0,500,False,10198.152623779297,23.894346298520453,1.431580993932483e-31,7.389056205749512,300000,9999835472.997665,0.0,0.0,499,0
2699,1351996,-25954.0,500,False,10198.152623779297,23.894346298520453,1.431580993932483e-31,7.389056205749512,300000,9999835472.997665,0.0,0.0,499,0
2700,1351997,-25954.0,500,False,10198.152623779297,23.894346298520453,1.431580993932483e-31,7.389056205749512,300000,9999835472.997665,0.0,0.0,499,0
2701,1351998,-25954.0,500,False,10198.152623779297,23.894346298520453,1.431580993932483e-31,7.389056205749512,300000,9999835472.997665,0.0,0.0,499,0
2702,1351999,-25954.0,500,False,10198.152623779297,23.894346298520453,1.431580993932483e-31,7.389056205749512,300000,9999835472.997665,0.0,0.0,499,0
2703,1352000,-25954.0,500,False,10198.152623779297,23.894346298520453,1.431580993932483e-31,7.389056205749512,300000,9999835472.997665,0.0,0.0,499,0
2704,1359985,-25954.0,500,False,10225.412294921874,23.851827151671518,1.4516637466538437e-31,7.389056205749512,300000,9999835472.997665,0.0,0.0,499,0
2705,1359986,-25954.0,500,False,10225.412294921874,23.851827151671518,1.4516637466538437e-31,7.389056205749512,300000,9999835472.997665,0.0,0.0,499,0
2706,1359987,-25954.0,500,False,10225.412294921874,23.851827151671518,1.4516637466538437e-31,7.389056205749512,300000,9999835472.997665,0.0,0.0,499,0
2707,1359988,-25954.0,500,False,10225.412294921874,23.851827151671518,1.4516637466538437e-31,7.389056205749512,300000,9999835472.997665,0.0,0.0,499,0
2708,1359989,-25954.0,500,False,10225.412294921874,23.851827151671518,1.4516637466538437e-31,7.389056205749512,300000,9999835472.997665,0.0,0.0,499,0
2709,1359990,-25954.0,500,False,10225.412294921874,23.851827151671518,1.4516637466538437e-31,7.389056205749512,300000,9999835472.997665,0.0,0.0,499,0
2710,1359991,-25954.0,500,False,10225.412294921874,23.851827151671518,1.4516637466538437e-31,7.389056205749512,300000,9999835472.997665,0.0,0.0,499,0
2711,1359992,-25954.0,500,False,10225.412294921874,23.851827151671518,1.4516637466538437e-31,7.389056205749512,300000,9999835472.997665,0.0,0.0,499,0
2712,1359993,-25954.0,500,False,10225.412294921874,23.851827151671518,1.4516637466538437e-31,7.389056205749512,300000,9999835472.997665,0.0,0.0,499,0
2713,1359994,-25954.0,500,False,10225.412294921874,23.851827151671518,1.4516637466538437e-31,7.389056205749512,300000,9999835472.997665,0.0,0.0,499,0
2714,1359995,-25954.0,500,False,10225.412294921874,23.851827151671518,1.4516637466538437e-31,7.389056205749512,300000,9999835472.997665,0.0,0.0,499,0
2715,1359996,-25954.0,500,False,10225.412294921874,23.851827151671518,1.4516637466538437e-31,7.389056205749512,300000,9999835472.997665,0.0,0.0,499,0
2716,1359997,-25954.0,500,False,10225.412294921874,23.851827151671518,1.4516637466538437e-31,7.389056205749512,300000,9999835472.997665,0.0,0.0,499,0
2717,1359998,-25954.0,500,False,10225.412294921874,23.851827151671518,1.4516637466538437e-31,7.389056205749512,300000,9999835472.997665,0.0,0.0,499,0
2718,1359999,-25954.0,500,False,10225.412294921874,23.851827151671518,1.4516637466538437e-31,7.389056205749512,300000,9999835472.997665,0.0,0.0,499,0
2719,1360000,-25954.0,500,False,10225.412294921874,23.851827151671518,1.4516637466538437e-31,7.389056205749512,300000,9999835472.997665,0.0,0.0,499,0
2720,1367985,-25954.0,500,False,10249.384253662109,23.576128594708162,1.501004993279917e-31,7.389056205749512,300000,9999835472.997665,0.0,0.0,499,0
2721,1367986,-25954.0,500,False,10249.384253662109,23.576128594708162,1.501004993279917e-31,7.389056205749512,300000,9999835472.997665,0.0,0.0,499,0
2722,1367987,-25954.0,500,False,10249.384253662109,23.576128594708162,1.501004993279917e-31,7.389056205749512,300000,9999835472.997665,0.0,0.0,499,0
2723,1367988,-25954.0,500,False,10249.384253662109,23.576128594708162,1.501004993279917e-31,7.389056205749512,300000,9999835472.997665,0.0,0.0,499,0
2724,1367989,-25954.0,500,False,10249.384253662109,23.576128594708162,1.501004993279917e-31,7.389056205749512,300000,9999835472.997665,0.0,0.0,499,0
2725,1367990,-25954.0,500,False,10249.384253662109,23.576128594708162,1.501004993279917e-31,7.389056205749512,300000,9999835472.997665,0.0,0.0,499,0
2726,1367991,-25954.0,500,False,10249.384253662109,23.576128594708162,1.501004993279917e-31,7.389056205749512,300000,9999835472.997665,0.0,0.0,499,0
2727,1367992,-25954.0,500,False,10249.384253662109,23.576128594708162,1.501004993279917e-31,7.389056205749512,300000,9999835472.997665,0.0,0.0,499,0
2728,1367993,-25954.0,500,False,10249.384253662109,23.576128594708162,1.501004993279917e-31,7.389056205749512,300000,9999835472.997665,0.0,0.0,499,0
2729,1367994,-25954.0,500,False,10249.384253662109,23.576128594708162,1.501004993279917e-31,7.389056205749512,300000,9999835472.997665,0.0,0.0,499,0
2730,1367995,-25954.0,500,False,10249.384253662109,23.576128594708162,1.501004993279917e-31,7.389056205749512,300000,9999835472.997665,0.0,0.0,499,0
2731,1367996,-25954.0,500,False,10249.384253662109,23.576128594708162,1.501004993279917e-31,7.389056205749512,300000,9999835472.997665,0.0,0.0,499,0
2732,1367997,-25954.0,500,False,10249.384253662109,23.576128594708162,1.501004993279917e-31,7.389056205749512,300000,9999835472.997665,0.0,0.0,499,0
2733,1367998,-25954.0,500,False,10249.384253662109,23.576128594708162,1.501004993279917e-31,7.389056205749512,300000,9999835472.997665,0.0,0.0,499,0
2734,1367999,-25954.0,500,False,10249.384253662109,23.576128594708162,1.501004993279917e-31,7.389056205749512,300000,9999835472.997665,0.0,0.0,499,0
2735,1368000,-25954.0,500,False,10249.384253662109,23.576128594708162,1.501004993279917e-31,7.389056205749512,300000,9999835472.997665,0.0,0.0,499,0
2736,1375985,-25954.0,500,False,10273.248007324219,23.0146452092547,1.4606663585918926e-31,7.389056205749512,300000,9999835472.997665,0.0,0.0,499,0
2737,1375986,-25954.0,500,False,10273.248007324219,23.0146452092547,1.4606663585918926e-31,7.389056205749512,300000,9999835472.997665,0.0,0.0,499,0
2738,1375987,-25954.0,500,False,10273.248007324219,23.0146452092547,1.4606663585918926e-31,7.389056205749512,300000,9999835472.997665,0.0,0.0,499,0
2739,1375988,-25954.0,500,False,10273.248007324219,23.0146452092547,1.4606663585918926e-31,7.389056205749512,300000,9999835472.997665,0.0,0.0,499,0
2740,1375989,-25954.0,500,False,10273.248007324219,23.0146452092547,1.4606663585918926e-31,7.389056205749512,300000,9999835472.997665,0.0,0.0,499,0
2741,1375990,-25954.0,500,False,10273.248007324219,23.0146452092547,1.4606663585918926e-31,7.389056205749512,300000,9999835472.997665,0.0,0.0,499,0
2742,1375991,-25954.0,500,False,10273.248007324219,23.0146452092547,1.4606663585918926e-31,7.389056205749512,300000,9999835472.997665,0.0,0.0,499,0
2743,1375992,-25954.0,500,False,10273.248007324219,23.0146452092547,1.4606663585918926e-31,7.389056205749512,300000,9999835472.997665,0.0,0.0,499,0
2744,1375993,-25954.0,500,False,10273.248007324219,23.0146452092547,1.4606663585918926e-31,7.389056205749512,300000,9999835472.997665,0.0,0.0,499,0
2745,1375994,-25954.0,500,False,10273.248007324219,23.0146452092547,1.4606663585918926e-31,7.389056205749512,300000,9999835472.997665,0.0,0.0,499,0
2746,1375995,-25954.0,500,False,10273.248007324219,23.0146452092547,1.4606663585918926e-31,7.389056205749512,300000,9999835472.997665,0.0,0.0,499,0
2747,1375996,-25954.0,500,False,10273.248007324219,23.0146452092547,1.4606663585918926e-31,7.389056205749512,300000,9999835472.997665,0.0,0.0,499,0
2748,1375997,-25954.0,500,False,10273.248007324219,23.0146452092547,1.4606663585918926e-31,7.389056205749512,300000,9999835472.997665,0.0,0.0,499,0
2749,1375998,-25954.0,500,False,10273.248007324219,23.0146452092547,1.4606663585918926e-31,7.389056205749512,300000,9999835472.997665,0.0,0.0,499,0
2750,1375999,-25954.0,500,False,10273.248007324219,23.0146452092547,1.4606663585918926e-31,7.389056205749512,300000,9999835472.997665,0.0,0.0,499,0
2751,1376000,-25954.0,500,False,10273.248007324219,23.0146452092547,1.4606663585918926e-31,7.389056205749512,300000,9999835472.997665,0.0,0.0,499,0
2752,1383985,-25954.0,500,False,10291.820410644532,23.334371759234635,1.4734777698152675e-31,7.389056205749512,300000,9999835472.997665,0.0,0.0,499,0
2753,1383986,-25954.0,500,False,10291.820410644532,23.334371759234635,1.4734777698152675e-31,7.389056205749512,300000,9999835472.997665,0.0,0.0,499,0
2754,1383987,-25954.0,500,False,10291.820410644532,23.334371759234635,1.4734777698152675e-31,7.389056205749512,300000,9999835472.997665,0.0,0.0,499,0
2755,1383988,-25954.0,500,False,10291.820410644532,23.334371759234635,1.4734777698152675e-31,7.389056205749512,300000,9999835472.997665,0.0,0.0,499,0
2756,1383989,-25954.0,500,False,10291.820410644532,23.334371759234635,1.4734777698152675e-31,7.389056205749512,300000,9999835472.997665,0.0,0.0,499,0
2757,1383990,-25954.0,500,False,10291.820410644532,23.334371759234635,1.4734777698152675e-31,7.389056205749512,300000,9999835472.997665,0.0,0.0,499,0
2758,1383991,-25954.0,500,False,10291.820410644532,23.334371759234635,1.4734777698152675e-31,7.389056205749512,300000,9999835472.997665,0.0,0.0,499,0
2759,1383992,-25954.0,500,False,10291.820410644532,23.334371759234635,1.4734777698152675e-31,7.389056205749512,300000,9999835472.997665,0.0,0.0,499,0
2760,1383993,-25954.0,500,False,10291.820410644532,23.334371759234635,1.4734777698152675e-31,7.389056205749512,300000,9999835472.997665,0.0,0.0,499,0
2761,1383994,-25954.0,500,False,10291.820410644532,23.334371759234635,1.4734777698152675e-31,7.389056205749512,300000,9999835472.997665,0.0,0.0,499,0
2762,1383995,-25954.0,500,False,10291.820410644532,23.334371759234635,1.4734777698152675e-31,7.389056205749512,300000,9999835472.997665,0.0,0.0,499,0
2763,1383996,-25954.0,500,False,10291.820410644532,23.334371759234635,1.4734777698152675e-31,7.389056205749512,300000,9999835472.997665,0.0,0.0,499,0
2764,1383997,-25954.0,500,False,10291.820410644532,23.334371759234635,1.4734777698152675e-31,7.389056205749512,300000,9999835472.997665,0.0,0.0,499,0
2765,1383998,-25954.0,500,False,10291.820410644532,23.334371759234635,1.4734777698152675e-31,7.389056205749512,300000,9999835472.997665,0.0,0.0,499,0
2766,1383999,-25954.0,500,False,10291.820410644532,23.334371759234635,1.4734777698152675e-31,7.389056205749512,300000,9999835472.997665,0.0,0.0,499,0
2767,1384000,-25954.0,500,False,10291.820410644532,23.334371759234635,1.4734777698152675e-31,7.389056205749512,300000,9999835472.997665,0.0,0.0,499,0
2768,1391985,-25954.0,500,False,10305.694786132812,23.19412647698214,1.4724390078037773e-31,7.389056205749512,300000,9999835472.997665,0.0,0.0,499,0
2769,1391986,-25954.0,500,False,10305.694786132812,23.19412647698214,1.4724390078037773e-31,7.389056205749512,300000,9999835472.997665,0.0,0.0,499,0
2770,1391987,-25954.0,500,False,10305.694786132812,23.19412647698214,1.4724390078037773e-31,7.389056205749512,300000,9999835472.997665,0.0,0.0,499,0
2771,1391988,-25954.0,500,False,10305.694786132812,23.19412647698214,1.4724390078037773e-31,7.389056205749512,300000,9999835472.997665,0.0,0.0,499,0
2772,1391989,-25954.0,500,False,10305.694786132812,23.19412647698214,1.4724390078037773e-31,7.389056205749512,300000,9999835472.997665,0.0,0.0,499,0
2773,1391990,-25954.0,500,False,10305.694786132812,23.19412647698214,1.4724390078037773e-31,7.389056205749512,300000,9999835472.997665,0.0,0.0,499,0
2774,1391991,-25954.0,500,False,10305.694786132812,23.19412647698214,1.4724390078037773e-31,7.389056205749512,300000,9999835472.997665,0.0,0.0,499,0
2775,1391992,-25954.0,500,False,10305.694786132812,23.19412647698214,1.4724390078037773e-31,7.389056205749512,300000,9999835472.997665,0.0,0.0,499,0
2776,1391993,-25954.0,500,False,10305.694786132812,23.19412647698214,1.4724390078037773e-31,7.389056205749512,300000,9999835472.997665,0.0,0.0,499,0
2777,1391994,-25954.0,500,False,10305.694786132812,23.19412647698214,1.4724390078037773e-31,7.389056205749512,300000,9999835472.997665,0.0,0.0,499,0
2778,1391995,-25954.0,500,False,10305.694786132812,23.19412647698214,1.4724390078037773e-31,7.389056205749512,300000,9999835472.997665,0.0,0.0,499,0
2779,1391996,-25954.0,500,False,10305.694786132812,23.19412647698214,1.4724390078037773e-31,7.389056205749512,300000,9999835472.997665,0.0,0.0,499,0
2780,1391997,-25954.0,500,False,10305.694786132812,23.19412647698214,1.4724390078037773e-31,7.389056205749512,300000,9999835472.997665,0.0,0.0,499,0
2781,1391998,-25954.0,500,False,10305.694786132812,23.19412647698214,1.4724390078037773e-31,7.389056205749512,300000,9999835472.997665,0.0,0.0,499,0
2782,1391999,-25954.0,500,False,10305.694786132812,23.19412647698214,1.4724390078037773e-31,7.389056205749512,300000,9999835472.997665,0.0,0.0,499,0
2783,1392000,-25954.0,500,False,10305.694786132812,23.19412647698214,1.4724390078037773e-31,7.389056205749512,300000,9999835472.997665,0.0,0.0,499,0
2784,1399985,-25954.0,500,False,10311.934212890625,23.15348374792695,1.4552994175038556e-31,7.389056205749512,300000,9999835472.997665,0.0,0.0,499,0
2785,1399986,-25954.0,500,False,10311.934212890625,23.15348374792695,1.4552994175038556e-31,7.389056205749512,300000,9999835472.997665,0.0,0.0,499,0
2786,1399987,-25954.0,500,False,10311.934212890625,23.15348374792695,1.4552994175038556e-31,7.389056205749512,300000,9999835472.997665,0.0,0.0,499,0
2787,1399988,-25954.0,500,False,10311.934212890625,23.15348374792695,1.4552994175038556e-31,7.389056205749512,300000,9999835472.997665,0.0,0.0,499,0
2788,1399989,-25954.0,500,False,10311.934212890625,23.15348374792695,1.4552994175038556e-31,7.389056205749512,300000,9999835472.997665,0.0,0.0,499,0
2789,1399990,-25954.0,500,False,10311.934212890625,23.15348374792695,1.4552994175038556e-31,7.389056205749512,300000,9999835472.997665,0.0,0.0,499,0
2790,1399991,-25954.0,500,False,10311.934212890625,23.15348374792695,1.4552994175038556e-31,7.389056205749512,300000,9999835472.997665,0.0,0.0,499,0
2791,1399992,-25954.0,500,False,10311.934212890625,23.15348374792695,1.4552994175038556e-31,7.389056205749512,300000,9999835472.997665,0.0,0.0,499,0
2792,1399993,-25954.0,500,False,10311.934212890625,23.15348374792695,1.4552994175038556e-31,7.389056205749512,300000,9999835472.997665,0.0,0.0,499,0
2793,1399994,-25954.0,500,False,10311.934212890625,23.15348374792695,1.4552994175038556e-31,7.389056205749512,300000,9999835472.997665,0.0,0.0,499,0
2794,1399995,-25954.0,500,False,10311.934212890625,23.15348374792695,1.4552994175038556e-31,7.389056205749512,300000,9999835472.997665,0.0,0.0,499,0
2795,1399996,-25954.0,500,False,10311.934212890625,23.15348374792695,1.4552994175038556e-31,7.389056205749512,300000,9999835472.997665,0.0,0.0,499,0
2796,1399997,-25954.0,500,False,10311.934212890625,23.15348374792695,1.4552994175038556e-31,7.389056205749512,300000,9999835472.997665,0.0,0.0,499,0
2797,1399998,-25954.0,500,False,10311.934212890625,23.15348374792695,1.4552994175038556e-31,7.389056205749512,300000,9999835472.997665,0.0,0.0,499,0
2798,1399999,-25954.0,500,False,10311.934212890625,23.15348374792695,1.4552994175038556e-31,7.389056205749512,300000,9999835472.997665,0.0,0.0,499,0
2799,1400000,-25954.0,500,False,10311.934212890625,23.15348374792695,1.4552994175038556e-31,7.389056205749512,300000,9999835472.997665,0.0,0.0,499,0
2800,1407985,-25954.0,500,False,10323.834927246095,22.821178333636198,1.4485474593070433e-31,7.389056205749512,300000,9999835472.997665,0.0,0.0,499,0
2801,1407986,-25954.0,500,False,10323.834927246095,22.821178333636198,1.4485474593070433e-31,7.389056205749512,300000,9999835472.997665,0.0,0.0,499,0
2802,1407987,-25954.0,500,False,10323.834927246095,22.821178333636198,1.4485474593070433e-31,7.389056205749512,300000,9999835472.997665,0.0,0.0,499,0
2803,1407988,-25954.0,500,False,10323.834927246095,22.821178333636198,1.4485474593070433e-31,7.389056205749512,300000,9999835472.997665,0.0,0.0,499,0
2804,1407989,-25954.0,500,False,10323.834927246095,22.821178333636198,1.4485474593070433e-31,7.389056205749512,300000,9999835472.997665,0.0,0.0,499,0
2805,1407990,-25954.0,500,False,10323.834927246095,22.821178333636198,1.4485474593070433e-31,7.389056205749512,300000,9999835472.997665,0.0,0.0,499,0
2806,1407991,-25954.0,500,False,10323.834927246095,22.821178333636198,1.4485474593070433e-31,7.389056205749512,300000,9999835472.997665,0.0,0.0,499,0
2807,1407992,-25954.0,500,False,10323.834927246095,22.821178333636198,1.4485474593070433e-31,7.389056205749512,300000,9999835472.997665,0.0,0.0,499,0
2808,1407993,-25954.0,500,False,10323.834927246095,22.821178333636198,1.4485474593070433e-31,7.389056205749512,300000,9999835472.997665,0.0,0.0,499,0
2809,1407994,-25954.0,500,False,10323.834927246095,22.821178333636198,1.4485474593070433e-31,7.389056205749512,300000,9999835472.997665,0.0,0.0,499,0
2810,1407995,-25954.0,500,False,10323.834927246095,22.821178333636198,1.4485474593070433e-31,7.389056205749512,300000,9999835472.997665,0.0,0.0,499,0
2811,1407996,-25954.0,500,False,10323.834927246095,22.821178333636198,1.4485474593070433e-31,7.389056205749512,300000,9999835472.997665,0.0,0.0,499,0
2812,1407997,-25954.0,500,False,10323.834927246095,22.821178333636198,1.4485474593070433e-31,7.389056205749512,300000,9999835472.997665,0.0,0.0,499,0
2813,1407998,-25954.0,500,False,10323.834927246095,22.821178333636198,1.4485474593070433e-31,7.389056205749512,300000,9999835472.997665,0.0,0.0,499,0
2814,1407999,-25954.0,500,False,10323.834927246095,22.821178333636198,1.4485474593070433e-31,7.389056205749512,300000,9999835472.997665,0.0,0.0,499,0
2815,1408000,-25954.0,500,False,10323.834927246095,22.821178333636198,1.4485474593070433e-31,7.389056205749512,300000,9999835472.997665,0.0,0.0,499,0
2816,1415985,-25954.0,500,False,10352.68916772461,24.114719814224518,1.4577231984589942e-31,7.389056205749512,300000,9999835472.997665,0.0,0.0,499,0
2817,1415986,-25954.0,500,False,10352.68916772461,24.114719814224518,1.4577231984589942e-31,7.389056205749512,300000,9999835472.997665,0.0,0.0,499,0
2818,1415987,-25954.0,500,False,10352.68916772461,24.114719814224518,1.4577231984589942e-31,7.389056205749512,300000,9999835472.997665,0.0,0.0,499,0
2819,1415988,-25954.0,500,False,10352.68916772461,24.114719814224518,1.4577231984589942e-31,7.389056205749512,300000,9999835472.997665,0.0,0.0,499,0
2820,1415989,-25954.0,500,False,10352.68916772461,24.114719814224518,1.4577231984589942e-31,7.389056205749512,300000,9999835472.997665,0.0,0.0,499,0
2821,1415990,-25954.0,500,False,10352.68916772461,24.114719814224518,1.4577231984589942e-31,7.389056205749512,300000,9999835472.997665,0.0,0.0,499,0
2822,1415991,-25954.0,500,False,10352.68916772461,24.114719814224518,1.4577231984589942e-31,7.389056205749512,300000,9999835472.997665,0.0,0.0,499,0
2823,1415992,-25954.0,500,False,10352.68916772461,24.114719814224518,1.4577231984589942e-31,7.389056205749512,300000,9999835472.997665,0.0,0.0,499,0
2824,1415993,-25954.0,500,False,10352.68916772461,24.114719814224518,1.4577231984589942e-31,7.389056205749512,300000,9999835472.997665,0.0,0.0,499,0
2825,1415994,-25954.0,500,False,10352.68916772461,24.114719814224518,1.4577231984589942e-31,7.389056205749512,300000,9999835472.997665,0.0,0.0,499,0
2826,1415995,-25954.0,500,False,10352.68916772461,24.114719814224518,1.4577231984589942e-31,7.389056205749512,300000,9999835472.997665,0.0,0.0,499,0
2827,1415996,-25954.0,500,False,10352.68916772461,24.114719814224518,1.4577231984589942e-31,7.389056205749512,300000,9999835472.997665,0.0,0.0,499,0
2828,1415997,-25954.0,500,False,10352.68916772461,24.114719814224518,1.4577231984589942e-31,7.389056205749512,300000,9999835472.997665,0.0,0.0,499,0
2829,1415998,-25954.0,500,False,10352.68916772461,24.114719814224518,1.4577231984589942e-31,7.389056205749512,300000,9999835472.997665,0.0,0.0,499,0
2830,1415999,-25954.0,500,False,10352.68916772461,24.114719814224518,1.4577231984589942e-31,7.389056205749512,300000,9999835472.997665,0.0,0.0,499,0
2831,1416000,-25954.0,500,False,10352.68916772461,24.114719814224518,1.4577231984589942e-31,7.389056205749512,300000,9999835472.997665,0.0,0.0,499,0
2832,1423985,-25954.0,500,False,10363.256392333984,23.956194588142562,1.4712271179024756e-31,7.389056205749512,300000,9999835472.997665,0.0,0.0,499,0
2833,1423986,-25954.0,500,False,10363.256392333984,23.956194588142562,1.4712271179024756e-31,7.389056205749512,300000,9999835472.997665,0.0,0.0,499,0
2834,1423987,-25954.0,500,False,10363.256392333984,23.956194588142562,1.4712271179024756e-31,7.389056205749512,300000,9999835472.997665,0.0,0.0,499,0
2835,1423988,-25954.0,500,False,10363.256392333984,23.956194588142562,1.4712271179024756e-31,7.389056205749512,300000,9999835472.997665,0.0,0.0,499,0
2836,1423989,-25954.0,500,False,10363.256392333984,23.956194588142562,1.4712271179024756e-31,7.389056205749512,300000,9999835472.997665,0.0,0.0,499,0
2837,1423990,-25954.0,500,False,10363.256392333984,23.956194588142562,1.4712271179024756e-31,7.389056205749512,300000,9999835472.997665,0.0,0.0,499,0
2838,1423991,-25954.0,500,False,10363.256392333984,23.956194588142562,1.4712271179024756e-31,7.389056205749512,300000,9999835472.997665,0.0,0.0,499,0
2839,1423992,-25954.0,500,False,10363.256392333984,23.956194588142562,1.4712271179024756e-31,7.389056205749512,300000,9999835472.997665,0.0,0.0,499,0
2840,1423993,-25954.0,500,False,10363.256392333984,23.956194588142562,1.4712271179024756e-31,7.389056205749512,300000,9999835472.997665,0.0,0.0,499,0
2841,1423994,-25954.0,500,False,10363.256392333984,23.956194588142562,1.4712271179024756e-31,7.389056205749512,300000,9999835472.997665,0.0,0.0,499,0
2842,1423995,-25954.0,500,False,10363.256392333984,23.956194588142562,1.4712271179024756e-31,7.389056205749512,300000,9999835472.997665,0.0,0.0,499,0
2843,1423996,-25954.0,500,False,10363.256392333984,23.956194588142562,1.4712271179024756e-31,7.389056205749512,300000,9999835472.997665,0.0,0.0,499,0
2844,1423997,-25954.0,500,False,10363.256392333984,23.956194588142562,1.4712271179024756e-31,7.389056205749512,300000,9999835472.997665,0.0,0.0,499,0
2845,1423998,-25954.0,500,False,10363.256392333984,23.956194588142562,1.4712271179024756e-31,7.389056205749512,300000,9999835472.997665,0.0,0.0,499,0
2846,1423999,-25954.0,500,False,10363.256392333984,23.956194588142562,1.4712271179024756e-31,7.389056205749512,300000,9999835472.997665,0.0,0.0,499,0
2847,1424000,-25954.0,500,False,10363.256392333984,23.956194588142562,1.4712271179024756e-31,7.389056205749512,300000,9999835472.997665,0.0,0.0,499,0
2848,1431985,-25954.0,500,False,10372.5809453125,25.37684038918221,1.4876741998509662e-31,7.389056205749512,300000,9999835472.997665,0.0,0.0,499,0
2849,1431986,-25954.0,500,False,10372.5809453125,25.37684038918221,1.4876741998509662e-31,7.389056205749512,300000,9999835472.997665,0.0,0.0,499,0
2850,1431987,-25954.0,500,False,10372.5809453125,25.37684038918221,1.4876741998509662e-31,7.389056205749512,300000,9999835472.997665,0.0,0.0,499,0
2851,1431988,-25954.0,500,False,10372.5809453125,25.37684038918221,1.4876741998509662e-31,7.389056205749512,300000,9999835472.997665,0.0,0.0,499,0
2852,1431989,-25954.0,500,False,10372.5809453125,25.37684038918221,1.4876741998509662e-31,7.389056205749512,300000,9999835472.997665,0.0,0.0,499,0
2853,1431990,-25954.0,500,False,10372.5809453125,25.37684038918221,1.4876741998509662e-31,7.389056205749512,300000,9999835472.997665,0.0,0.0,499,0
2854,1431991,-25954.0,500,False,10372.5809453125,25.37684038918221,1.4876741998509662e-31,7.389056205749512,300000,9999835472.997665,0.0,0.0,499,0
2855,1431992,-25954.0,500,False,10372.5809453125,25.37684038918221,1.4876741998509662e-31,7.389056205749512,300000,9999835472.997665,0.0,0.0,499,0
2856,1431993,-25954.0,500,False,10372.5809453125,25.37684038918221,1.4876741998509662e-31,7.389056205749512,300000,9999835472.997665,0.0,0.0,499,0
2857,1431994,-25954.0,500,False,10372.5809453125,25.37684038918221,1.4876741998509662e-31,7.389056205749512,300000,9999835472.997665,0.0,0.0,499,0
2858,1431995,-25954.0,500,False,10372.5809453125,25.37684038918221,1.4876741998509662e-31,7.389056205749512,300000,9999835472.997665,0.0,0.0,499,0
2859,1431996,-25954.0,500,False,10372.5809453125,25.37684038918221,1.4876741998509662e-31,7.389056205749512,300000,9999835472.997665,0.0,0.0,499,0
2860,1431997,-25954.0,500,False,10372.5809453125,25.37684038918221,1.4876741998509662e-31,7.389056205749512,300000,9999835472.997665,0.0,0.0,499,0
2861,1431998,-25954.0,500,False,10372.5809453125,25.37684038918221,1.4876741998509662e-31,7.389056205749512,300000,9999835472.997665,0.0,0.0,499,0
2862,1431999,-25954.0,500,False,10372.5809453125,25.37684038918221,1.4876741998509662e-31,7.389056205749512,300000,9999835472.997665,0.0,0.0,499,0
2863,1432000,-25954.0,500,False,10372.5809453125,25.37684038918221,1.4876741998509662e-31,7.389056205749512,300000,9999835472.997665,0.0,0.0,499,0
2864,1439985,-25954.0,500,False,10380.59125805664,22.78834880962531,1.4845579113020391e-31,7.389056205749512,300000,9999835472.997665,0.0,0.0,499,0
2865,1439986,-25954.0,500,False,10380.59125805664,22.78834880962531,1.4845579113020391e-31,7.389056205749512,300000,9999835472.997665,0.0,0.0,499,0
2866,1439987,-25954.0,500,False,10380.59125805664,22.78834880962531,1.4845579113020391e-31,7.389056205749512,300000,9999835472.997665,0.0,0.0,499,0
2867,1439988,-25954.0,500,False,10380.59125805664,22.78834880962531,1.4845579113020391e-31,7.389056205749512,300000,9999835472.997665,0.0,0.0,499,0
2868,1439989,-25954.0,500,False,10380.59125805664,22.78834880962531,1.4845579113020391e-31,7.389056205749512,300000,9999835472.997665,0.0,0.0,499,0
2869,1439990,-25954.0,500,False,10380.59125805664,22.78834880962531,1.4845579113020391e-31,7.389056205749512,300000,9999835472.997665,0.0,0.0,499,0
2870,1439991,-25954.0,500,False,10380.59125805664,22.78834880962531,1.4845579113020391e-31,7.389056205749512,300000,9999835472.997665,0.0,0.0,499,0
2871,1439992,-25954.0,500,False,10380.59125805664,22.78834880962531,1.4845579113020391e-31,7.389056205749512,300000,9999835472.997665,0.0,0.0,499,0
2872,1439993,-25954.0,500,False,10380.59125805664,22.78834880962531,1.4845579113020391e-31,7.389056205749512,300000,9999835472.997665,0.0,0.0,499,0
2873,1439994,-25954.0,500,False,10380.59125805664,22.78834880962531,1.4845579113020391e-31,7.389056205749512,300000,9999835472.997665,0.0,0.0,499,0
2874,1439995,-25954.0,500,False,10380.59125805664,22.78834880962531,1.4845579113020391e-31,7.389056205749512,300000,9999835472.997665,0.0,0.0,499,0
2875,1439996,-25954.0,500,False,10380.59125805664,22.78834880962531,1.4845579113020391e-31,7.389056205749512,300000,9999835472.997665,0.0,0.0,499,0
2876,1439997,-25954.0,500,False,10380.59125805664,22.78834880962531,1.4845579113020391e-31,7.389056205749512,300000,9999835472.997665,0.0,0.0,499,0
2877,1439998,-25954.0,500,False,10380.59125805664,22.78834880962531,1.4845579113020391e-31,7.389056205749512,300000,9999835472.997665,0.0,0.0,499,0
2878,1439999,-25954.0,500,False,10380.59125805664,22.78834880962531,1.4845579113020391e-31,7.389056205749512,300000,9999835472.997665,0.0,0.0,499,0
2879,1440000,-25954.0,500,False,10380.59125805664,22.78834880962531,1.4845579113020391e-31,7.389056205749512,300000,9999835472.997665,0.0,0.0,499,0
2880,1447985,-25954.0,500,False,10388.874092529297,23.08973241846333,1.4805759858332054e-31,7.389056205749512,300000,9999835472.997665,0.0,0.0,499,0
2881,1447986,-25954.0,500,False,10388.874092529297,23.08973241846333,1.4805759858332054e-31,7.389056205749512,300000,9999835472.997665,0.0,0.0,499,0
2882,1447987,-25954.0,500,False,10388.874092529297,23.08973241846333,1.4805759858332054e-31,7.389056205749512,300000,9999835472.997665,0.0,0.0,499,0
2883,1447988,-25954.0,500,False,10388.874092529297,23.08973241846333,1.4805759858332054e-31,7.389056205749512,300000,9999835472.997665,0.0,0.0,499,0
2884,1447989,-25954.0,500,False,10388.874092529297,23.08973241846333,1.4805759858332054e-31,7.389056205749512,300000,9999835472.997665,0.0,0.0,499,0
2885,1447990,-25954.0,500,False,10388.874092529297,23.08973241846333,1.4805759858332054e-31,7.389056205749512,300000,9999835472.997665,0.0,0.0,499,0
2886,1447991,-25954.0,500,False,10388.874092529297,23.08973241846333,1.4805759858332054e-31,7.389056205749512,300000,9999835472.997665,0.0,0.0,499,0
2887,1447992,-25954.0,500,False,10388.874092529297,23.08973241846333,1.4805759858332054e-31,7.389056205749512,300000,9999835472.997665,0.0,0.0,499,0
2888,1447993,-25954.0,500,False,10388.874092529297,23.08973241846333,1.4805759858332054e-31,7.389056205749512,300000,9999835472.997665,0.0,0.0,499,0
2889,1447994,-25954.0,500,False,10388.874092529297,23.08973241846333,1.4805759858332054e-31,7.389056205749512,300000,9999835472.997665,0.0,0.0,499,0
2890,1447995,-25954.0,500,False,10388.874092529297,23.08973241846333,1.4805759858332054e-31,7.389056205749512,300000,9999835472.997665,0.0,0.0,499,0
2891,1447996,-25954.0,500,False,10388.874092529297,23.08973241846333,1.4805759858332054e-31,7.389056205749512,300000,9999835472.997665,0.0,0.0,499,0
2892,1447997,-25954.0,500,False,10388.874092529297,23.08973241846333,1.4805759858332054e-31,7.389056205749512,300000,9999835472.997665,0.0,0.0,499,0
2893,1447998,-25954.0,500,False,10388.874092529297,23.08973241846333,1.4805759858332054e-31,7.389056205749512,300000,9999835472.997665,0.0,0.0,499,0
2894,1447999,-25954.0,500,False,10388.874092529297,23.08973241846333,1.4805759858332054e-31,7.389056205749512,300000,9999835472.997665,0.0,0.0,499,0
2895,1448000,-25954.0,500,False,10388.874092529297,23.08973241846333,1.4805759858332054e-31,7.389056205749512,300000,9999835472.997665,0.0,0.0,499,0
2896,1455985,-25954.0,500,False,10394.342164794922,22.854657090950116,1.4791909678997476e-31,7.389056205749512,300000,9999835472.997665,0.0,0.0,499,0
2897,1455986,-25954.0,500,False,10394.342164794922,22.854657090950116,1.4791909678997476e-31,7.389056205749512,300000,9999835472.997665,0.0,0.0,499,0
2898,1455987,-25954.0,500,False,10394.342164794922,22.854657090950116,1.4791909678997476e-31,7.389056205749512,300000,9999835472.997665,0.0,0.0,499,0
2899,1455988,-25954.0,500,False,10394.342164794922,22.854657090950116,1.4791909678997476e-31,7.389056205749512,300000,9999835472.997665,0.0,0.0,499,0
2900,1455989,-25954.0,500,False,10394.342164794922,22.854657090950116,1.4791909678997476e-31,7.389056205749512,300000,9999835472.997665,0.0,0.0,499,0
2901,1455990,-25954.0,500,False,10394.342164794922,22.854657090950116,1.4791909678997476e-31,7.389056205749512,300000,9999835472.997665,0.0,0.0,499,0
2902,1455991,-25954.0,500,False,10394.342164794922,22.854657090950116,1.4791909678997476e-31,7.389056205749512,300000,9999835472.997665,0.0,0.0,499,0
2903,1455992,-25954.0,500,False,10394.342164794922,22.854657090950116,1.4791909678997476e-31,7.389056205749512,300000,9999835472.997665,0.0,0.0,499,0
2904,1455993,-25954.0,500,False,10394.342164794922,22.854657090950116,1.4791909678997476e-31,7.389056205749512,300000,9999835472.997665,0.0,0.0,499,0
2905,1455994,-25954.0,500,False,10394.342164794922,22.854657090950116,1.4791909678997476e-31,7.389056205749512,300000,9999835472.997665,0.0,0.0,499,0
2906,1455995,-25954.0,500,False,10394.342164794922,22.854657090950116,1.4791909678997476e-31,7.389056205749512,300000,9999835472.997665,0.0,0.0,499,0
2907,1455996,-25954.0,500,False,10394.342164794922,22.854657090950116,1.4791909678997476e-31,7.389056205749512,300000,9999835472.997665,0.0,0.0,499,0
2908,1455997,-25954.0,500,False,10394.342164794922,22.854657090950116,1.4791909678997476e-31,7.389056205749512,300000,9999835472.997665,0.0,0.0,499,0
2909,1455998,-25954.0,500,False,10394.342164794922,22.854657090950116,1.4791909678997476e-31,7.389056205749512,300000,9999835472.997665,0.0,0.0,499,0
2910,1455999,-25954.0,500,False,10394.342164794922,22.854657090950116,1.4791909678997476e-31,7.389056205749512,300000,9999835472.997665,0.0,0.0,499,0
2911,1456000,-25954.0,500,False,10394.342164794922,22.854657090950116,1.4791909678997476e-31,7.389056205749512,300000,9999835472.997665,0.0,0.0,499,0
2912,1463985,-25954.0,500,False,10395.849435302734,23.398007873573633,1.4686302117629992e-31,7.389056205749512,300000,9999835472.997665,0.0,0.0,499,0
2913,1463986,-25954.0,500,False,10395.849435302734,23.398007873573633,1.4686302117629992e-31,7.389056205749512,300000,9999835472.997665,0.0,0.0,499,0
2914,1463987,-25954.0,500,False,10395.849435302734,23.398007873573633,1.4686302117629992e-31,7.389056205749512,300000,9999835472.997665,0.0,0.0,499,0
2915,1463988,-25954.0,500,False,10395.849435302734,23.398007873573633,1.4686302117629992e-31,7.389056205749512,300000,9999835472.997665,0.0,0.0,499,0
2916,1463989,-25954.0,500,False,10395.849435302734,23.398007873573633,1.4686302117629992e-31,7.389056205749512,300000,9999835472.997665,0.0,0.0,499,0
2917,1463990,-25954.0,500,False,10395.849435302734,23.398007873573633,1.4686302117629992e-31,7.389056205749512,300000,9999835472.997665,0.0,0.0,499,0
2918,1463991,-25954.0,500,False,10395.849435302734,23.398007873573633,1.4686302117629992e-31,7.389056205749512,300000,9999835472.997665,0.0,0.0,499,0
2919,1463992,-25954.0,500,False,10395.849435302734,23.398007873573633,1.4686302117629992e-31,7.389056205749512,300000,9999835472.997665,0.0,0.0,499,0
2920,1463993,-25954.0,500,False,10395.849435302734,23.398007873573633,1.4686302117629992e-31,7.389056205749512,300000,9999835472.997665,0.0,0.0,499,0
2921,1463994,-25954.0,500,False,10395.849435302734,23.398007873573633,1.4686302117629992e-31,7.389056205749512,300000,9999835472.997665,0.0,0.0,499,0
2922,1463995,-25954.0,500,False,10395.849435302734,23.398007873573633,1.4686302117629992e-31,7.389056205749512,300000,9999835472.997665,0.0,0.0,499,0
2923,1463996,-25954.0,500,False,10395.849435302734,23.398007873573633,1.4686302117629992e-31,7.389056205749512,300000,9999835472.997665,0.0,0.0,499,0
2924,1463997,-25954.0,500,False,10395.849435302734,23.398007873573633,1.4686302117629992e-31,7.389056205749512,300000,9999835472.997665,0.0,0.0,499,0
2925,1463998,-25954.0,500,False,10395.849435302734,23.398007873573633,1.4686302117629992e-31,7.389056205749512,300000,9999835472.997665,0.0,0.0,499,0
2926,1463999,-25954.0,500,False,10395.849435302734,23.398007873573633,1.4686302117629992e-31,7.389056205749512,300000,9999835472.997665,0.0,0.0,499,0
2927,1464000,-25954.0,500,False,10395.849435302734,23.398007873573633,1.4686302117629992e-31,7.389056205749512,300000,9999835472.997665,0.0,0.0,499,0
2928,1471985,-25954.0,500,False,10399.16557470703,23.112724861690367,1.4881935820969498e-31,7.389056205749512,300000,9999835472.997665,0.0,0.0,499,0
2929,1471986,-25954.0,500,False,10399.16557470703,23.112724861690367,1.4881935820969498e-31,7.389056205749512,300000,9999835472.997665,0.0,0.0,499,0
2930,1471987,-25954.0,500,False,10399.16557470703,23.112724861690367,1.4881935820969498e-31,7.389056205749512,300000,9999835472.997665,0.0,0.0,499,0
2931,1471988,-25954.0,500,False,10399.16557470703,23.112724861690367,1.4881935820969498e-31,7.389056205749512,300000,9999835472.997665,0.0,0.0,499,0
2932,1471989,-25954.0,500,False,10399.16557470703,23.112724861690367,1.4881935820969498e-31,7.389056205749512,300000,9999835472.997665,0.0,0.0,499,0
2933,1471990,-25954.0,500,False,10399.16557470703,23.112724861690367,1.4881935820969498e-31,7.389056205749512,300000,9999835472.997665,0.0,0.0,499,0
2934,1471991,-25954.0,500,False,10399.16557470703,23.112724861690367,1.4881935820969498e-31,7.389056205749512,300000,9999835472.997665,0.0,0.0,499,0
2935,1471992,-25954.0,500,False,10399.16557470703,23.112724861690367,1.4881935820969498e-31,7.389056205749512,300000,9999835472.997665,0.0,0.0,499,0
2936,1471993,-25954.0,500,False,10399.16557470703,23.112724861690367,1.4881935820969498e-31,7.389056205749512,300000,9999835472.997665,0.0,0.0,499,0
2937,1471994,-25954.0,500,False,10399.16557470703,23.112724861690367,1.4881935820969498e-31,7.389056205749512,300000,9999835472.997665,0.0,0.0,499,0
2938,1471995,-25954.0,500,False,10399.16557470703,23.112724861690367,1.4881935820969498e-31,7.389056205749512,300000,9999835472.997665,0.0,0.0,499,0
2939,1471996,-25954.0,500,False,10399.16557470703,23.112724861690367,1.4881935820969498e-31,7.389056205749512,300000,9999835472.997665,0.0,0.0,499,0
2940,1471997,-25954.0,500,False,10399.16557470703,23.112724861690367,1.4881935820969498e-31,7.389056205749512,300000,9999835472.997665,0.0,0.0,499,0
2941,1471998,-25954.0,500,False,10399.16557470703,23.112724861690367,1.4881935820969498e-31,7.389056205749512,300000,9999835472.997665,0.0,0.0,499,0
2942,1471999,-25954.0,500,False,10399.16557470703,23.112724861690367,1.4881935820969498e-31,7.389056205749512,300000,9999835472.997665,0.0,0.0,499,0
2943,1472000,-25954.0,500,False,10399.16557470703,23.112724861690367,1.4881935820969498e-31,7.389056205749512,300000,9999835472.997665,0.0,0.0,499,0
2944,1479985,-25954.0,500,False,10401.418908935548,22.795587678817274,1.4847310381063547e-31,7.389056205749512,300000,9999835472.997665,0.0,0.0,499,0
2945,1479986,-25954.0,500,False,10401.418908935548,22.795587678817274,1.4847310381063547e-31,7.389056205749512,300000,9999835472.997665,0.0,0.0,499,0
2946,1479987,-25954.0,500,False,10401.418908935548,22.795587678817274,1.4847310381063547e-31,7.389056205749512,300000,9999835472.997665,0.0,0.0,499,0
2947,1479988,-25954.0,500,False,10401.418908935548,22.795587678817274,1.4847310381063547e-31,7.389056205749512,300000,9999835472.997665,0.0,0.0,499,0
2948,1479989,-25954.0,500,False,10401.418908935548,22.795587678817274,1.4847310381063547e-31,7.389056205749512,300000,9999835472.997665,0.0,0.0,499,0
2949,1479990,-25954.0,500,False,10401.418908935548,22.795587678817274,1.4847310381063547e-31,7.389056205749512,300000,9999835472.997665,0.0,0.0,499,0
2950,1479991,-25954.0,500,False,10401.418908935548,22.795587678817274,1.4847310381063547e-31,7.389056205749512,300000,9999835472.997665,0.0,0.0,499,0
2951,1479992,-25954.0,500,False,10401.418908935548,22.795587678817274,1.4847310381063547e-31,7.389056205749512,300000,9999835472.997665,0.0,0.0,499,0
2952,1479993,-25954.0,500,False,10401.418908935548,22.795587678817274,1.4847310381063547e-31,7.389056205749512,300000,9999835472.997665,0.0,0.0,499,0
2953,1479994,-25954.0,500,False,10401.418908935548,22.795587678817274,1.4847310381063547e-31,7.389056205749512,300000,9999835472.997665,0.0,0.0,499,0
2954,1479995,-25954.0,500,False,10401.418908935548,22.795587678817274,1.4847310381063547e-31,7.389056205749512,300000,9999835472.997665,0.0,0.0,499,0
2955,1479996,-25954.0,500,False,10401.418908935548,22.795587678817274,1.4847310381063547e-31,7.389056205749512,300000,9999835472.997665,0.0,0.0,499,0
2956,1479997,-25954.0,500,False,10401.418908935548,22.795587678817274,1.4847310381063547e-31,7.389056205749512,300000,9999835472.997665,0.0,0.0,499,0
2957,1479998,-25954.0,500,False,10401.418908935548,22.795587678817274,1.4847310381063547e-31,7.389056205749512,300000,9999835472.997665,0.0,0.0,499,0
2958,1479999,-25954.0,500,False,10401.418908935548,22.795587678817274,1.4847310381063547e-31,7.389056205749512,300000,9999835472.997665,0.0,0.0,499,0
2959,1480000,-25954.0,500,False,10401.418908935548,22.795587678817274,1.4847310381063547e-31,7.389056205749512,300000,9999835472.997665,0.0,0.0,499,0
2960,1487985,-25954.0,500,False,10408.576817871093,24.491424886152615,1.461185742081329e-31,7.389056205749512,300000,9999835472.997665,0.0,0.0,499,0
2961,1487986,-25954.0,500,False,10408.576817871093,24.491424886152615,1.461185742081329e-31,7.389056205749512,300000,9999835472.997665,0.0,0.0,499,0
2962,1487987,-25954.0,500,False,10408.576817871093,24.491424886152615,1.461185742081329e-31,7.389056205749512,300000,9999835472.997665,0.0,0.0,499,0
2963,1487988,-25954.0,500,False,10408.576817871093,24.491424886152615,1.461185742081329e-31,7.389056205749512,300000,9999835472.997665,0.0,0.0,499,0
2964,1487989,-25954.0,500,False,10408.576817871093,24.491424886152615,1.461185742081329e-31,7.389056205749512,300000,9999835472.997665,0.0,0.0,499,0
2965,1487990,-25954.0,500,False,10408.576817871093,24.491424886152615,1.461185742081329e-31,7.389056205749512,300000,9999835472.997665,0.0,0.0,499,0
2966,1487991,-25954.0,500,False,10408.576817871093,24.491424886152615,1.461185742081329e-31,7.389056205749512,300000,9999835472.997665,0.0,0.0,499,0
2967,1487992,-25954.0,500,False,10408.576817871093,24.491424886152615,1.461185742081329e-31,7.389056205749512,300000,9999835472.997665,0.0,0.0,499,0
2968,1487993,-25954.0,500,False,10408.576817871093,24.491424886152615,1.461185742081329e-31,7.389056205749512,300000,9999835472.997665,0.0,0.0,499,0
2969,1487994,-25954.0,500,False,10408.576817871093,24.491424886152615,1.461185742081329e-31,7.389056205749512,300000,9999835472.997665,0.0,0.0,499,0
2970,1487995,-25954.0,500,False,10408.576817871093,24.491424886152615,1.461185742081329e-31,7.389056205749512,300000,9999835472.997665,0.0,0.0,499,0
2971,1487996,-25954.0,500,False,10408.576817871093,24.491424886152615,1.461185742081329e-31,7.389056205749512,300000,9999835472.997665,0.0,0.0,499,0
2972,1487997,-25954.0,500,False,10408.576817871093,24.491424886152615,1.461185742081329e-31,7.389056205749512,300000,9999835472.997665,0.0,0.0,499,0
2973,1487998,-25954.0,500,False,10408.576817871093,24.491424886152615,1.461185742081329e-31,7.389056205749512,300000,9999835472.997665,0.0,0.0,499,0
2974,1487999,-25954.0,500,False,10408.576817871093,24.491424886152615,1.461185742081329e-31,7.389056205749512,300000,9999835472.997665,0.0,0.0,499,0
2975,1488000,-25954.0,500,False,10408.576817871093,24.491424886152615,1.461185742081329e-31,7.389056205749512,300000,9999835472.997665,0.0,0.0,499,0
2976,1495985,-25954.0,500,False,10413.442575195313,22.796235971801856,1.4696689743971343e-31,7.389056205749512,300000,9999835472.997665,0.0,0.0,499,0
2977,1495986,-25954.0,500,False,10413.442575195313,22.796235971801856,1.4696689743971343e-31,7.389056205749512,300000,9999835472.997665,0.0,0.0,499,0
2978,1495987,-25954.0,500,False,10413.442575195313,22.796235971801856,1.4696689743971343e-31,7.389056205749512,300000,9999835472.997665,0.0,0.0,499,0
2979,1495988,-25954.0,500,False,10413.442575195313,22.796235971801856,1.4696689743971343e-31,7.389056205749512,300000,9999835472.997665,0.0,0.0,499,0
2980,1495989,-25954.0,500,False,10413.442575195313,22.796235971801856,1.4696689743971343e-31,7.389056205749512,300000,9999835472.997665,0.0,0.0,499,0
2981,1495990,-25954.0,500,False,10413.442575195313,22.796235971801856,1.4696689743971343e-31,7.389056205749512,300000,9999835472.997665,0.0,0.0,499,0
2982,1495991,-25954.0,500,False,10413.442575195313,22.796235971801856,1.4696689743971343e-31,7.389056205749512,300000,9999835472.997665,0.0,0.0,499,0
2983,1495992,-25954.0,500,False,10413.442575195313,22.796235971801856,1.4696689743971343e-31,7.389056205749512,300000,9999835472.997665,0.0,0.0,499,0
2984,1495993,-25954.0,500,False,10413.442575195313,22.796235971801856,1.4696689743971343e-31,7.389056205749512,300000,9999835472.997665,0.0,0.0,499,0
2985,1495994,-25954.0,500,False,10413.442575195313,22.796235971801856,1.4696689743971343e-31,7.389056205749512,300000,9999835472.997665,0.0,0.0,499,0
2986,1495995,-25954.0,500,False,10413.442575195313,22.796235971801856,1.4696689743971343e-31,7.389056205749512,300000,9999835472.997665,0.0,0.0,499,0
2987,1495996,-25954.0,500,False,10413.442575195313,22.796235971801856,1.4696689743971343e-31,7.389056205749512,300000,9999835472.997665,0.0,0.0,499,0
2988,1495997,-25954.0,500,False,10413.442575195313,22.796235971801856,1.4696689743971343e-31,7.389056205749512,300000,9999835472.997665,0.0,0.0,499,0
2989,1495998,-25954.0,500,False,10413.442575195313,22.796235971801856,1.4696689743971343e-31,7.389056205749512,300000,9999835472.997665,0.0,0.0,499,0
2990,1495999,-25954.0,500,False,10413.442575195313,22.796235971801856,1.4696689743971343e-31,7.389056205749512,300000,9999835472.997665,0.0,0.0,499,0
2991,1496000,-25954.0,500,False,10413.442575195313,22.796235971801856,1.4696689743971343e-31,7.389056205749512,300000,9999835472.997665,0.0,0.0,499,0
2992,1503985,-25954.0,500,False,10413.798115234375,22.189774877904156,1.4691495911308585e-31,7.389056205749512,300000,9999835472.997665,0.0,0.0,499,0
2993,1503986,-25954.0,500,False,10413.798115234375,22.189774877904156,1.4691495911308585e-31,7.389056205749512,300000,9999835472.997665,0.0,0.0,499,0
2994,1503987,-25954.0,500,False,10413.798115234375,22.189774877904156,1.4691495911308585e-31,7.389056205749512,300000,9999835472.997665,0.0,0.0,499,0
2995,1503988,-25954.0,500,False,10413.798115234375,22.189774877904156,1.4691495911308585e-31,7.389056205749512,300000,9999835472.997665,0.0,0.0,499,0
2996,1503989,-25954.0,500,False,10413.798115234375,22.189774877904156,1.4691495911308585e-31,7.389056205749512,300000,9999835472.997665,0.0,0.0,499,0
2997,1503990,-25954.0,500,False,10413.798115234375,22.189774877904156,1.4691495911308585e-31,7.389056205749512,300000,9999835472.997665,0.0,0.0,499,0
2998,1503991,-25954.0,500,False,10413.798115234375,22.189774877904156,1.4691495911308585e-31,7.389056205749512,300000,9999835472.997665,0.0,0.0,499,0
2999,1503992,-25954.0,500,False,10413.798115234375,22.189774877904156,1.4691495911308585e-31,7.389056205749512,300000,9999835472.997665,0.0,0.0,499,0
3000,1503993,-25954.0,500,False,10413.798115234375,22.189774877904156,1.4691495911308585e-31,7.389056205749512,300000,9999835472.997665,0.0,0.0,499,0
3001,1503994,-25954.0,500,False,10413.798115234375,22.189774877904156,1.4691495911308585e-31,7.389056205749512,300000,9999835472.997665,0.0,0.0,499,0
3002,1503995,-25954.0,500,False,10413.798115234375,22.189774877904156,1.4691495911308585e-31,7.389056205749512,300000,9999835472.997665,0.0,0.0,499,0
3003,1503996,-25954.0,500,False,10413.798115234375,22.189774877904156,1.4691495911308585e-31,7.389056205749512,300000,9999835472.997665,0.0,0.0,499,0
3004,1503997,-25954.0,500,False,10413.798115234375,22.189774877904156,1.4691495911308585e-31,7.389056205749512,300000,9999835472.997665,0.0,0.0,499,0
3005,1503998,-25954.0,500,False,10413.798115234375,22.189774877904156,1.4691495911308585e-31,7.389056205749512,300000,9999835472.997665,0.0,0.0,499,0
3006,1503999,-25954.0,500,False,10413.798115234375,22.189774877904156,1.4691495911308585e-31,7.389056205749512,300000,9999835472.997665,0.0,0.0,499,0
3007,1504000,-25954.0,500,False,10413.798115234375,22.189774877904156,1.4691495911308585e-31,7.389056205749512,300000,9999835472.997665,0.0,0.0,499,0
3008,1511985,-25954.0,500,False,10417.638346923828,23.056620575575334,1.4525293814413303e-31,7.389056205749512,300000,9999835472.997665,0.0,0.0,499,0
3009,1511986,-25954.0,500,False,10417.638346923828,23.056620575575334,1.4525293814413303e-31,7.389056205749512,300000,9999835472.997665,0.0,0.0,499,0
3010,1511987,-25954.0,500,False,10417.638346923828,23.056620575575334,1.4525293814413303e-31,7.389056205749512,300000,9999835472.997665,0.0,0.0,499,0
3011,1511988,-25954.0,500,False,10417.638346923828,23.056620575575334,1.4525293814413303e-31,7.389056205749512,300000,9999835472.997665,0.0,0.0,499,0
3012,1511989,-25954.0,500,False,10417.638346923828,23.056620575575334,1.4525293814413303e-31,7.389056205749512,300000,9999835472.997665,0.0,0.0,499,0
3013,1511990,-25954.0,500,False,10417.638346923828,23.056620575575334,1.4525293814413303e-31,7.389056205749512,300000,9999835472.997665,0.0,0.0,499,0
3014,1511991,-25954.0,500,False,10417.638346923828,23.056620575575334,1.4525293814413303e-31,7.389056205749512,300000,9999835472.997665,0.0,0.0,499,0
3015,1511992,-25954.0,500,False,10417.638346923828,23.056620575575334,1.4525293814413303e-31,7.389056205749512,300000,9999835472.997665,0.0,0.0,499,0
3016,1511993,-25954.0,500,False,10417.638346923828,23.056620575575334,1.4525293814413303e-31,7.389056205749512,300000,9999835472.997665,0.0,0.0,499,0
3017,1511994,-25954.0,500,False,10417.638346923828,23.056620575575334,1.4525293814413303e-31,7.389056205749512,300000,9999835472.997665,0.0,0.0,499,0
3018,1511995,-25954.0,500,False,10417.638346923828,23.056620575575334,1.4525293814413303e-31,7.389056205749512,300000,9999835472.997665,0.0,0.0,499,0
3019,1511996,-25954.0,500,False,10417.638346923828,23.056620575575334,1.4525293814413303e-31,7.389056205749512,300000,9999835472.997665,0.0,0.0,499,0
3020,1511997,-25954.0,500,False,10417.638346923828,23.056620575575334,1.4525293814413303e-31,7.389056205749512,300000,9999835472.997665,0.0,0.0,499,0
3021,1511998,-25954.0,500,False,10417.638346923828,23.056620575575334,1.4525293814413303e-31,7.389056205749512,300000,9999835472.997665,0.0,0.0,499,0
3022,1511999,-25954.0,500,False,10417.638346923828,23.056620575575334,1.4525293814413303e-31,7.389056205749512,300000,9999835472.997665,0.0,0.0,499,0
3023,1512000,-25954.0,500,False,10417.638346923828,23.056620575575334,1.4525293814413303e-31,7.389056205749512,300000,9999835472.997665,0.0,0.0,499,0
3024,1519985,-25954.0,500,False,10423.116090820313,23.57398880848766,1.4700152294209509e-31,7.389056205749512,300000,9999835472.997665,0.0,0.0,499,0
3025,1519986,-25954.0,500,False,10423.116090820313,23.57398880848766,1.4700152294209509e-31,7.389056205749512,300000,9999835472.997665,0.0,0.0,499,0
3026,1519987,-25954.0,500,False,10423.116090820313,23.57398880848766,1.4700152294209509e-31,7.389056205749512,300000,9999835472.997665,0.0,0.0,499,0
3027,1519988,-25954.0,500,False,10423.116090820313,23.57398880848766,1.4700152294209509e-31,7.389056205749512,300000,9999835472.997665,0.0,0.0,499,0
3028,1519989,-25954.0,500,False,10423.116090820313,23.57398880848766,1.4700152294209509e-31,7.389056205749512,300000,9999835472.997665,0.0,0.0,499,0
3029,1519990,-25954.0,500,False,10423.116090820313,23.57398880848766,1.4700152294209509e-31,7.389056205749512,300000,9999835472.997665,0.0,0.0,499,0
3030,1519991,-25954.0,500,False,10423.116090820313,23.57398880848766,1.4700152294209509e-31,7.389056205749512,300000,9999835472.997665,0.0,0.0,499,0
3031,1519992,-25954.0,500,False,10423.116090820313,23.57398880848766,1.4700152294209509e-31,7.389056205749512,300000,9999835472.997665,0.0,0.0,499,0
3032,1519993,-25954.0,500,False,10423.116090820313,23.57398880848766,1.4700152294209509e-31,7.389056205749512,300000,9999835472.997665,0.0,0.0,499,0
3033,1519994,-25954.0,500,False,10423.116090820313,23.57398880848766,1.4700152294209509e-31,7.389056205749512,300000,9999835472.997665,0.0,0.0,499,0
3034,1519995,-25954.0,500,False,10423.116090820313,23.57398880848766,1.4700152294209509e-31,7.389056205749512,300000,9999835472.997665,0.0,0.0,499,0
3035,1519996,-25954.0,500,False,10423.116090820313,23.57398880848766,1.4700152294209509e-31,7.389056205749512,300000,9999835472.997665,0.0,0.0,499,0
3036,1519997,-25954.0,500,False,10423.116090820313,23.57398880848766,1.4700152294209509e-31,7.389056205749512,300000,9999835472.997665,0.0,0.0,499,0
3037,1519998,-25954.0,500,False,10423.116090820313,23.57398880848766,1.4700152294209509e-31,7.389056205749512,300000,9999835472.997665,0.0,0.0,499,0
3038,1519999,-25954.0,500,False,10423.116090820313,23.57398880848766,1.4700152294209509e-31,7.389056205749512,300000,9999835472.997665,0.0,0.0,499,0
3039,1520000,-25954.0,500,False,10423.116090820313,23.57398880848766,1.4700152294209509e-31,7.389056205749512,300000,9999835472.997665,0.0,0.0,499,0
3040,1527985,-25954.0,500,False,10427.973280029297,22.633301971754875,1.4568575622113235e-31,7.389056205749512,300000,9999835472.997665,0.0,0.0,499,0
3041,1527986,-25954.0,500,False,10427.973280029297,22.633301971754875,1.4568575622113235e-31,7.389056205749512,300000,9999835472.997665,0.0,0.0,499,0
3042,1527987,-25954.0,500,False,10427.973280029297,22.633301971754875,1.4568575622113235e-31,7.389056205749512,300000,9999835472.997665,0.0,0.0,499,0
3043,1527988,-25954.0,500,False,10427.973280029297,22.633301971754875,1.4568575622113235e-31,7.389056205749512,300000,9999835472.997665,0.0,0.0,499,0
3044,1527989,-25954.0,500,False,10427.973280029297,22.633301971754875,1.4568575622113235e-31,7.389056205749512,300000,9999835472.997665,0.0,0.0,499,0
3045,1527990,-25954.0,500,False,10427.973280029297,22.633301971754875,1.4568575622113235e-31,7.389056205749512,300000,9999835472.997665,0.0,0.0,499,0
3046,1527991,-25954.0,500,False,10427.973280029297,22.633301971754875,1.4568575622113235e-31,7.389056205749512,300000,9999835472.997665,0.0,0.0,499,0
3047,1527992,-25954.0,500,False,10427.973280029297,22.633301971754875,1.4568575622113235e-31,7.389056205749512,300000,9999835472.997665,0.0,0.0,499,0
3048,1527993,-25954.0,500,False,10427.973280029297,22.633301971754875,1.4568575622113235e-31,7.389056205749512,300000,9999835472.997665,0.0,0.0,499,0
3049,1527994,-25954.0,500,False,10427.973280029297,22.633301971754875,1.4568575622113235e-31,7.389056205749512,300000,9999835472.997665,0.0,0.0,499,0
3050,1527995,-25954.0,500,False,10427.973280029297,22.633301971754875,1.4568575622113235e-31,7.389056205749512,300000,9999835472.997665,0.0,0.0,499,0
3051,1527996,-25954.0,500,False,10427.973280029297,22.633301971754875,1.4568575622113235e-31,7.389056205749512,300000,9999835472.997665,0.0,0.0,499,0
3052,1527997,-25954.0,500,False,10427.973280029297,22.633301971754875,1.4568575622113235e-31,7.389056205749512,300000,9999835472.997665,0.0,0.0,499,0
3053,1527998,-25954.0,500,False,10427.973280029297,22.633301971754875,1.4568575622113235e-31,7.389056205749512,300000,9999835472.997665,0.0,0.0,499,0
3054,1527999,-25954.0,500,False,10427.973280029297,22.633301971754875,1.4568575622113235e-31,7.389056205749512,300000,9999835472.997665,0.0,0.0,499,0
3055,1528000,-25954.0,500,False,10427.973280029297,22.633301971754875,1.4568575622113235e-31,7.389056205749512,300000,9999835472.997665,0.0,0.0,499,0
3056,1535985,-25954.0,500,False,10429.853065185547,23.107902319568733,1.4831728919359476e-31,7.389056205749512,300000,9999835472.997665,0.0,0.0,499,0
3057,1535986,-25954.0,500,False,10429.853065185547,23.107902319568733,1.4831728919359476e-31,7.389056205749512,300000,9999835472.997665,0.0,0.0,499,0
3058,1535987,-25954.0,500,False,10429.853065185547,23.107902319568733,1.4831728919359476e-31,7.389056205749512,300000,9999835472.997665,0.0,0.0,499,0
3059,1535988,-25954.0,500,False,10429.853065185547,23.107902319568733,1.4831728919359476e-31,7.389056205749512,300000,9999835472.997665,0.0,0.0,499,0
3060,1535989,-25954.0,500,False,10429.853065185547,23.107902319568733,1.4831728919359476e-31,7.389056205749512,300000,9999835472.997665,0.0,0.0,499,0
3061,1535990,-25954.0,500,False,10429.853065185547,23.107902319568733,1.4831728919359476e-31,7.389056205749512,300000,9999835472.997665,0.0,0.0,499,0
3062,1535991,-25954.0,500,False,10429.853065185547,23.107902319568733,1.4831728919359476e-31,7.389056205749512,300000,9999835472.997665,0.0,0.0,499,0
3063,1535992,-25954.0,500,False,10429.853065185547,23.107902319568733,1.4831728919359476e-31,7.389056205749512,300000,9999835472.997665,0.0,0.0,499,0
3064,1535993,-25954.0,500,False,10429.853065185547,23.107902319568733,1.4831728919359476e-31,7.389056205749512,300000,9999835472.997665,0.0,0.0,499,0
3065,1535994,-25954.0,500,False,10429.853065185547,23.107902319568733,1.4831728919359476e-31,7.389056205749512,300000,9999835472.997665,0.0,0.0,499,0
3066,1535995,-25954.0,500,False,10429.853065185547,23.107902319568733,1.4831728919359476e-31,7.389056205749512,300000,9999835472.997665,0.0,0.0,499,0
3067,1535996,-25954.0,500,False,10429.853065185547,23.107902319568733,1.4831728919359476e-31,7.389056205749512,300000,9999835472.997665,0.0,0.0,499,0
3068,1535997,-25954.0,500,False,10429.853065185547,23.107902319568733,1.4831728919359476e-31,7.389056205749512,300000,9999835472.997665,0.0,0.0,499,0
3069,1535998,-25954.0,500,False,10429.853065185547,23.107902319568733,1.4831728919359476e-31,7.389056205749512,300000,9999835472.997665,0.0,0.0,499,0
3070,1535999,-25954.0,500,False,10429.853065185547,23.107902319568733,1.4831728919359476e-31,7.389056205749512,300000,9999835472.997665,0.0,0.0,499,0
3071,1536000,-25954.0,500,False,10429.853065185547,23.107902319568733,1.4831728919359476e-31,7.389056205749512,300000,9999835472.997665,0.0,0.0,499,0
3072,1543985,-25954.0,500,False,10430.742350097657,23.23576557538059,1.4591082156531765e-31,7.389056205749512,300000,9999835472.997665,0.0,0.0,499,0
3073,1543986,-25954.0,500,False,10430.742350097657,23.23576557538059,1.4591082156531765e-31,7.389056205749512,300000,9999835472.997665,0.0,0.0,499,0
3074,1543987,-25954.0,500,False,10430.742350097657,23.23576557538059,1.4591082156531765e-31,7.389056205749512,300000,9999835472.997665,0.0,0.0,499,0
3075,1543988,-25954.0,500,False,10430.742350097657,23.23576557538059,1.4591082156531765e-31,7.389056205749512,300000,9999835472.997665,0.0,0.0,499,0
3076,1543989,-25954.0,500,False,10430.742350097657,23.23576557538059,1.4591082156531765e-31,7.389056205749512,300000,9999835472.997665,0.0,0.0,499,0
3077,1543990,-25954.0,500,False,10430.742350097657,23.23576557538059,1.4591082156531765e-31,7.389056205749512,300000,9999835472.997665,0.0,0.0,499,0
3078,1543991,-25954.0,500,False,10430.742350097657,23.23576557538059,1.4591082156531765e-31,7.389056205749512,300000,9999835472.997665,0.0,0.0,499,0
3079,1543992,-25954.0,500,False,10430.742350097657,23.23576557538059,1.4591082156531765e-31,7.389056205749512,300000,9999835472.997665,0.0,0.0,499,0
3080,1543993,-25954.0,500,False,10430.742350097657,23.23576557538059,1.4591082156531765e-31,7.389056205749512,300000,9999835472.997665,0.0,0.0,499,0
3081,1543994,-25954.0,500,False,10430.742350097657,23.23576557538059,1.4591082156531765e-31,7.389056205749512,300000,9999835472.997665,0.0,0.0,499,0
3082,1543995,-25954.0,500,False,10430.742350097657,23.23576557538059,1.4591082156531765e-31,7.389056205749512,300000,9999835472.997665,0.0,0.0,499,0
3083,1543996,-25954.0,500,False,10430.742350097657,23.23576557538059,1.4591082156531765e-31,7.389056205749512,300000,9999835472.997665,0.0,0.0,499,0
3084,1543997,-25954.0,500,False,10430.742350097657,23.23576557538059,1.4591082156531765e-31,7.389056205749512,300000,9999835472.997665,0.0,0.0,499,0
3085,1543998,-25954.0,500,False,10430.742350097657,23.23576557538059,1.4591082156531765e-31,7.389056205749512,300000,9999835472.997665,0.0,0.0,499,0
3086,1543999,-25954.0,500,False,10430.742350097657,23.23576557538059,1.4591082156531765e-31,7.389056205749512,300000,9999835472.997665,0.0,0.0,499,0
3087,1544000,-25954.0,500,False,10430.742350097657,23.23576557538059,1.4591082156531765e-31,7.389056205749512,300000,9999835472.997665,0.0,0.0,499,0
3088,1551985,-25954.0,500,False,10430.773847412109,23.306038514315556,1.4736508991377125e-31,7.389056205749512,300000,9999835472.997665,0.0,0.0,499,0
3089,1551986,-25954.0,500,False,10430.773847412109,23.306038514315556,1.4736508991377125e-31,7.389056205749512,300000,9999835472.997665,0.0,0.0,499,0
3090,1551987,-25954.0,500,False,10430.773847412109,23.306038514315556,1.4736508991377125e-31,7.389056205749512,300000,9999835472.997665,0.0,0.0,499,0
3091,1551988,-25954.0,500,False,10430.773847412109,23.306038514315556,1.4736508991377125e-31,7.389056205749512,300000,9999835472.997665,0.0,0.0,499,0
3092,1551989,-25954.0,500,False,10430.773847412109,23.306038514315556,1.4736508991377125e-31,7.389056205749512,300000,9999835472.997665,0.0,0.0,499,0
3093,1551990,-25954.0,500,False,10430.773847412109,23.306038514315556,1.4736508991377125e-31,7.389056205749512,300000,9999835472.997665,0.0,0.0,499,0
3094,1551991,-25954.0,500,False,10430.773847412109,23.306038514315556,1.4736508991377125e-31,7.389056205749512,300000,9999835472.997665,0.0,0.0,499,0
3095,1551992,-25954.0,500,False,10430.773847412109,23.306038514315556,1.4736508991377125e-31,7.389056205749512,300000,9999835472.997665,0.0,0.0,499,0
3096,1551993,-25954.0,500,False,10430.773847412109,23.306038514315556,1.4736508991377125e-31,7.389056205749512,300000,9999835472.997665,0.0,0.0,499,0
3097,1551994,-25954.0,500,False,10430.773847412109,23.306038514315556,1.4736508991377125e-31,7.389056205749512,300000,9999835472.997665,0.0,0.0,499,0
3098,1551995,-25954.0,500,False,10430.773847412109,23.306038514315556,1.4736508991377125e-31,7.389056205749512,300000,9999835472.997665,0.0,0.0,499,0
3099,1551996,-25954.0,500,False,10430.773847412109,23.306038514315556,1.4736508991377125e-31,7.389056205749512,300000,9999835472.997665,0.0,0.0,499,0
3100,1551997,-25954.0,500,False,10430.773847412109,23.306038514315556,1.4736508991377125e-31,7.389056205749512,300000,9999835472.997665,0.0,0.0,499,0
3101,1551998,-25954.0,500,False,10430.773847412109,23.306038514315556,1.4736508991377125e-31,7.389056205749512,300000,9999835472.997665,0.0,0.0,499,0
3102,1551999,-25954.0,500,False,10430.773847412109,23.306038514315556,1.4736508991377125e-31,7.389056205749512,300000,9999835472.997665,0.0,0.0,499,0
3103,1552000,-25954.0,500,False,10430.773847412109,23.306038514315556,1.4736508991377125e-31,7.389056205749512,300000,9999835472.997665,0.0,0.0,499,0
3104,1559985,-25954.0,500,False,10434.71328857422,23.029931411785075,1.4797103491888052e-31,7.389056205749512,300000,9999835472.997665,0.0,0.0,499,0
3105,1559986,-25954.0,500,False,10434.71328857422,23.029931411785075,1.4797103491888052e-31,7.389056205749512,300000,9999835472.997665,0.0,0.0,499,0
3106,1559987,-25954.0,500,False,10434.71328857422,23.029931411785075,1.4797103491888052e-31,7.389056205749512,300000,9999835472.997665,0.0,0.0,499,0
3107,1559988,-25954.0,500,False,10434.71328857422,23.029931411785075,1.4797103491888052e-31,7.389056205749512,300000,9999835472.997665,0.0,0.0,499,0
3108,1559989,-25954.0,500,False,10434.71328857422,23.029931411785075,1.4797103491888052e-31,7.389056205749512,300000,9999835472.997665,0.0,0.0,499,0
3109,1559990,-25954.0,500,False,10434.71328857422,23.029931411785075,1.4797103491888052e-31,7.389056205749512,300000,9999835472.997665,0.0,0.0,499,0
3110,1559991,-25954.0,500,False,10434.71328857422,23.029931411785075,1.4797103491888052e-31,7.389056205749512,300000,9999835472.997665,0.0,0.0,499,0
3111,1559992,-25954.0,500,False,10434.71328857422,23.029931411785075,1.4797103491888052e-31,7.389056205749512,300000,9999835472.997665,0.0,0.0,499,0
3112,1559993,-25954.0,500,False,10434.71328857422,23.029931411785075,1.4797103491888052e-31,7.389056205749512,300000,9999835472.997665,0.0,0.0,499,0
3113,1559994,-25954.0,500,False,10434.71328857422,23.029931411785075,1.4797103491888052e-31,7.389056205749512,300000,9999835472.997665,0.0,0.0,499,0
3114,1559995,-25954.0,500,False,10434.71328857422,23.029931411785075,1.4797103491888052e-31,7.389056205749512,300000,9999835472.997665,0.0,0.0,499,0
3115,1559996,-25954.0,500,False,10434.71328857422,23.029931411785075,1.4797103491888052e-31,7.389056205749512,300000,9999835472.997665,0.0,0.0,499,0
3116,1559997,-25954.0,500,False,10434.71328857422,23.029931411785075,1.4797103491888052e-31,7.389056205749512,300000,9999835472.997665,0.0,0.0,499,0
3117,1559998,-25954.0,500,False,10434.71328857422,23.029931411785075,1.4797103491888052e-31,7.389056205749512,300000,9999835472.997665,0.0,0.0,499,0
3118,1559999,-25954.0,500,False,10434.71328857422,23.029931411785075,1.4797103491888052e-31,7.389056205749512,300000,9999835472.997665,0.0,0.0,499,0
3119,1560000,-25954.0,500,False,10434.71328857422,23.029931411785075,1.4797103491888052e-31,7.389056205749512,300000,9999835472.997665,0.0,0.0,499,0
3120,1567985,-25954.0,500,False,10437.192830566406,22.479214032303542,1.4755552967466786e-31,7.389056205749512,300000,9999835472.997665,0.0,0.0,499,0
3121,1567986,-25954.0,500,False,10437.192830566406,22.479214032303542,1.4755552967466786e-31,7.389056205749512,300000,9999835472.997665,0.0,0.0,499,0
3122,1567987,-25954.0,500,False,10437.192830566406,22.479214032303542,1.4755552967466786e-31,7.389056205749512,300000,9999835472.997665,0.0,0.0,499,0
3123,1567988,-25954.0,500,False,10437.192830566406,22.479214032303542,1.4755552967466786e-31,7.389056205749512,300000,9999835472.997665,0.0,0.0,499,0
3124,1567989,-25954.0,500,False,10437.192830566406,22.479214032303542,1.4755552967466786e-31,7.389056205749512,300000,9999835472.997665,0.0,0.0,499,0
3125,1567990,-25954.0,500,False,10437.192830566406,22.479214032303542,1.4755552967466786e-31,7.389056205749512,300000,9999835472.997665,0.0,0.0,499,0
3126,1567991,-25954.0,500,False,10437.192830566406,22.479214032303542,1.4755552967466786e-31,7.389056205749512,300000,9999835472.997665,0.0,0.0,499,0
3127,1567992,-25954.0,500,False,10437.192830566406,22.479214032303542,1.4755552967466786e-31,7.389056205749512,300000,9999835472.997665,0.0,0.0,499,0
3128,1567993,-25954.0,500,False,10437.192830566406,22.479214032303542,1.4755552967466786e-31,7.389056205749512,300000,9999835472.997665,0.0,0.0,499,0
3129,1567994,-25954.0,500,False,10437.192830566406,22.479214032303542,1.4755552967466786e-31,7.389056205749512,300000,9999835472.997665,0.0,0.0,499,0
3130,1567995,-25954.0,500,False,10437.192830566406,22.479214032303542,1.4755552967466786e-31,7.389056205749512,300000,9999835472.997665,0.0,0.0,499,0
3131,1567996,-25954.0,500,False,10437.192830566406,22.479214032303542,1.4755552967466786e-31,7.389056205749512,300000,9999835472.997665,0.0,0.0,499,0
3132,1567997,-25954.0,500,False,10437.192830566406,22.479214032303542,1.4755552967466786e-31,7.389056205749512,300000,9999835472.997665,0.0,0.0,499,0
3133,1567998,-25954.0,500,False,10437.192830566406,22.479214032303542,1.4755552967466786e-31,7.389056205749512,300000,9999835472.997665,0.0,0.0,499,0
3134,1567999,-25954.0,500,False,10437.192830566406,22.479214032303542,1.4755552967466786e-31,7.389056205749512,300000,9999835472.997665,0.0,0.0,499,0
3135,1568000,-25954.0,500,False,10437.192830566406,22.479214032303542,1.4755552967466786e-31,7.389056205749512,300000,9999835472.997665,0.0,0.0,499,0
3136,1575985,-25954.0,500,False,10438.004384765625,22.541487273938603,1.4753821703859283e-31,7.389056205749512,300000,9999835472.997665,0.0,0.0,499,0
3137,1575986,-25954.0,500,False,10438.004384765625,22.541487273938603,1.4753821703859283e-31,7.389056205749512,300000,9999835472.997665,0.0,0.0,499,0
3138,1575987,-25954.0,500,False,10438.004384765625,22.541487273938603,1.4753821703859283e-31,7.389056205749512,300000,9999835472.997665,0.0,0.0,499,0
3139,1575988,-25954.0,500,False,10438.004384765625,22.541487273938603,1.4753821703859283e-31,7.389056205749512,300000,9999835472.997665,0.0,0.0,499,0
3140,1575989,-25954.0,500,False,10438.004384765625,22.541487273938603,1.4753821703859283e-31,7.389056205749512,300000,9999835472.997665,0.0,0.0,499,0
3141,1575990,-25954.0,500,False,10438.004384765625,22.541487273938603,1.4753821703859283e-31,7.389056205749512,300000,9999835472.997665,0.0,0.0,499,0
3142,1575991,-25954.0,500,False,10438.004384765625,22.541487273938603,1.4753821703859283e-31,7.389056205749512,300000,9999835472.997665,0.0,0.0,499,0
3143,1575992,-25954.0,500,False,10438.004384765625,22.541487273938603,1.4753821703859283e-31,7.389056205749512,300000,9999835472.997665,0.0,0.0,499,0
3144,1575993,-25954.0,500,False,10438.004384765625,22.541487273938603,1.4753821703859283e-31,7.389056205749512,300000,9999835472.997665,0.0,0.0,499,0
3145,1575994,-25954.0,500,False,10438.004384765625,22.541487273938603,1.4753821703859283e-31,7.389056205749512,300000,9999835472.997665,0.0,0.0,499,0
3146,1575995,-25954.0,500,False,10438.004384765625,22.541487273938603,1.4753821703859283e-31,7.389056205749512,300000,9999835472.997665,0.0,0.0,499,0
3147,1575996,-25954.0,500,False,10438.004384765625,22.541487273938603,1.4753821703859283e-31,7.389056205749512,300000,9999835472.997665,0.0,0.0,499,0
3148,1575997,-25954.0,500,False,10438.004384765625,22.541487273938603,1.4753821703859283e-31,7.389056205749512,300000,9999835472.997665,0.0,0.0,499,0
3149,1575998,-25954.0,500,False,10438.004384765625,22.541487273938603,1.4753821703859283e-31,7.389056205749512,300000,9999835472.997665,0.0,0.0,499,0
3150,1575999,-25954.0,500,False,10438.004384765625,22.541487273938603,1.4753821703859283e-31,7.389056205749512,300000,9999835472.997665,0.0,0.0,499,0
3151,1576000,-25954.0,500,False,10438.004384765625,22.541487273938603,1.4753821703859283e-31,7.389056205749512,300000,9999835472.997665,0.0,0.0,499,0
3152,1583985,-25954.0,500,False,10439.011424316406,22.571548563123216,1.4774596966175528e-31,7.389056205749512,300000,9999835472.997665,0.0,0.0,499,0
3153,1583986,-25954.0,500,False,10439.011424316406,22.571548563123216,1.4774596966175528e-31,7.389056205749512,300000,9999835472.997665,0.0,0.0,499,0
3154,1583987,-25954.0,500,False,10439.011424316406,22.571548563123216,1.4774596966175528e-31,7.389056205749512,300000,9999835472.997665,0.0,0.0,499,0
3155,1583988,-25954.0,500,False,10439.011424316406,22.571548563123216,1.4774596966175528e-31,7.389056205749512,300000,9999835472.997665,0.0,0.0,499,0
3156,1583989,-25954.0,500,False,10439.011424316406,22.571548563123216,1.4774596966175528e-31,7.389056205749512,300000,9999835472.997665,0.0,0.0,499,0
3157,1583990,-25954.0,500,False,10439.011424316406,22.571548563123216,1.4774596966175528e-31,7.389056205749512,300000,9999835472.997665,0.0,0.0,499,0
3158,1583991,-25954.0,500,False,10439.011424316406,22.571548563123216,1.4774596966175528e-31,7.389056205749512,300000,9999835472.997665,0.0,0.0,499,0
3159,1583992,-25954.0,500,False,10439.011424316406,22.571548563123216,1.4774596966175528e-31,7.389056205749512,300000,9999835472.997665,0.0,0.0,499,0
3160,1583993,-25954.0,500,False,10439.011424316406,22.571548563123216,1.4774596966175528e-31,7.389056205749512,300000,9999835472.997665,0.0,0.0,499,0
3161,1583994,-25954.0,500,False,10439.011424316406,22.571548563123216,1.4774596966175528e-31,7.389056205749512,300000,9999835472.997665,0.0,0.0,499,0
3162,1583995,-25954.0,500,False,10439.011424316406,22.571548563123216,1.4774596966175528e-31,7.389056205749512,300000,9999835472.997665,0.0,0.0,499,0
3163,1583996,-25954.0,500,False,10439.011424316406,22.571548563123216,1.4774596966175528e-31,7.389056205749512,300000,9999835472.997665,0.0,0.0,499,0
3164,1583997,-25954.0,500,False,10439.011424316406,22.571548563123216,1.4774596966175528e-31,7.389056205749512,300000,9999835472.997665,0.0,0.0,499,0
3165,1583998,-25954.0,500,False,10439.011424316406,22.571548563123216,1.4774596966175528e-31,7.389056205749512,300000,9999835472.997665,0.0,0.0,499,0
3166,1583999,-25954.0,500,False,10439.011424316406,22.571548563123216,1.4774596966175528e-31,7.389056205749512,300000,9999835472.997665,0.0,0.0,499,0
3167,1584000,-25954.0,500,False,10439.011424316406,22.571548563123216,1.4774596966175528e-31,7.389056205749512,300000,9999835472.997665,0.0,0.0,499,0
3168,1591985,-25954.0,500,False,10439.818302978516,22.068295457878673,1.4828266375696733e-31,7.389056205749512,300000,9999835472.997665,0.0,0.0,499,0
3169,1591986,-25954.0,500,False,10439.818302978516,22.068295457878673,1.4828266375696733e-31,7.389056205749512,300000,9999835472.997665,0.0,0.0,499,0
3170,1591987,-25954.0,500,False,10439.818302978516,22.068295457878673,1.4828266375696733e-31,7.389056205749512,300000,9999835472.997665,0.0,0.0,499,0
3171,1591988,-25954.0,500,False,10439.818302978516,22.068295457878673,1.4828266375696733e-31,7.389056205749512,300000,9999835472.997665,0.0,0.0,499,0
3172,1591989,-25954.0,500,False,10439.818302978516,22.068295457878673,1.4828266375696733e-31,7.389056205749512,300000,9999835472.997665,0.0,0.0,499,0
3173,1591990,-25954.0,500,False,10439.818302978516,22.068295457878673,1.4828266375696733e-31,7.389056205749512,300000,9999835472.997665,0.0,0.0,499,0
3174,1591991,-25954.0,500,False,10439.818302978516,22.068295457878673,1.4828266375696733e-31,7.389056205749512,300000,9999835472.997665,0.0,0.0,499,0
3175,1591992,-25954.0,500,False,10439.818302978516,22.068295457878673,1.4828266375696733e-31,7.389056205749512,300000,9999835472.997665,0.0,0.0,499,0
3176,1591993,-25954.0,500,False,10439.818302978516,22.068295457878673,1.4828266375696733e-31,7.389056205749512,300000,9999835472.997665,0.0,0.0,499,0
3177,1591994,-25954.0,500,False,10439.818302978516,22.068295457878673,1.4828266375696733e-31,7.389056205749512,300000,9999835472.997665,0.0,0.0,499,0
3178,1591995,-25954.0,500,False,10439.818302978516,22.068295457878673,1.4828266375696733e-31,7.389056205749512,300000,9999835472.997665,0.0,0.0,499,0
3179,1591996,-25954.0,500,False,10439.818302978516,22.068295457878673,1.4828266375696733e-31,7.389056205749512,300000,9999835472.997665,0.0,0.0,499,0
3180,1591997,-25954.0,500,False,10439.818302978516,22.068295457878673,1.4828266375696733e-31,7.389056205749512,300000,9999835472.997665,0.0,0.0,499,0
3181,1591998,-25954.0,500,False,10439.818302978516,22.068295457878673,1.4828266375696733e-31,7.389056205749512,300000,9999835472.997665,0.0,0.0,499,0
3182,1591999,-25954.0,500,False,10439.818302978516,22.068295457878673,1.4828266375696733e-31,7.389056205749512,300000,9999835472.997665,0.0,0.0,499,0
3183,1592000,-25954.0,500,False,10439.818302978516,22.068295457878673,1.4828266375696733e-31,7.389056205749512,300000,9999835472.997665,0.0,0.0,499,0
3184,1599985,-25954.0,500,False,10442.509254882812,22.55480644324457,1.451317492948785e-31,7.389056205749512,300000,9999835472.997665,0.0,0.0,499,0
3185,1599986,-25954.0,500,False,10442.509254882812,22.55480644324457,1.451317492948785e-31,7.389056205749512,300000,9999835472.997665,0.0,0.0,499,0
3186,1599987,-25954.0,500,False,10442.509254882812,22.55480644324457,1.451317492948785e-31,7.389056205749512,300000,9999835472.997665,0.0,0.0,499,0
3187,1599988,-25954.0,500,False,10442.509254882812,22.55480644324457,1.451317492948785e-31,7.389056205749512,300000,9999835472.997665,0.0,0.0,499,0
3188,1599989,-25954.0,500,False,10442.509254882812,22.55480644324457,1.451317492948785e-31,7.389056205749512,300000,9999835472.997665,0.0,0.0,499,0
3189,1599990,-25954.0,500,False,10442.509254882812,22.55480644324457,1.451317492948785e-31,7.389056205749512,300000,9999835472.997665,0.0,0.0,499,0
3190,1599991,-25954.0,500,False,10442.509254882812,22.55480644324457,1.451317492948785e-31,7.389056205749512,300000,9999835472.997665,0.0,0.0,499,0
3191,1599992,-25954.0,500,False,10442.509254882812,22.55480644324457,1.451317492948785e-31,7.389056205749512,300000,9999835472.997665,0.0,0.0,499,0
3192,1599993,-25954.0,500,False,10442.509254882812,22.55480644324457,1.451317492948785e-31,7.389056205749512,300000,9999835472.997665,0.0,0.0,499,0
3193,1599994,-25954.0,500,False,10442.509254882812,22.55480644324457,1.451317492948785e-31,7.389056205749512,300000,9999835472.997665,0.0,0.0,499,0
3194,1599995,-25954.0,500,False,10442.509254882812,22.55480644324457,1.451317492948785e-31,7.389056205749512,300000,9999835472.997665,0.0,0.0,499,0
3195,1599996,-25954.0,500,False,10442.509254882812,22.55480644324457,1.451317492948785e-31,7.389056205749512,300000,9999835472.997665,0.0,0.0,499,0
3196,1599997,-25954.0,500,False,10442.509254882812,22.55480644324457,1.451317492948785e-31,7.389056205749512,300000,9999835472.997665,0.0,0.0,499,0
3197,1599998,-25954.0,500,False,10442.509254882812,22.55480644324457,1.451317492948785e-31,7.389056205749512,300000,9999835472.997665,0.0,0.0,499,0
3198,1599999,-25954.0,500,False,10442.509254882812,22.55480644324457,1.451317492948785e-31,7.389056205749512,300000,9999835472.997665,0.0,0.0,499,0
3199,1600000,-25954.0,500,False,10442.509254882812,22.55480644324457,1.451317492948785e-31,7.389056205749512,300000,9999835472.997665,0.0,0.0,499,0
3200,1607985,-25954.0,500,False,10446.806740966796,22.827786621573438,1.4404104797513093e-31,7.389056205749512,300000,9999835472.997665,0.0,0.0,499,0
3201,1607986,-25954.0,500,False,10446.806740966796,22.827786621573438,1.4404104797513093e-31,7.389056205749512,300000,9999835472.997665,0.0,0.0,499,0
3202,1607987,-25954.0,500,False,10446.806740966796,22.827786621573438,1.4404104797513093e-31,7.389056205749512,300000,9999835472.997665,0.0,0.0,499,0
3203,1607988,-25954.0,500,False,10446.806740966796,22.827786621573438,1.4404104797513093e-31,7.389056205749512,300000,9999835472.997665,0.0,0.0,499,0
3204,1607989,-25954.0,500,False,10446.806740966796,22.827786621573438,1.4404104797513093e-31,7.389056205749512,300000,9999835472.997665,0.0,0.0,499,0
3205,1607990,-25954.0,500,False,10446.806740966796,22.827786621573438,1.4404104797513093e-31,7.389056205749512,300000,9999835472.997665,0.0,0.0,499,0
3206,1607991,-25954.0,500,False,10446.806740966796,22.827786621573438,1.4404104797513093e-31,7.389056205749512,300000,9999835472.997665,0.0,0.0,499,0
3207,1607992,-25954.0,500,False,10446.806740966796,22.827786621573438,1.4404104797513093e-31,7.389056205749512,300000,9999835472.997665,0.0,0.0,499,0
3208,1607993,-25954.0,500,False,10446.806740966796,22.827786621573438,1.4404104797513093e-31,7.389056205749512,300000,9999835472.997665,0.0,0.0,499,0
3209,1607994,-25954.0,500,False,10446.806740966796,22.827786621573438,1.4404104797513093e-31,7.389056205749512,300000,9999835472.997665,0.0,0.0,499,0
3210,1607995,-25954.0,500,False,10446.806740966796,22.827786621573438,1.4404104797513093e-31,7.389056205749512,300000,9999835472.997665,0.0,0.0,499,0
3211,1607996,-25954.0,500,False,10446.806740966796,22.827786621573438,1.4404104797513093e-31,7.389056205749512,300000,9999835472.997665,0.0,0.0,499,0
3212,1607997,-25954.0,500,False,10446.806740966796,22.827786621573438,1.4404104797513093e-31,7.389056205749512,300000,9999835472.997665,0.0,0.0,499,0
3213,1607998,-25954.0,500,False,10446.806740966796,22.827786621573438,1.4404104797513093e-31,7.389056205749512,300000,9999835472.997665,0.0,0.0,499,0
3214,1607999,-25954.0,500,False,10446.806740966796,22.827786621573438,1.4404104797513093e-31,7.389056205749512,300000,9999835472.997665,0.0,0.0,499,0
3215,1608000,-25954.0,500,False,10446.806740966796,22.827786621573438,1.4404104797513093e-31,7.389056205749512,300000,9999835472.997665,0.0,0.0,499,0
3216,1615985,-25954.0,500,False,10448.91431665039,22.024203510716966,1.4726121349010482e-31,7.389056205749512,300000,9999835472.997665,0.0,0.0,499,0
3217,1615986,-25954.0,500,False,10448.91431665039,22.024203510716966,1.4726121349010482e-31,7.389056205749512,300000,9999835472.997665,0.0,0.0,499,0
3218,1615987,-25954.0,500,False,10448.91431665039,22.024203510716966,1.4726121349010482e-31,7.389056205749512,300000,9999835472.997665,0.0,0.0,499,0
3219,1615988,-25954.0,500,False,10448.91431665039,22.024203510716966,1.4726121349010482e-31,7.389056205749512,300000,9999835472.997665,0.0,0.0,499,0
3220,1615989,-25954.0,500,False,10448.91431665039,22.024203510716966,1.4726121349010482e-31,7.389056205749512,300000,9999835472.997665,0.0,0.0,499,0
3221,1615990,-25954.0,500,False,10448.91431665039,22.024203510716966,1.4726121349010482e-31,7.389056205749512,300000,9999835472.997665,0.0,0.0,499,0
3222,1615991,-25954.0,500,False,10448.91431665039,22.024203510716966,1.4726121349010482e-31,7.389056205749512,300000,9999835472.997665,0.0,0.0,499,0
3223,1615992,-25954.0,500,False,10448.91431665039,22.024203510716966,1.4726121349010482e-31,7.389056205749512,300000,9999835472.997665,0.0,0.0,499,0
3224,1615993,-25954.0,500,False,10448.91431665039,22.024203510716966,1.4726121349010482e-31,7.389056205749512,300000,9999835472.997665,0.0,0.0,499,0
3225,1615994,-25954.0,500,False,10448.91431665039,22.024203510716966,1.4726121349010482e-31,7.389056205749512,300000,9999835472.997665,0.0,0.0,499,0
3226,1615995,-25954.0,500,False,10448.91431665039,22.024203510716966,1.4726121349010482e-31,7.389056205749512,300000,9999835472.997665,0.0,0.0,499,0
3227,1615996,-25954.0,500,False,10448.91431665039,22.024203510716966,1.4726121349010482e-31,7.389056205749512,300000,9999835472.997665,0.0,0.0,499,0
3228,1615997,-25954.0,500,False,10448.91431665039,22.024203510716966,1.4726121349010482e-31,7.389056205749512,300000,9999835472.997665,0.0,0.0,499,0
3229,1615998,-25954.0,500,False,10448.91431665039,22.024203510716966,1.4726121349010482e-31,7.389056205749512,300000,9999835472.997665,0.0,0.0,499,0
3230,1615999,-25954.0,500,False,10448.91431665039,22.024203510716966,1.4726121349010482e-31,7.389056205749512,300000,9999835472.997665,0.0,0.0,499,0
3231,1616000,-25954.0,500,False,10448.91431665039,22.024203510716966,1.4726121349010482e-31,7.389056205749512,300000,9999835472.997665,0.0,0.0,499,0
3232,1623985,-25954.0,500,False,10450.136992919923,22.014420561517706,1.466898938567871e-31,7.389056205749512,300000,9999835472.997665,0.0,0.0,499,0
3233,1623986,-25954.0,500,False,10450.136992919923,22.014420561517706,1.466898938567871e-31,7.389056205749512,300000,9999835472.997665,0.0,0.0,499,0
3234,1623987,-25954.0,500,False,10450.136992919923,22.014420561517706,1.466898938567871e-31,7.389056205749512,300000,9999835472.997665,0.0,0.0,499,0
3235,1623988,-25954.0,500,False,10450.136992919923,22.014420561517706,1.466898938567871e-31,7.389056205749512,300000,9999835472.997665,0.0,0.0,499,0
3236,1623989,-25954.0,500,False,10450.136992919923,22.014420561517706,1.466898938567871e-31,7.389056205749512,300000,9999835472.997665,0.0,0.0,499,0
3237,1623990,-25954.0,500,False,10450.136992919923,22.014420561517706,1.466898938567871e-31,7.389056205749512,300000,9999835472.997665,0.0,0.0,499,0
3238,1623991,-25954.0,500,False,10450.136992919923,22.014420561517706,1.466898938567871e-31,7.389056205749512,300000,9999835472.997665,0.0,0.0,499,0
3239,1623992,-25954.0,500,False,10450.136992919923,22.014420561517706,1.466898938567871e-31,7.389056205749512,300000,9999835472.997665,0.0,0.0,499,0
3240,1623993,-25954.0,500,False,10450.136992919923,22.014420561517706,1.466898938567871e-31,7.389056205749512,300000,9999835472.997665,0.0,0.0,499,0
3241,1623994,-25954.0,500,False,10450.136992919923,22.014420561517706,1.466898938567871e-31,7.389056205749512,300000,9999835472.997665,0.0,0.0,499,0
3242,1623995,-25954.0,500,False,10450.136992919923,22.014420561517706,1.466898938567871e-31,7.389056205749512,300000,9999835472.997665,0.0,0.0,499,0
3243,1623996,-25954.0,500,False,10450.136992919923,22.014420561517706,1.466898938567871e-31,7.389056205749512,300000,9999835472.997665,0.0,0.0,499,0
3244,1623997,-25954.0,500,False,10450.136992919923,22.014420561517706,1.466898938567871e-31,7.389056205749512,300000,9999835472.997665,0.0,0.0,499,0
3245,1623998,-25954.0,500,False,10450.136992919923,22.014420561517706,1.466898938567871e-31,7.389056205749512,300000,9999835472.997665,0.0,0.0,499,0
3246,1623999,-25954.0,500,False,10450.136992919923,22.014420561517706,1.466898938567871e-31,7.389056205749512,300000,9999835472.997665,0.0,0.0,499,0
3247,1624000,-25954.0,500,False,10450.136992919923,22.014420561517706,1.466898938567871e-31,7.389056205749512,300000,9999835472.997665,0.0,0.0,499,0
3248,1631985,-25954.0,500,False,10452.870401611328,21.928819822017513,1.467937701649245e-31,7.389056205749512,300000,9999835472.997665,0.0,0.0,499,0
3249,1631986,-25954.0,500,False,10452.870401611328,21.928819822017513,1.467937701649245e-31,7.389056205749512,300000,9999835472.997665,0.0,0.0,499,0
3250,1631987,-25954.0,500,False,10452.870401611328,21.928819822017513,1.467937701649245e-31,7.389056205749512,300000,9999835472.997665,0.0,0.0,499,0
3251,1631988,-25954.0,500,False,10452.870401611328,21.928819822017513,1.467937701649245e-31,7.389056205749512,300000,9999835472.997665,0.0,0.0,499,0
3252,1631989,-25954.0,500,False,10452.870401611328,21.928819822017513,1.467937701649245e-31,7.389056205749512,300000,9999835472.997665,0.0,0.0,499,0
3253,1631990,-25954.0,500,False,10452.870401611328,21.928819822017513,1.467937701649245e-31,7.389056205749512,300000,9999835472.997665,0.0,0.0,499,0
3254,1631991,-25954.0,500,False,10452.870401611328,21.928819822017513,1.467937701649245e-31,7.389056205749512,300000,9999835472.997665,0.0,0.0,499,0
3255,1631992,-25954.0,500,False,10452.870401611328,21.928819822017513,1.467937701649245e-31,7.389056205749512,300000,9999835472.997665,0.0,0.0,499,0
3256,1631993,-25954.0,500,False,10452.870401611328,21.928819822017513,1.467937701649245e-31,7.389056205749512,300000,9999835472.997665,0.0,0.0,499,0
3257,1631994,-25954.0,500,False,10452.870401611328,21.928819822017513,1.467937701649245e-31,7.389056205749512,300000,9999835472.997665,0.0,0.0,499,0
3258,1631995,-25954.0,500,False,10452.870401611328,21.928819822017513,1.467937701649245e-31,7.389056205749512,300000,9999835472.997665,0.0,0.0,499,0
3259,1631996,-25954.0,500,False,10452.870401611328,21.928819822017513,1.467937701649245e-31,7.389056205749512,300000,9999835472.997665,0.0,0.0,499,0
3260,1631997,-25954.0,500,False,10452.870401611328,21.928819822017513,1.467937701649245e-31,7.389056205749512,300000,9999835472.997665,0.0,0.0,499,0
3261,1631998,-25954.0,500,False,10452.870401611328,21.928819822017513,1.467937701649245e-31,7.389056205749512,300000,9999835472.997665,0.0,0.0,499,0
3262,1631999,-25954.0,500,False,10452.870401611328,21.928819822017513,1.467937701649245e-31,7.389056205749512,300000,9999835472.997665,0.0,0.0,499,0
3263,1632000,-25954.0,500,False,10452.870401611328,21.928819822017513,1.467937701649245e-31,7.389056205749512,300000,9999835472.997665,0.0,0.0,499,0
3264,1639985,-25954.0,500,False,10454.157642333985,22.270267549041833,1.4738240254957078e-31,7.389056205749512,300000,9999835472.997665,0.0,0.0,499,0
3265,1639986,-25954.0,500,False,10454.157642333985,22.270267549041833,1.4738240254957078e-31,7.389056205749512,300000,9999835472.997665,0.0,0.0,499,0
3266,1639987,-25954.0,500,False,10454.157642333985,22.270267549041833,1.4738240254957078e-31,7.389056205749512,300000,9999835472.997665,0.0,0.0,499,0
3267,1639988,-25954.0,500,False,10454.157642333985,22.270267549041833,1.4738240254957078e-31,7.389056205749512,300000,9999835472.997665,0.0,0.0,499,0
3268,1639989,-25954.0,500,False,10454.157642333985,22.270267549041833,1.4738240254957078e-31,7.389056205749512,300000,9999835472.997665,0.0,0.0,499,0
3269,1639990,-25954.0,500,False,10454.157642333985,22.270267549041833,1.4738240254957078e-31,7.389056205749512,300000,9999835472.997665,0.0,0.0,499,0
3270,1639991,-25954.0,500,False,10454.157642333985,22.270267549041833,1.4738240254957078e-31,7.389056205749512,300000,9999835472.997665,0.0,0.0,499,0
3271,1639992,-25954.0,500,False,10454.157642333985,22.270267549041833,1.4738240254957078e-31,7.389056205749512,300000,9999835472.997665,0.0,0.0,499,0
3272,1639993,-25954.0,500,False,10454.157642333985,22.270267549041833,1.4738240254957078e-31,7.389056205749512,300000,9999835472.997665,0.0,0.0,499,0
3273,1639994,-25954.0,500,False,10454.157642333985,22.270267549041833,1.4738240254957078e-31,7.389056205749512,300000,9999835472.997665,0.0,0.0,499,0
3274,1639995,-25954.0,500,False,10454.157642333985,22.270267549041833,1.4738240254957078e-31,7.389056205749512,300000,9999835472.997665,0.0,0.0,499,0
3275,1639996,-25954.0,500,False,10454.157642333985,22.270267549041833,1.4738240254957078e-31,7.389056205749512,300000,9999835472.997665,0.0,0.0,499,0
3276,1639997,-25954.0,500,False,10454.157642333985,22.270267549041833,1.4738240254957078e-31,7.389056205749512,300000,9999835472.997665,0.0,0.0,499,0
3277,1639998,-25954.0,500,False,10454.157642333985,22.270267549041833,1.4738240254957078e-31,7.389056205749512,300000,9999835472.997665,0.0,0.0,499,0
3278,1639999,-25954.0,500,False,10454.157642333985,22.270267549041833,1.4738240254957078e-31,7.389056205749512,300000,9999835472.997665,0.0,0.0,499,0
3279,1640000,-25954.0,500,False,10454.157642333985,22.270267549041833,1.4738240254957078e-31,7.389056205749512,300000,9999835472.997665,0.0,0.0,499,0
3280,1647985,-25954.0,500,False,10455.57148413086,22.33934979738516,1.4691495924817586e-31,7.389056205749512,300000,9999835472.997665,0.0,0.0,499,0
3281,1647986,-25954.0,500,False,10455.57148413086,22.33934979738516,1.4691495924817586e-31,7.389056205749512,300000,9999835472.997665,0.0,0.0,499,0
3282,1647987,-25954.0,500,False,10455.57148413086,22.33934979738516,1.4691495924817586e-31,7.389056205749512,300000,9999835472.997665,0.0,0.0,499,0
3283,1647988,-25954.0,500,False,10455.57148413086,22.33934979738516,1.4691495924817586e-31,7.389056205749512,300000,9999835472.997665,0.0,0.0,499,0
3284,1647989,-25954.0,500,False,10455.57148413086,22.33934979738516,1.4691495924817586e-31,7.389056205749512,300000,9999835472.997665,0.0,0.0,499,0
3285,1647990,-25954.0,500,False,10455.57148413086,22.33934979738516,1.4691495924817586e-31,7.389056205749512,300000,9999835472.997665,0.0,0.0,499,0
3286,1647991,-25954.0,500,False,10455.57148413086,22.33934979738516,1.4691495924817586e-31,7.389056205749512,300000,9999835472.997665,0.0,0.0,499,0
3287,1647992,-25954.0,500,False,10455.57148413086,22.33934979738516,1.4691495924817586e-31,7.389056205749512,300000,9999835472.997665,0.0,0.0,499,0
3288,1647993,-25954.0,500,False,10455.57148413086,22.33934979738516,1.4691495924817586e-31,7.389056205749512,300000,9999835472.997665,0.0,0.0,499,0
3289,1647994,-25954.0,500,False,10455.57148413086,22.33934979738516,1.4691495924817586e-31,7.389056205749512,300000,9999835472.997665,0.0,0.0,499,0
3290,1647995,-25954.0,500,False,10455.57148413086,22.33934979738516,1.4691495924817586e-31,7.389056205749512,300000,9999835472.997665,0.0,0.0,499,0
3291,1647996,-25954.0,500,False,10455.57148413086,22.33934979738516,1.4691495924817586e-31,7.389056205749512,300000,9999835472.997665,0.0,0.0,499,0
3292,1647997,-25954.0,500,False,10455.57148413086,22.33934979738516,1.4691495924817586e-31,7.389056205749512,300000,9999835472.997665,0.0,0.0,499,0
3293,1647998,-25954.0,500,False,10455.57148413086,22.33934979738516,1.4691495924817586e-31,7.389056205749512,300000,9999835472.997665,0.0,0.0,499,0
3294,1647999,-25954.0,500,False,10455.57148413086,22.33934979738516,1.4691495924817586e-31,7.389056205749512,300000,9999835472.997665,0.0,0.0,499,0
3295,1648000,-25954.0,500,False,10455.57148413086,22.33934979738516,1.4691495924817586e-31,7.389056205749512,300000,9999835472.997665,0.0,0.0,499,0
3296,1655985,-25954.0,500,False,10456.119872070312,22.37569545122981,1.4540875273132722e-31,7.389056205749512,300000,9999835472.997665,0.0,0.0,499,0
3297,1655986,-25954.0,500,False,10456.119872070312,22.37569545122981,1.4540875273132722e-31,7.389056205749512,300000,9999835472.997665,0.0,0.0,499,0
3298,1655987,-25954.0,500,False,10456.119872070312,22.37569545122981,1.4540875273132722e-31,7.389056205749512,300000,9999835472.997665,0.0,0.0,499,0
3299,1655988,-25954.0,500,False,10456.119872070312,22.37569545122981,1.4540875273132722e-31,7.389056205749512,300000,9999835472.997665,0.0,0.0,499,0
3300,1655989,-25954.0,500,False,10456.119872070312,22.37569545122981,1.4540875273132722e-31,7.389056205749512,300000,9999835472.997665,0.0,0.0,499,0
3301,1655990,-25954.0,500,False,10456.119872070312,22.37569545122981,1.4540875273132722e-31,7.389056205749512,300000,9999835472.997665,0.0,0.0,499,0
3302,1655991,-25954.0,500,False,10456.119872070312,22.37569545122981,1.4540875273132722e-31,7.389056205749512,300000,9999835472.997665,0.0,0.0,499,0
3303,1655992,-25954.0,500,False,10456.119872070312,22.37569545122981,1.4540875273132722e-31,7.389056205749512,300000,9999835472.997665,0.0,0.0,499,0
3304,1655993,-25954.0,500,False,10456.119872070312,22.37569545122981,1.4540875273132722e-31,7.389056205749512,300000,9999835472.997665,0.0,0.0,499,0
3305,1655994,-25954.0,500,False,10456.119872070312,22.37569545122981,1.4540875273132722e-31,7.389056205749512,300000,9999835472.997665,0.0,0.0,499,0
3306,1655995,-25954.0,500,False,10456.119872070312,22.37569545122981,1.4540875273132722e-31,7.389056205749512,300000,9999835472.997665,0.0,0.0,499,0
3307,1655996,-25954.0,500,False,10456.119872070312,22.37569545122981,1.4540875273132722e-31,7.389056205749512,300000,9999835472.997665,0.0,0.0,499,0
3308,1655997,-25954.0,500,False,10456.119872070312,22.37569545122981,1.4540875273132722e-31,7.389056205749512,300000,9999835472.997665,0.0,0.0,499,0
3309,1655998,-25954.0,500,False,10456.119872070312,22.37569545122981,1.4540875273132722e-31,7.389056205749512,300000,9999835472.997665,0.0,0.0,499,0
3310,1655999,-25954.0,500,False,10456.119872070312,22.37569545122981,1.4540875273132722e-31,7.389056205749512,300000,9999835472.997665,0.0,0.0,499,0
3311,1656000,-25954.0,500,False,10456.119872070312,22.37569545122981,1.4540875273132722e-31,7.389056205749512,300000,9999835472.997665,0.0,0.0,499,0
3312,1663985,-25954.0,500,False,10457.450580078124,22.08831868411199,1.4973693229267352e-31,7.389056205749512,300000,9999835472.997665,0.0,0.0,499,0
3313,1663986,-25954.0,500,False,10457.450580078124,22.08831868411199,1.4973693229267352e-31,7.389056205749512,300000,9999835472.997665,0.0,0.0,499,0
3314,1663987,-25954.0,500,False,10457.450580078124,22.08831868411199,1.4973693229267352e-31,7.389056205749512,300000,9999835472.997665,0.0,0.0,499,0
3315,1663988,-25954.0,500,False,10457.450580078124,22.08831868411199,1.4973693229267352e-31,7.389056205749512,300000,9999835472.997665,0.0,0.0,499,0
3316,1663989,-25954.0,500,False,10457.450580078124,22.08831868411199,1.4973693229267352e-31,7.389056205749512,300000,9999835472.997665,0.0,0.0,499,0
3317,1663990,-25954.0,500,False,10457.450580078124,22.08831868411199,1.4973693229267352e-31,7.389056205749512,300000,9999835472.997665,0.0,0.0,499,0
3318,1663991,-25954.0,500,False,10457.450580078124,22.08831868411199,1.4973693229267352e-31,7.389056205749512,300000,9999835472.997665,0.0,0.0,499,0
3319,1663992,-25954.0,500,False,10457.450580078124,22.08831868411199,1.4973693229267352e-31,7.389056205749512,300000,9999835472.997665,0.0,0.0,499,0
3320,1663993,-25954.0,500,False,10457.450580078124,22.08831868411199,1.4973693229267352e-31,7.389056205749512,300000,9999835472.997665,0.0,0.0,499,0
3321,1663994,-25954.0,500,False,10457.450580078124,22.08831868411199,1.4973693229267352e-31,7.389056205749512,300000,9999835472.997665,0.0,0.0,499,0
3322,1663995,-25954.0,500,False,10457.450580078124,22.08831868411199,1.4973693229267352e-31,7.389056205749512,300000,9999835472.997665,0.0,0.0,499,0
3323,1663996,-25954.0,500,False,10457.450580078124,22.08831868411199,1.4973693229267352e-31,7.389056205749512,300000,9999835472.997665,0.0,0.0,499,0
3324,1663997,-25954.0,500,False,10457.450580078124,22.08831868411199,1.4973693229267352e-31,7.389056205749512,300000,9999835472.997665,0.0,0.0,499,0
3325,1663998,-25954.0,500,False,10457.450580078124,22.08831868411199,1.4973693229267352e-31,7.389056205749512,300000,9999835472.997665,0.0,0.0,499,0
3326,1663999,-25954.0,500,False,10457.450580078124,22.08831868411199,1.4973693229267352e-31,7.389056205749512,300000,9999835472.997665,0.0,0.0,499,0
3327,1664000,-25954.0,500,False,10457.450580078124,22.08831868411199,1.4973693229267352e-31,7.389056205749512,300000,9999835472.997665,0.0,0.0,499,0
3328,1671985,-25954.0,500,False,10457.215314941406,21.7979864608543,1.4677645751893125e-31,7.389056205749512,300000,9999835472.997665,0.0,0.0,499,0
3329,1671986,-25954.0,500,False,10457.215314941406,21.7979864608543,1.4677645751893125e-31,7.389056205749512,300000,9999835472.997665,0.0,0.0,499,0
3330,1671987,-25954.0,500,False,10457.215314941406,21.7979864608543,1.4677645751893125e-31,7.389056205749512,300000,9999835472.997665,0.0,0.0,499,0
3331,1671988,-25954.0,500,False,10457.215314941406,21.7979864608543,1.4677645751893125e-31,7.389056205749512,300000,9999835472.997665,0.0,0.0,499,0
3332,1671989,-25954.0,500,False,10457.215314941406,21.7979864608543,1.4677645751893125e-31,7.389056205749512,300000,9999835472.997665,0.0,0.0,499,0
3333,1671990,-25954.0,500,False,10457.215314941406,21.7979864608543,1.4677645751893125e-31,7.389056205749512,300000,9999835472.997665,0.0,0.0,499,0
3334,1671991,-25954.0,500,False,10457.215314941406,21.7979864608543,1.4677645751893125e-31,7.389056205749512,300000,9999835472.997665,0.0,0.0,499,0
3335,1671992,-25954.0,500,False,10457.215314941406,21.7979864608543,1.4677645751893125e-31,7.389056205749512,300000,9999835472.997665,0.0,0.0,499,0
3336,1671993,-25954.0,500,False,10457.215314941406,21.7979864608543,1.4677645751893125e-31,7.389056205749512,300000,9999835472.997665,0.0,0.0,499,0
3337,1671994,-25954.0,500,False,10457.215314941406,21.7979864608543,1.4677645751893125e-31,7.389056205749512,300000,9999835472.997665,0.0,0.0,499,0
3338,1671995,-25954.0,500,False,10457.215314941406,21.7979864608543,1.4677645751893125e-31,7.389056205749512,300000,9999835472.997665,0.0,0.0,499,0
3339,1671996,-25954.0,500,False,10457.215314941406,21.7979864608543,1.4677645751893125e-31,7.389056205749512,300000,9999835472.997665,0.0,0.0,499,0
3340,1671997,-25954.0,500,False,10457.215314941406,21.7979864608543,1.4677645751893125e-31,7.389056205749512,300000,9999835472.997665,0.0,0.0,499,0
3341,1671998,-25954.0,500,False,10457.215314941406,21.7979864608543,1.4677645751893125e-31,7.389056205749512,300000,9999835472.997665,0.0,0.0,499,0
3342,1671999,-25954.0,500,False,10457.215314941406,21.7979864608543,1.4677645751893125e-31,7.389056205749512,300000,9999835472.997665,0.0,0.0,499,0
3343,1672000,-25954.0,500,False,10457.215314941406,21.7979864608543,1.4677645751893125e-31,7.389056205749512,300000,9999835472.997665,0.0,0.0,499,0
3344,1679985,-25954.0,500,False,10460.643822753906,22.77279057125858,1.4390254636995606e-31,7.389056205749512,300000,9999835472.997665,0.0,0.0,499,0
3345,1679986,-25954.0,500,False,10460.643822753906,22.77279057125858,1.4390254636995606e-31,7.389056205749512,300000,9999835472.997665,0.0,0.0,499,0
3346,1679987,-25954.0,500,False,10460.643822753906,22.77279057125858,1.4390254636995606e-31,7.389056205749512,300000,9999835472.997665,0.0,0.0,499,0
3347,1679988,-25954.0,500,False,10460.643822753906,22.77279057125858,1.4390254636995606e-31,7.389056205749512,300000,9999835472.997665,0.0,0.0,499,0
3348,1679989,-25954.0,500,False,10460.643822753906,22.77279057125858,1.4390254636995606e-31,7.389056205749512,300000,9999835472.997665,0.0,0.0,499,0
3349,1679990,-25954.0,500,False,10460.643822753906,22.77279057125858,1.4390254636995606e-31,7.389056205749512,300000,9999835472.997665,0.0,0.0,499,0
3350,1679991,-25954.0,500,False,10460.643822753906,22.77279057125858,1.4390254636995606e-31,7.389056205749512,300000,9999835472.997665,0.0,0.0,499,0
3351,1679992,-25954.0,500,False,10460.643822753906,22.77279057125858,1.4390254636995606e-31,7.389056205749512,300000,9999835472.997665,0.0,0.0,499,0
3352,1679993,-25954.0,500,False,10460.643822753906,22.77279057125858,1.4390254636995606e-31,7.389056205749512,300000,9999835472.997665,0.0,0.0,499,0
3353,1679994,-25954.0,500,False,10460.643822753906,22.77279057125858,1.4390254636995606e-31,7.389056205749512,300000,9999835472.997665,0.0,0.0,499,0
3354,1679995,-25954.0,500,False,10460.643822753906,22.77279057125858,1.4390254636995606e-31,7.389056205749512,300000,9999835472.997665,0.0,0.0,499,0
3355,1679996,-25954.0,500,False,10460.643822753906,22.77279057125858,1.4390254636995606e-31,7.389056205749512,300000,9999835472.997665,0.0,0.0,499,0
3356,1679997,-25954.0,500,False,10460.643822753906,22.77279057125858,1.4390254636995606e-31,7.389056205749512,300000,9999835472.997665,0.0,0.0,499,0
3357,1679998,-25954.0,500,False,10460.643822753906,22.77279057125858,1.4390254636995606e-31,7.389056205749512,300000,9999835472.997665,0.0,0.0,499,0
3358,1679999,-25954.0,500,False,10460.643822753906,22.77279057125858,1.4390254636995606e-31,7.389056205749512,300000,9999835472.997665,0.0,0.0,499,0
3359,1680000,-25954.0,500,False,10460.643822753906,22.77279057125858,1.4390254636995606e-31,7.389056205749512,300000,9999835472.997665,0.0,0.0,499,0
3360,1687985,-25954.0,500,False,10461.997690429687,22.996628187230556,1.460666360388195e-31,7.389056205749512,300000,9999835472.997665,0.0,0.0,499,0
3361,1687986,-25954.0,500,False,10461.997690429687,22.996628187230556,1.460666360388195e-31,7.389056205749512,300000,9999835472.997665,0.0,0.0,499,0
3362,1687987,-25954.0,500,False,10461.997690429687,22.996628187230556,1.460666360388195e-31,7.389056205749512,300000,9999835472.997665,0.0,0.0,499,0
3363,1687988,-25954.0,500,False,10461.997690429687,22.996628187230556,1.460666360388195e-31,7.389056205749512,300000,9999835472.997665,0.0,0.0,499,0
3364,1687989,-25954.0,500,False,10461.997690429687,22.996628187230556,1.460666360388195e-31,7.389056205749512,300000,9999835472.997665,0.0,0.0,499,0
3365,1687990,-25954.0,500,False,10461.997690429687,22.996628187230556,1.460666360388195e-31,7.389056205749512,300000,9999835472.997665,0.0,0.0,499,0
3366,1687991,-25954.0,500,False,10461.997690429687,22.996628187230556,1.460666360388195e-31,7.389056205749512,300000,9999835472.997665,0.0,0.0,499,0
3367,1687992,-25954.0,500,False,10461.997690429687,22.996628187230556,1.460666360388195e-31,7.389056205749512,300000,9999835472.997665,0.0,0.0,499,0
3368,1687993,-25954.0,500,False,10461.997690429687,22.996628187230556,1.460666360388195e-31,7.389056205749512,300000,9999835472.997665,0.0,0.0,499,0
3369,1687994,-25954.0,500,False,10461.997690429687,22.996628187230556,1.460666360388195e-31,7.389056205749512,300000,9999835472.997665,0.0,0.0,499,0
3370,1687995,-25954.0,500,False,10461.997690429687,22.996628187230556,1.460666360388195e-31,7.389056205749512,300000,9999835472.997665,0.0,0.0,499,0
3371,1687996,-25954.0,500,False,10461.997690429687,22.996628187230556,1.460666360388195e-31,7.389056205749512,300000,9999835472.997665,0.0,0.0,499,0
3372,1687997,-25954.0,500,False,10461.997690429687,22.996628187230556,1.460666360388195e-31,7.389056205749512,300000,9999835472.997665,0.0,0.0,499,0
3373,1687998,-25954.0,500,False,10461.997690429687,22.996628187230556,1.460666360388195e-31,7.389056205749512,300000,9999835472.997665,0.0,0.0,499,0
3374,1687999,-25954.0,500,False,10461.997690429687,22.996628187230556,1.460666360388195e-31,7.389056205749512,300000,9999835472.997665,0.0,0.0,499,0
3375,1688000,-25954.0,500,False,10461.997690429687,22.996628187230556,1.460666360388195e-31,7.389056205749512,300000,9999835472.997665,0.0,0.0,499,0
3376,1695985,-25954.0,500,False,10463.355723876954,22.588795380227733,1.4606663595846344e-31,7.389056205749512,300000,9999835472.997665,0.0,0.0,499,0
3377,1695986,-25954.0,500,False,10463.355723876954,22.588795380227733,1.4606663595846344e-31,7.389056205749512,300000,9999835472.997665,0.0,0.0,499,0
3378,1695987,-25954.0,500,False,10463.355723876954,22.588795380227733,1.4606663595846344e-31,7.389056205749512,300000,9999835472.997665,0.0,0.0,499,0
3379,1695988,-25954.0,500,False,10463.355723876954,22.588795380227733,1.4606663595846344e-31,7.389056205749512,300000,9999835472.997665,0.0,0.0,499,0
3380,1695989,-25954.0,500,False,10463.355723876954,22.588795380227733,1.4606663595846344e-31,7.389056205749512,300000,9999835472.997665,0.0,0.0,499,0
3381,1695990,-25954.0,500,False,10463.355723876954,22.588795380227733,1.4606663595846344e-31,7.389056205749512,300000,9999835472.997665,0.0,0.0,499,0
3382,1695991,-25954.0,500,False,10463.355723876954,22.588795380227733,1.4606663595846344e-31,7.389056205749512,300000,9999835472.997665,0.0,0.0,499,0
3383,1695992,-25954.0,500,False,10463.355723876954,22.588795380227733,1.4606663595846344e-31,7.389056205749512,300000,9999835472.997665,0.0,0.0,499,0
3384,1695993,-25954.0,500,False,10463.355723876954,22.588795380227733,1.4606663595846344e-31,7.389056205749512,300000,9999835472.997665,0.0,0.0,499,0
3385,1695994,-25954.0,500,False,10463.355723876954,22.588795380227733,1.4606663595846344e-31,7.389056205749512,300000,9999835472.997665,0.0,0.0,499,0
3386,1695995,-25954.0,500,False,10463.355723876954,22.588795380227733,1.4606663595846344e-31,7.389056205749512,300000,9999835472.997665,0.0,0.0,499,0
3387,1695996,-25954.0,500,False,10463.355723876954,22.588795380227733,1.4606663595846344e-31,7.389056205749512,300000,9999835472.997665,0.0,0.0,499,0
3388,1695997,-25954.0,500,False,10463.355723876954,22.588795380227733,1.4606663595846344e-31,7.389056205749512,300000,9999835472.997665,0.0,0.0,499,0
3389,1695998,-25954.0,500,False,10463.355723876954,22.588795380227733,1.4606663595846344e-31,7.389056205749512,300000,9999835472.997665,0.0,0.0,499,0
3390,1695999,-25954.0,500,False,10463.355723876954,22.588795380227733,1.4606663595846344e-31,7.389056205749512,300000,9999835472.997665,0.0,0.0,499,0
3391,1696000,-25954.0,500,False,10463.355723876954,22.588795380227733,1.4606663595846344e-31,7.389056205749512,300000,9999835472.997665,0.0,0.0,499,0
3392,1703985,-25954.0,500,False,10465.51832470703,23.041402060425725,1.4634363937672872e-31,7.389056205749512,300000,9999835472.997665,0.0,0.0,499,0
3393,1703986,-25954.0,500,False,10465.51832470703,23.041402060425725,1.4634363937672872e-31,7.389056205749512,300000,9999835472.997665,0.0,0.0,499,0
3394,1703987,-25954.0,500,False,10465.51832470703,23.041402060425725,1.4634363937672872e-31,7.389056205749512,300000,9999835472.997665,0.0,0.0,499,0
3395,1703988,-25954.0,500,False,10465.51832470703,23.041402060425725,1.4634363937672872e-31,7.389056205749512,300000,9999835472.997665,0.0,0.0,499,0
3396,1703989,-25954.0,500,False,10465.51832470703,23.041402060425725,1.4634363937672872e-31,7.389056205749512,300000,9999835472.997665,0.0,0.0,499,0
3397,1703990,-25954.0,500,False,10465.51832470703,23.041402060425725,1.4634363937672872e-31,7.389056205749512,300000,9999835472.997665,0.0,0.0,499,0
3398,1703991,-25954.0,500,False,10465.51832470703,23.041402060425725,1.4634363937672872e-31,7.389056205749512,300000,9999835472.997665,0.0,0.0,499,0
3399,1703992,-25954.0,500,False,10465.51832470703,23.041402060425725,1.4634363937672872e-31,7.389056205749512,300000,9999835472.997665,0.0,0.0,499,0
3400,1703993,-25954.0,500,False,10465.51832470703,23.041402060425725,1.4634363937672872e-31,7.389056205749512,300000,9999835472.997665,0.0,0.0,499,0
3401,1703994,-25954.0,500,False,10465.51832470703,23.041402060425725,1.4634363937672872e-31,7.389056205749512,300000,9999835472.997665,0.0,0.0,499,0
3402,1703995,-25954.0,500,False,10465.51832470703,23.041402060425725,1.4634363937672872e-31,7.389056205749512,300000,9999835472.997665,0.0,0.0,499,0
3403,1703996,-25954.0,500,False,10465.51832470703,23.041402060425725,1.4634363937672872e-31,7.389056205749512,300000,9999835472.997665,0.0,0.0,499,0
3404,1703997,-25954.0,500,False,10465.51832470703,23.041402060425725,1.4634363937672872e-31,7.389056205749512,300000,9999835472.997665,0.0,0.0,499,0
3405,1703998,-25954.0,500,False,10465.51832470703,23.041402060425725,1.4634363937672872e-31,7.389056205749512,300000,9999835472.997665,0.0,0.0,499,0
3406,1703999,-25954.0,500,False,10465.51832470703,23.041402060425725,1.4634363937672872e-31,7.389056205749512,300000,9999835472.997665,0.0,0.0,499,0
3407,1704000,-25954.0,500,False,10465.51832470703,23.041402060425725,1.4634363937672872e-31,7.389056205749512,300000,9999835472.997665,0.0,0.0,499,0
3408,1711985,-25954.0,500,False,10467.957376220704,22.465766254854156,1.4509712375539532e-31,7.389056205749512,300000,9999835472.997665,0.0,0.0,499,0
3409,1711986,-25954.0,500,False,10467.957376220704,22.465766254854156,1.4509712375539532e-31,7.389056205749512,300000,9999835472.997665,0.0,0.0,499,0
3410,1711987,-25954.0,500,False,10467.957376220704,22.465766254854156,1.4509712375539532e-31,7.389056205749512,300000,9999835472.997665,0.0,0.0,499,0
3411,1711988,-25954.0,500,False,10467.957376220704,22.465766254854156,1.4509712375539532e-31,7.389056205749512,300000,9999835472.997665,0.0,0.0,499,0
3412,1711989,-25954.0,500,False,10467.957376220704,22.465766254854156,1.4509712375539532e-31,7.389056205749512,300000,9999835472.997665,0.0,0.0,499,0
3413,1711990,-25954.0,500,False,10467.957376220704,22.465766254854156,1.4509712375539532e-31,7.389056205749512,300000,9999835472.997665,0.0,0.0,499,0
3414,1711991,-25954.0,500,False,10467.957376220704,22.465766254854156,1.4509712375539532e-31,7.389056205749512,300000,9999835472.997665,0.0,0.0,499,0
3415,1711992,-25954.0,500,False,10467.957376220704,22.465766254854156,1.4509712375539532e-31,7.389056205749512,300000,9999835472.997665,0.0,0.0,499,0
3416,1711993,-25954.0,500,False,10467.957376220704,22.465766254854156,1.4509712375539532e-31,7.389056205749512,300000,9999835472.997665,0.0,0.0,499,0
3417,1711994,-25954.0,500,False,10467.957376220704,22.465766254854156,1.4509712375539532e-31,7.389056205749512,300000,9999835472.997665,0.0,0.0,499,0
3418,1711995,-25954.0,500,False,10467.957376220704,22.465766254854156,1.4509712375539532e-31,7.389056205749512,300000,9999835472.997665,0.0,0.0,499,0
3419,1711996,-25954.0,500,False,10467.957376220704,22.465766254854156,1.4509712375539532e-31,7.389056205749512,300000,9999835472.997665,0.0,0.0,499,0
3420,1711997,-25954.0,500,False,10467.957376220704,22.465766254854156,1.4509712375539532e-31,7.389056205749512,300000,9999835472.997665,0.0,0.0,499,0
3421,1711998,-25954.0,500,False,10467.957376220704,22.465766254854156,1.4509712375539532e-31,7.389056205749512,300000,9999835472.997665,0.0,0.0,499,0
3422,1711999,-25954.0,500,False,10467.957376220704,22.465766254854156,1.4509712375539532e-31,7.389056205749512,300000,9999835472.997665,0.0,0.0,499,0
3423,1712000,-25954.0,500,False,10467.957376220704,22.465766254854156,1.4509712375539532e-31,7.389056205749512,300000,9999835472.997665,0.0,0.0,499,0
3424,1719985,-25954.0,500,False,10469.71648828125,23.5440014050093,1.4712271182046144e-31,7.389056205749512,300000,9999835472.997665,0.0,0.0,499,0
3425,1719986,-25954.0,500,False,10469.71648828125,23.5440014050093,1.4712271182046144e-31,7.389056205749512,300000,9999835472.997665,0.0,0.0,499,0
3426,1719987,-25954.0,500,False,10469.71648828125,23.5440014050093,1.4712271182046144e-31,7.389056205749512,300000,9999835472.997665,0.0,0.0,499,0
3427,1719988,-25954.0,500,False,10469.71648828125,23.5440014050093,1.4712271182046144e-31,7.389056205749512,300000,9999835472.997665,0.0,0.0,499,0
3428,1719989,-25954.0,500,False,10469.71648828125,23.5440014050093,1.4712271182046144e-31,7.389056205749512,300000,9999835472.997665,0.0,0.0,499,0
3429,1719990,-25954.0,500,False,10469.71648828125,23.5440014050093,1.4712271182046144e-31,7.389056205749512,300000,9999835472.997665,0.0,0.0,499,0
3430,1719991,-25954.0,500,False,10469.71648828125,23.5440014050093,1.4712271182046144e-31,7.389056205749512,300000,9999835472.997665,0.0,0.0,499,0
3431,1719992,-25954.0,500,False,10469.71648828125,23.5440014050093,1.4712271182046144e-31,7.389056205749512,300000,9999835472.997665,0.0,0.0,499,0
3432,1719993,-25954.0,500,False,10469.71648828125,23.5440014050093,1.4712271182046144e-31,7.389056205749512,300000,9999835472.997665,0.0,0.0,499,0
3433,1719994,-25954.0,500,False,10469.71648828125,23.5440014050093,1.4712271182046144e-31,7.389056205749512,300000,9999835472.997665,0.0,0.0,499,0
3434,1719995,-25954.0,500,False,10469.71648828125,23.5440014050093,1.4712271182046144e-31,7.389056205749512,300000,9999835472.997665,0.0,0.0,499,0
3435,1719996,-25954.0,500,False,10469.71648828125,23.5440014050093,1.4712271182046144e-31,7.389056205749512,300000,9999835472.997665,0.0,0.0,499,0
3436,1719997,-25954.0,500,False,10469.71648828125,23.5440014050093,1.4712271182046144e-31,7.389056205749512,300000,9999835472.997665,0.0,0.0,499,0
3437,1719998,-25954.0,500,False,10469.71648828125,23.5440014050093,1.4712271182046144e-31,7.389056205749512,300000,9999835472.997665,0.0,0.0,499,0
3438,1719999,-25954.0,500,False,10469.71648828125,23.5440014050093,1.4712271182046144e-31,7.389056205749512,300000,9999835472.997665,0.0,0.0,499,0
3439,1720000,-25954.0,500,False,10469.71648828125,23.5440014050093,1.4712271182046144e-31,7.389056205749512,300000,9999835472.997665,0.0,0.0,499,0
3440,1727985,-25954.0,500,False,10471.422407470704,22.972568049043474,1.4717464992907156e-31,7.389056205749512,300000,9999835472.997665,0.0,0.0,499,0
3441,1727986,-25954.0,500,False,10471.422407470704,22.972568049043474,1.4717464992907156e-31,7.389056205749512,300000,9999835472.997665,0.0,0.0,499,0
3442,1727987,-25954.0,500,False,10471.422407470704,22.972568049043474,1.4717464992907156e-31,7.389056205749512,300000,9999835472.997665,0.0,0.0,499,0
3443,1727988,-25954.0,500,False,10471.422407470704,22.972568049043474,1.4717464992907156e-31,7.389056205749512,300000,9999835472.997665,0.0,0.0,499,0
3444,1727989,-25954.0,500,False,10471.422407470704,22.972568049043474,1.4717464992907156e-31,7.389056205749512,300000,9999835472.997665,0.0,0.0,499,0
3445,1727990,-25954.0,500,False,10471.422407470704,22.972568049043474,1.4717464992907156e-31,7.389056205749512,300000,9999835472.997665,0.0,0.0,499,0
3446,1727991,-25954.0,500,False,10471.422407470704,22.972568049043474,1.4717464992907156e-31,7.389056205749512,300000,9999835472.997665,0.0,0.0,499,0
3447,1727992,-25954.0,500,False,10471.422407470704,22.972568049043474,1.4717464992907156e-31,7.389056205749512,300000,9999835472.997665,0.0,0.0,499,0
3448,1727993,-25954.0,500,False,10471.422407470704,22.972568049043474,1.4717464992907156e-31,7.389056205749512,300000,9999835472.997665,0.0,0.0,499,0
3449,1727994,-25954.0,500,False,10471.422407470704,22.972568049043474,1.4717464992907156e-31,7.389056205749512,300000,9999835472.997665,0.0,0.0,499,0
3450,1727995,-25954.0,500,False,10471.422407470704,22.972568049043474,1.4717464992907156e-31,7.389056205749512,300000,9999835472.997665,0.0,0.0,499,0
3451,1727996,-25954.0,500,False,10471.422407470704,22.972568049043474,1.4717464992907156e-31,7.389056205749512,300000,9999835472.997665,0.0,0.0,499,0
3452,1727997,-25954.0,500,False,10471.422407470704,22.972568049043474,1.4717464992907156e-31,7.389056205749512,300000,9999835472.997665,0.0,0.0,499,0
3453,1727998,-25954.0,500,False,10471.422407470704,22.972568049043474,1.4717464992907156e-31,7.389056205749512,300000,9999835472.997665,0.0,0.0,499,0
3454,1727999,-25954.0,500,False,10471.422407470704,22.972568049043474,1.4717464992907156e-31,7.389056205749512,300000,9999835472.997665,0.0,0.0,499,0
3455,1728000,-25954.0,500,False,10471.422407470704,22.972568049043474,1.4717464992907156e-31,7.389056205749512,300000,9999835472.997665,0.0,0.0,499,0
3456,1735985,-25954.0,500,False,10473.564091796876,22.678867865238864,1.4549531625525893e-31,7.389056205749512,300000,9999835472.997665,0.0,0.0,499,0
3457,1735986,-25954.0,500,False,10473.564091796876,22.678867865238864,1.4549531625525893e-31,7.389056205749512,300000,9999835472.997665,0.0,0.0,499,0
3458,1735987,-25954.0,500,False,10473.564091796876,22.678867865238864,1.4549531625525893e-31,7.389056205749512,300000,9999835472.997665,0.0,0.0,499,0
3459,1735988,-25954.0,500,False,10473.564091796876,22.678867865238864,1.4549531625525893e-31,7.389056205749512,300000,9999835472.997665,0.0,0.0,499,0
3460,1735989,-25954.0,500,False,10473.564091796876,22.678867865238864,1.4549531625525893e-31,7.389056205749512,300000,9999835472.997665,0.0,0.0,499,0
3461,1735990,-25954.0,500,False,10473.564091796876,22.678867865238864,1.4549531625525893e-31,7.389056205749512,300000,9999835472.997665,0.0,0.0,499,0
3462,1735991,-25954.0,500,False,10473.564091796876,22.678867865238864,1.4549531625525893e-31,7.389056205749512,300000,9999835472.997665,0.0,0.0,499,0
3463,1735992,-25954.0,500,False,10473.564091796876,22.678867865238864,1.4549531625525893e-31,7.389056205749512,300000,9999835472.997665,0.0,0.0,499,0
3464,1735993,-25954.0,500,False,10473.564091796876,22.678867865238864,1.4549531625525893e-31,7.389056205749512,300000,9999835472.997665,0.0,0.0,499,0
3465,1735994,-25954.0,500,False,10473.564091796876,22.678867865238864,1.4549531625525893e-31,7.389056205749512,300000,9999835472.997665,0.0,0.0,499,0
3466,1735995,-25954.0,500,False,10473.564091796876,22.678867865238864,1.4549531625525893e-31,7.389056205749512,300000,9999835472.997665,0.0,0.0,499,0
3467,1735996,-25954.0,500,False,10473.564091796876,22.678867865238864,1.4549531625525893e-31,7.389056205749512,300000,9999835472.997665,0.0,0.0,499,0
3468,1735997,-25954.0,500,False,10473.564091796876,22.678867865238864,1.4549531625525893e-31,7.389056205749512,300000,9999835472.997665,0.0,0.0,499,0
3469,1735998,-25954.0,500,False,10473.564091796876,22.678867865238864,1.4549531625525893e-31,7.389056205749512,300000,9999835472.997665,0.0,0.0,499,0
3470,1735999,-25954.0,500,False,10473.564091796876,22.678867865238864,1.4549531625525893e-31,7.389056205749512,300000,9999835472.997665,0.0,0.0,499,0
3471,1736000,-25954.0,500,False,10473.564091796876,22.678867865238864,1.4549531625525893e-31,7.389056205749512,300000,9999835472.997665,0.0,0.0,499,0
3472,1743985,-25954.0,500,False,10474.933056396485,22.59647958495241,1.4604932328400117e-31,7.389056205749512,300000,9999835472.997665,0.0,0.0,499,0
3473,1743986,-25954.0,500,False,10474.933056396485,22.59647958495241,1.4604932328400117e-31,7.389056205749512,300000,9999835472.997665,0.0,0.0,499,0
3474,1743987,-25954.0,500,False,10474.933056396485,22.59647958495241,1.4604932328400117e-31,7.389056205749512,300000,9999835472.997665,0.0,0.0,499,0
3475,1743988,-25954.0,500,False,10474.933056396485,22.59647958495241,1.4604932328400117e-31,7.389056205749512,300000,9999835472.997665,0.0,0.0,499,0
3476,1743989,-25954.0,500,False,10474.933056396485,22.59647958495241,1.4604932328400117e-31,7.389056205749512,300000,9999835472.997665,0.0,0.0,499,0
3477,1743990,-25954.0,500,False,10474.933056396485,22.59647958495241,1.4604932328400117e-31,7.389056205749512,300000,9999835472.997665,0.0,0.0,499,0
3478,1743991,-25954.0,500,False,10474.933056396485,22.59647958495241,1.4604932328400117e-31,7.389056205749512,300000,9999835472.997665,0.0,0.0,499,0
3479,1743992,-25954.0,500,False,10474.933056396485,22.59647958495241,1.4604932328400117e-31,7.389056205749512,300000,9999835472.997665,0.0,0.0,499,0
3480,1743993,-25954.0,500,False,10474.933056396485,22.59647958495241,1.4604932328400117e-31,7.389056205749512,300000,9999835472.997665,0.0,0.0,499,0
3481,1743994,-25954.0,500,False,10474.933056396485,22.59647958495241,1.4604932328400117e-31,7.389056205749512,300000,9999835472.997665,0.0,0.0,499,0
3482,1743995,-25954.0,500,False,10474.933056396485,22.59647958495241,1.4604932328400117e-31,7.389056205749512,300000,9999835472.997665,0.0,0.0,499,0
3483,1743996,-25954.0,500,False,10474.933056396485,22.59647958495241,1.4604932328400117e-31,7.389056205749512,300000,9999835472.997665,0.0,0.0,499,0
3484,1743997,-25954.0,500,False,10474.933056396485,22.59647958495241,1.4604932328400117e-31,7.389056205749512,300000,9999835472.997665,0.0,0.0,499,0
3485,1743998,-25954.0,500,False,10474.933056396485,22.59647958495241,1.4604932328400117e-31,7.389056205749512,300000,9999835472.997665,0.0,0.0,499,0
3486,1743999,-25954.0,500,False,10474.933056396485,22.59647958495241,1.4604932328400117e-31,7.389056205749512,300000,9999835472.997665,0.0,0.0,499,0
3487,1744000,-25954.0,500,False,10474.933056396485,22.59647958495241,1.4604932328400117e-31,7.389056205749512,300000,9999835472.997665,0.0,0.0,499,0
3488,1751985,-25954.0,500,False,10476.901270507813,22.21482342891366,1.481441620752935e-31,7.389056205749512,300000,9999835472.997665,0.0,0.0,499,0
3489,1751986,-25954.0,500,False,10476.901270507813,22.21482342891366,1.481441620752935e-31,7.389056205749512,300000,9999835472.997665,0.0,0.0,499,0
3490,1751987,-25954.0,500,False,10476.901270507813,22.21482342891366,1.481441620752935e-31,7.389056205749512,300000,9999835472.997665,0.0,0.0,499,0
3491,1751988,-25954.0,500,False,10476.901270507813,22.21482342891366,1.481441620752935e-31,7.389056205749512,300000,9999835472.997665,0.0,0.0,499,0
3492,1751989,-25954.0,500,False,10476.901270507813,22.21482342891366,1.481441620752935e-31,7.389056205749512,300000,9999835472.997665,0.0,0.0,499,0
3493,1751990,-25954.0,500,False,10476.901270507813,22.21482342891366,1.481441620752935e-31,7.389056205749512,300000,9999835472.997665,0.0,0.0,499,0
3494,1751991,-25954.0,500,False,10476.901270507813,22.21482342891366,1.481441620752935e-31,7.389056205749512,300000,9999835472.997665,0.0,0.0,499,0
3495,1751992,-25954.0,500,False,10476.901270507813,22.21482342891366,1.481441620752935e-31,7.389056205749512,300000,9999835472.997665,0.0,0.0,499,0
3496,1751993,-25954.0,500,False,10476.901270507813,22.21482342891366,1.481441620752935e-31,7.389056205749512,300000,9999835472.997665,0.0,0.0,499,0
3497,1751994,-25954.0,500,False,10476.901270507813,22.21482342891366,1.481441620752935e-31,7.389056205749512,300000,9999835472.997665,0.0,0.0,499,0
3498,1751995,-25954.0,500,False,10476.901270507813,22.21482342891366,1.481441620752935e-31,7.389056205749512,300000,9999835472.997665,0.0,0.0,499,0
3499,1751996,-25954.0,500,False,10476.901270507813,22.21482342891366,1.481441620752935e-31,7.389056205749512,300000,9999835472.997665,0.0,0.0,499,0
3500,1751997,-25954.0,500,False,10476.901270507813,22.21482342891366,1.481441620752935e-31,7.389056205749512,300000,9999835472.997665,0.0,0.0,499,0
3501,1751998,-25954.0,500,False,10476.901270507813,22.21482342891366,1.481441620752935e-31,7.389056205749512,300000,9999835472.997665,0.0,0.0,499,0
3502,1751999,-25954.0,500,False,10476.901270507813,22.21482342891366,1.481441620752935e-31,7.389056205749512,300000,9999835472.997665,0.0,0.0,499,0
3503,1752000,-25954.0,500,False,10476.901270507813,22.21482342891366,1.481441620752935e-31,7.389056205749512,300000,9999835472.997665,0.0,0.0,499,0
3504,1759985,-25954.0,500,False,10479.201212158203,22.70456639633799,1.4630901409851753e-31,7.389056205749512,300000,9999835472.997665,0.0,0.0,499,0
3505,1759986,-25954.0,500,False,10479.201212158203,22.70456639633799,1.4630901409851753e-31,7.389056205749512,300000,9999835472.997665,0.0,0.0,499,0
3506,1759987,-25954.0,500,False,10479.201212158203,22.70456639633799,1.4630901409851753e-31,7.389056205749512,300000,9999835472.997665,0.0,0.0,499,0
3507,1759988,-25954.0,500,False,10479.201212158203,22.70456639633799,1.4630901409851753e-31,7.389056205749512,300000,9999835472.997665,0.0,0.0,499,0
3508,1759989,-25954.0,500,False,10479.201212158203,22.70456639633799,1.4630901409851753e-31,7.389056205749512,300000,9999835472.997665,0.0,0.0,499,0
3509,1759990,-25954.0,500,False,10479.201212158203,22.70456639633799,1.4630901409851753e-31,7.389056205749512,300000,9999835472.997665,0.0,0.0,499,0
3510,1759991,-25954.0,500,False,10479.201212158203,22.70456639633799,1.4630901409851753e-31,7.389056205749512,300000,9999835472.997665,0.0,0.0,499,0
3511,1759992,-25954.0,500,False,10479.201212158203,22.70456639633799,1.4630901409851753e-31,7.389056205749512,300000,9999835472.997665,0.0,0.0,499,0
3512,1759993,-25954.0,500,False,10479.201212158203,22.70456639633799,1.4630901409851753e-31,7.389056205749512,300000,9999835472.997665,0.0,0.0,499,0
3513,1759994,-25954.0,500,False,10479.201212158203,22.70456639633799,1.4630901409851753e-31,7.389056205749512,300000,9999835472.997665,0.0,0.0,499,0
3514,1759995,-25954.0,500,False,10479.201212158203,22.70456639633799,1.4630901409851753e-31,7.389056205749512,300000,9999835472.997665,0.0,0.0,499,0
3515,1759996,-25954.0,500,False,10479.201212158203,22.70456639633799,1.4630901409851753e-31,7.389056205749512,300000,9999835472.997665,0.0,0.0,499,0
3516,1759997,-25954.0,500,False,10479.201212158203,22.70456639633799,1.4630901409851753e-31,7.389056205749512,300000,9999835472.997665,0.0,0.0,499,0
3517,1759998,-25954.0,500,False,10479.201212158203,22.70456639633799,1.4630901409851753e-31,7.389056205749512,300000,9999835472.997665,0.0,0.0,499,0
3518,1759999,-25954.0,500,False,10479.201212158203,22.70456639633799,1.4630901409851753e-31,7.389056205749512,300000,9999835472.997665,0.0,0.0,499,0
3519,1760000,-25954.0,500,False,10479.201212158203,22.70456639633799,1.4630901409851753e-31,7.389056205749512,300000,9999835472.997665,0.0,0.0,499,0
3520,1767985,-25954.0,500,False,10481.148020019531,22.213124745740497,1.4606663600070778e-31,7.389056205749512,300000,9999835472.997665,0.0,0.0,499,0
3521,1767986,-25954.0,500,False,10481.148020019531,22.213124745740497,1.4606663600070778e-31,7.389056205749512,300000,9999835472.997665,0.0,0.0,499,0
3522,1767987,-25954.0,500,False,10481.148020019531,22.213124745740497,1.4606663600070778e-31,7.389056205749512,300000,9999835472.997665,0.0,0.0,499,0
3523,1767988,-25954.0,500,False,10481.148020019531,22.213124745740497,1.4606663600070778e-31,7.389056205749512,300000,9999835472.997665,0.0,0.0,499,0
3524,1767989,-25954.0,500,False,10481.148020019531,22.213124745740497,1.4606663600070778e-31,7.389056205749512,300000,9999835472.997665,0.0,0.0,499,0
3525,1767990,-25954.0,500,False,10481.148020019531,22.213124745740497,1.4606663600070778e-31,7.389056205749512,300000,9999835472.997665,0.0,0.0,499,0
3526,1767991,-25954.0,500,False,10481.148020019531,22.213124745740497,1.4606663600070778e-31,7.389056205749512,300000,9999835472.997665,0.0,0.0,499,0
3527,1767992,-25954.0,500,False,10481.148020019531,22.213124745740497,1.4606663600070778e-31,7.389056205749512,300000,9999835472.997665,0.0,0.0,499,0
3528,1767993,-25954.0,500,False,10481.148020019531,22.213124745740497,1.4606663600070778e-31,7.389056205749512,300000,9999835472.997665,0.0,0.0,499,0
3529,1767994,-25954.0,500,False,10481.148020019531,22.213124745740497,1.4606663600070778e-31,7.389056205749512,300000,9999835472.997665,0.0,0.0,499,0
3530,1767995,-25954.0,500,False,10481.148020019531,22.213124745740497,1.4606663600070778e-31,7.389056205749512,300000,9999835472.997665,0.0,0.0,499,0
3531,1767996,-25954.0,500,False,10481.148020019531,22.213124745740497,1.4606663600070778e-31,7.389056205749512,300000,9999835472.997665,0.0,0.0,499,0
3532,1767997,-25954.0,500,False,10481.148020019531,22.213124745740497,1.4606663600070778e-31,7.389056205749512,300000,9999835472.997665,0.0,0.0,499,0
3533,1767998,-25954.0,500,False,10481.148020019531,22.213124745740497,1.4606663600070778e-31,7.389056205749512,300000,9999835472.997665,0.0,0.0,499,0
3534,1767999,-25954.0,500,False,10481.148020019531,22.213124745740497,1.4606663600070778e-31,7.389056205749512,300000,9999835472.997665,0.0,0.0,499,0
3535,1768000,-25954.0,500,False,10481.148020019531,22.213124745740497,1.4606663600070778e-31,7.389056205749512,300000,9999835472.997665,0.0,0.0,499,0
3536,1775985,-25954.0,500,False,10482.72313671875,22.42126774783386,1.4656870479722932e-31,7.389056205749512,300000,9999835472.997665,0.0,0.0,499,0
3537,1775986,-25954.0,500,False,10482.72313671875,22.42126774783386,1.4656870479722932e-31,7.389056205749512,300000,9999835472.997665,0.0,0.0,499,0
3538,1775987,-25954.0,500,False,10482.72313671875,22.42126774783386,1.4656870479722932e-31,7.389056205749512,300000,9999835472.997665,0.0,0.0,499,0
3539,1775988,-25954.0,500,False,10482.72313671875,22.42126774783386,1.4656870479722932e-31,7.389056205749512,300000,9999835472.997665,0.0,0.0,499,0
3540,1775989,-25954.0,500,False,10482.72313671875,22.42126774783386,1.4656870479722932e-31,7.389056205749512,300000,9999835472.997665,0.0,0.0,499,0
3541,1775990,-25954.0,500,False,10482.72313671875,22.42126774783386,1.4656870479722932e-31,7.389056205749512,300000,9999835472.997665,0.0,0.0,499,0
3542,1775991,-25954.0,500,False,10482.72313671875,22.42126774783386,1.4656870479722932e-31,7.389056205749512,300000,9999835472.997665,0.0,0.0,499,0
3543,1775992,-25954.0,500,False,10482.72313671875,22.42126774783386,1.4656870479722932e-31,7.389056205749512,300000,9999835472.997665,0.0,0.0,499,0
3544,1775993,-25954.0,500,False,10482.72313671875,22.42126774783386,1.4656870479722932e-31,7.389056205749512,300000,9999835472.997665,0.0,0.0,499,0
3545,1775994,-25954.0,500,False,10482.72313671875,22.42126774783386,1.4656870479722932e-31,7.389056205749512,300000,9999835472.997665,0.0,0.0,499,0
3546,1775995,-25954.0,500,False,10482.72313671875,22.42126774783386,1.4656870479722932e-31,7.389056205749512,300000,9999835472.997665,0.0,0.0,499,0
3547,1775996,-25954.0,500,False,10482.72313671875,22.42126774783386,1.4656870479722932e-31,7.389056205749512,300000,9999835472.997665,0.0,0.0,499,0
3548,1775997,-25954.0,500,False,10482.72313671875,22.42126774783386,1.4656870479722932e-31,7.389056205749512,300000,9999835472.997665,0.0,0.0,499,0
3549,1775998,-25954.0,500,False,10482.72313671875,22.42126774783386,1.4656870479722932e-31,7.389056205749512,300000,9999835472.997665,0.0,0.0,499,0
3550,1775999,-25954.0,500,False,10482.72313671875,22.42126774783386,1.4656870479722932e-31,7.389056205749512,300000,9999835472.997665,0.0,0.0,499,0
3551,1776000,-25954.0,500,False,10482.72313671875,22.42126774783386,1.4656870479722932e-31,7.389056205749512,300000,9999835472.997665,0.0,0.0,499,0
3552,1783985,-25954.0,500,False,10484.731328125,22.590738006206813,1.4578963248785192e-31,7.389056205749512,300000,9999835472.997665,0.0,0.0,499,0
3553,1783986,-25954.0,500,False,10484.731328125,22.590738006206813,1.4578963248785192e-31,7.389056205749512,300000,9999835472.997665,0.0,0.0,499,0
3554,1783987,-25954.0,500,False,10484.731328125,22.590738006206813,1.4578963248785192e-31,7.389056205749512,300000,9999835472.997665,0.0,0.0,499,0
3555,1783988,-25954.0,500,False,10484.731328125,22.590738006206813,1.4578963248785192e-31,7.389056205749512,300000,9999835472.997665,0.0,0.0,499,0
3556,1783989,-25954.0,500,False,10484.731328125,22.590738006206813,1.4578963248785192e-31,7.389056205749512,300000,9999835472.997665,0.0,0.0,499,0
3557,1783990,-25954.0,500,False,10484.731328125,22.590738006206813,1.4578963248785192e-31,7.389056205749512,300000,9999835472.997665,0.0,0.0,499,0
3558,1783991,-25954.0,500,False,10484.731328125,22.590738006206813,1.4578963248785192e-31,7.389056205749512,300000,9999835472.997665,0.0,0.0,499,0
3559,1783992,-25954.0,500,False,10484.731328125,22.590738006206813,1.4578963248785192e-31,7.389056205749512,300000,9999835472.997665,0.0,0.0,499,0
3560,1783993,-25954.0,500,False,10484.731328125,22.590738006206813,1.4578963248785192e-31,7.389056205749512,300000,9999835472.997665,0.0,0.0,499,0
3561,1783994,-25954.0,500,False,10484.731328125,22.590738006206813,1.4578963248785192e-31,7.389056205749512,300000,9999835472.997665,0.0,0.0,499,0
3562,1783995,-25954.0,500,False,10484.731328125,22.590738006206813,1.4578963248785192e-31,7.389056205749512,300000,9999835472.997665,0.0,0.0,499,0
3563,1783996,-25954.0,500,False,10484.731328125,22.590738006206813,1.4578963248785192e-31,7.389056205749512,300000,9999835472.997665,0.0,0.0,499,0
3564,1783997,-25954.0,500,False,10484.731328125,22.590738006206813,1.4578963248785192e-31,7.389056205749512,300000,9999835472.997665,0.0,0.0,499,0
3565,1783998,-25954.0,500,False,10484.731328125,22.590738006206813,1.4578963248785192e-31,7.389056205749512,300000,9999835472.997665,0.0,0.0,499,0
3566,1783999,-25954.0,500,False,10484.731328125,22.590738006206813,1.4578963248785192e-31,7.389056205749512,300000,9999835472.997665,0.0,0.0,499,0
3567,1784000,-25954.0,500,False,10484.731328125,22.590738006206813,1.4578963248785192e-31,7.389056205749512,300000,9999835472.997665,0.0,0.0,499,0
3568,1791985,-25954.0,500,False,10486.434291503907,22.622481995574315,1.4610126143356994e-31,7.389056205749512,300000,9999835472.997665,0.0,0.0,499,0
3569,1791986,-25954.0,500,False,10486.434291503907,22.622481995574315,1.4610126143356994e-31,7.389056205749512,300000,9999835472.997665,0.0,0.0,499,0
3570,1791987,-25954.0,500,False,10486.434291503907,22.622481995574315,1.4610126143356994e-31,7.389056205749512,300000,9999835472.997665,0.0,0.0,499,0
3571,1791988,-25954.0,500,False,10486.434291503907,22.622481995574315,1.4610126143356994e-31,7.389056205749512,300000,9999835472.997665,0.0,0.0,499,0
3572,1791989,-25954.0,500,False,10486.434291503907,22.622481995574315,1.4610126143356994e-31,7.389056205749512,300000,9999835472.997665,0.0,0.0,499,0
3573,1791990,-25954.0,500,False,10486.434291503907,22.622481995574315,1.4610126143356994e-31,7.389056205749512,300000,9999835472.997665,0.0,0.0,499,0
3574,1791991,-25954.0,500,False,10486.434291503907,22.622481995574315,1.4610126143356994e-31,7.389056205749512,300000,9999835472.997665,0.0,0.0,499,0
3575,1791992,-25954.0,500,False,10486.434291503907,22.622481995574315,1.4610126143356994e-31,7.389056205749512,300000,9999835472.997665,0.0,0.0,499,0
3576,1791993,-25954.0,500,False,10486.434291503907,22.622481995574315,1.4610126143356994e-31,7.389056205749512,300000,9999835472.997665,0.0,0.0,499,0
3577,1791994,-25954.0,500,False,10486.434291503907,22.622481995574315,1.4610126143356994e-31,7.389056205749512,300000,9999835472.997665,0.0,0.0,499,0
3578,1791995,-25954.0,500,False,10486.434291503907,22.622481995574315,1.4610126143356994e-31,7.389056205749512,300000,9999835472.997665,0.0,0.0,499,0
3579,1791996,-25954.0,500,False,10486.434291503907,22.622481995574315,1.4610126143356994e-31,7.389056205749512,300000,9999835472.997665,0.0,0.0,499,0
3580,1791997,-25954.0,500,False,10486.434291503907,22.622481995574315,1.4610126143356994e-31,7.389056205749512,300000,9999835472.997665,0.0,0.0,499,0
3581,1791998,-25954.0,500,False,10486.434291503907,22.622481995574315,1.4610126143356994e-31,7.389056205749512,300000,9999835472.997665,0.0,0.0,499,0
3582,1791999,-25954.0,500,False,10486.434291503907,22.622481995574315,1.4610126143356994e-31,7.389056205749512,300000,9999835472.997665,0.0,0.0,499,0
3583,1792000,-25954.0,500,False,10486.434291503907,22.622481995574315,1.4610126143356994e-31,7.389056205749512,300000,9999835472.997665,0.0,0.0,499,0
3584,1799985,-25954.0,500,False,10488.314854003906,22.88820745989925,1.4743434074028184e-31,7.389056205749512,300000,9999835472.997665,0.0,0.0,499,0
3585,1799986,-25954.0,500,False,10488.314854003906,22.88820745989925,1.4743434074028184e-31,7.389056205749512,300000,9999835472.997665,0.0,0.0,499,0
3586,1799987,-25954.0,500,False,10488.314854003906,22.88820745989925,1.4743434074028184e-31,7.389056205749512,300000,9999835472.997665,0.0,0.0,499,0
3587,1799988,-25954.0,500,False,10488.314854003906,22.88820745989925,1.4743434074028184e-31,7.389056205749512,300000,9999835472.997665,0.0,0.0,499,0
3588,1799989,-25954.0,500,False,10488.314854003906,22.88820745989925,1.4743434074028184e-31,7.389056205749512,300000,9999835472.997665,0.0,0.0,499,0
3589,1799990,-25954.0,500,False,10488.314854003906,22.88820745989925,1.4743434074028184e-31,7.389056205749512,300000,9999835472.997665,0.0,0.0,499,0
3590,1799991,-25954.0,500,False,10488.314854003906,22.88820745989925,1.4743434074028184e-31,7.389056205749512,300000,9999835472.997665,0.0,0.0,499,0
3591,1799992,-25954.0,500,False,10488.314854003906,22.88820745989925,1.4743434074028184e-31,7.389056205749512,300000,9999835472.997665,0.0,0.0,499,0
3592,1799993,-25954.0,500,False,10488.314854003906,22.88820745989925,1.4743434074028184e-31,7.389056205749512,300000,9999835472.997665,0.0,0.0,499,0
3593,1799994,-25954.0,500,False,10488.314854003906,22.88820745989925,1.4743434074028184e-31,7.389056205749512,300000,9999835472.997665,0.0,0.0,499,0
3594,1799995,-25954.0,500,False,10488.314854003906,22.88820745989925,1.4743434074028184e-31,7.389056205749512,300000,9999835472.997665,0.0,0.0,499,0
3595,1799996,-25954.0,500,False,10488.314854003906,22.88820745989925,1.4743434074028184e-31,7.389056205749512,300000,9999835472.997665,0.0,0.0,499,0
3596,1799997,-25954.0,500,False,10488.314854003906,22.88820745989925,1.4743434074028184e-31,7.389056205749512,300000,9999835472.997665,0.0,0.0,499,0
3597,1799998,-25954.0,500,False,10488.314854003906,22.88820745989925,1.4743434074028184e-31,7.389056205749512,300000,9999835472.997665,0.0,0.0,499,0
3598,1799999,-25954.0,500,False,10488.314854003906,22.88820745989925,1.4743434074028184e-31,7.389056205749512,300000,9999835472.997665,0.0,0.0,499,0
3599,1800000,-25954.0,500,False,10488.314854003906,22.88820745989925,1.4743434074028184e-31,7.389056205749512,300000,9999835472.997665,0.0,0.0,499,0
3600,1807985,-25954.0,500,False,10490.437886474609,22.86234873976349,1.4637826488067155e-31,7.389056205749512,300000,9999835472.997665,0.0,0.0,499,0
3601,1807986,-25954.0,500,False,10490.437886474609,22.86234873976349,1.4637826488067155e-31,7.389056205749512,300000,9999835472.997665,0.0,0.0,499,0
3602,1807987,-25954.0,500,False,10490.437886474609,22.86234873976349,1.4637826488067155e-31,7.389056205749512,300000,9999835472.997665,0.0,0.0,499,0
3603,1807988,-25954.0,500,False,10490.437886474609,22.86234873976349,1.4637826488067155e-31,7.389056205749512,300000,9999835472.997665,0.0,0.0,499,0
3604,1807989,-25954.0,500,False,10490.437886474609,22.86234873976349,1.4637826488067155e-31,7.389056205749512,300000,9999835472.997665,0.0,0.0,499,0
3605,1807990,-25954.0,500,False,10490.437886474609,22.86234873976349,1.4637826488067155e-31,7.389056205749512,300000,9999835472.997665,0.0,0.0,499,0
3606,1807991,-25954.0,500,False,10490.437886474609,22.86234873976349,1.4637826488067155e-31,7.389056205749512,300000,9999835472.997665,0.0,0.0,499,0
3607,1807992,-25954.0,500,False,10490.437886474609,22.86234873976349,1.4637826488067155e-31,7.389056205749512,300000,9999835472.997665,0.0,0.0,499,0
3608,1807993,-25954.0,500,False,10490.437886474609,22.86234873976349,1.4637826488067155e-31,7.389056205749512,300000,9999835472.997665,0.0,0.0,499,0
3609,1807994,-25954.0,500,False,10490.437886474609,22.86234873976349,1.4637826488067155e-31,7.389056205749512,300000,9999835472.997665,0.0,0.0,499,0
3610,1807995,-25954.0,500,False,10490.437886474609,22.86234873976349,1.4637826488067155e-31,7.389056205749512,300000,9999835472.997665,0.0,0.0,499,0
3611,1807996,-25954.0,500,False,10490.437886474609,22.86234873976349,1.4637826488067155e-31,7.389056205749512,300000,9999835472.997665,0.0,0.0,499,0
3612,1807997,-25954.0,500,False,10490.437886474609,22.86234873976349,1.4637826488067155e-31,7.389056205749512,300000,9999835472.997665,0.0,0.0,499,0
3613,1807998,-25954.0,500,False,10490.437886474609,22.86234873976349,1.4637826488067155e-31,7.389056205749512,300000,9999835472.997665,0.0,0.0,499,0
3614,1807999,-25954.0,500,False,10490.437886474609,22.86234873976349,1.4637826488067155e-31,7.389056205749512,300000,9999835472.997665,0.0,0.0,499,0
3615,1808000,-25954.0,500,False,10490.437886474609,22.86234873976349,1.4637826488067155e-31,7.389056205749512,300000,9999835472.997665,0.0,0.0,499,0
3616,1815985,-25954.0,500,False,10491.907961669922,22.305768153404816,1.4246559082646294e-31,7.389056205749512,300000,9999835472.997665,0.0,0.0,499,0
3617,1815986,-25954.0,500,False,10491.907961669922,22.305768153404816,1.4246559082646294e-31,7.389056205749512,300000,9999835472.997665,0.0,0.0,499,0
3618,1815987,-25954.0,500,False,10491.907961669922,22.305768153404816,1.4246559082646294e-31,7.389056205749512,300000,9999835472.997665,0.0,0.0,499,0
3619,1815988,-25954.0,500,False,10491.907961669922,22.305768153404816,1.4246559082646294e-31,7.389056205749512,300000,9999835472.997665,0.0,0.0,499,0
3620,1815989,-25954.0,500,False,10491.907961669922,22.305768153404816,1.4246559082646294e-31,7.389056205749512,300000,9999835472.997665,0.0,0.0,499,0
3621,1815990,-25954.0,500,False,10491.907961669922,22.305768153404816,1.4246559082646294e-31,7.389056205749512,300000,9999835472.997665,0.0,0.0,499,0
3622,1815991,-25954.0,500,False,10491.907961669922,22.305768153404816,1.4246559082646294e-31,7.389056205749512,300000,9999835472.997665,0.0,0.0,499,0
3623,1815992,-25954.0,500,False,10491.907961669922,22.305768153404816,1.4246559082646294e-31,7.389056205749512,300000,9999835472.997665,0.0,0.0,499,0
3624,1815993,-25954.0,500,False,10491.907961669922,22.305768153404816,1.4246559082646294e-31,7.389056205749512,300000,9999835472.997665,0.0,0.0,499,0
3625,1815994,-25954.0,500,False,10491.907961669922,22.305768153404816,1.4246559082646294e-31,7.389056205749512,300000,9999835472.997665,0.0,0.0,499,0
3626,1815995,-25954.0,500,False,10491.907961669922,22.305768153404816,1.4246559082646294e-31,7.389056205749512,300000,9999835472.997665,0.0,0.0,499,0
3627,1815996,-25954.0,500,False,10491.907961669922,22.305768153404816,1.4246559082646294e-31,7.389056205749512,300000,9999835472.997665,0.0,0.0,499,0
3628,1815997,-25954.0,500,False,10491.907961669922,22.305768153404816,1.4246559082646294e-31,7.389056205749512,300000,9999835472.997665,0.0,0.0,499,0
3629,1815998,-25954.0,500,False,10491.907961669922,22.305768153404816,1.4246559082646294e-31,7.389056205749512,300000,9999835472.997665,0.0,0.0,499,0
3630,1815999,-25954.0,500,False,10491.907961669922,22.305768153404816,1.4246559082646294e-31,7.389056205749512,300000,9999835472.997665,0.0,0.0,499,0
3631,1816000,-25954.0,500,False,10491.907961669922,22.305768153404816,1.4246559082646294e-31,7.389056205749512,300000,9999835472.997665,0.0,0.0,499,0
3632,1823985,-25954.0,500,False,10494.143369384765,22.68438539293088,1.4630901389620393e-31,7.389056205749512,300000,9999835472.997665,0.0,0.0,499,0
3633,1823986,-25954.0,500,False,10494.143369384765,22.68438539293088,1.4630901389620393e-31,7.389056205749512,300000,9999835472.997665,0.0,0.0,499,0
3634,1823987,-25954.0,500,False,10494.143369384765,22.68438539293088,1.4630901389620393e-31,7.389056205749512,300000,9999835472.997665,0.0,0.0,499,0
3635,1823988,-25954.0,500,False,10494.143369384765,22.68438539293088,1.4630901389620393e-31,7.389056205749512,300000,9999835472.997665,0.0,0.0,499,0
3636,1823989,-25954.0,500,False,10494.143369384765,22.68438539293088,1.4630901389620393e-31,7.389056205749512,300000,9999835472.997665,0.0,0.0,499,0
3637,1823990,-25954.0,500,False,10494.143369384765,22.68438539293088,1.4630901389620393e-31,7.389056205749512,300000,9999835472.997665,0.0,0.0,499,0
3638,1823991,-25954.0,500,False,10494.143369384765,22.68438539293088,1.4630901389620393e-31,7.389056205749512,300000,9999835472.997665,0.0,0.0,499,0
3639,1823992,-25954.0,500,False,10494.143369384765,22.68438539293088,1.4630901389620393e-31,7.389056205749512,300000,9999835472.997665,0.0,0.0,499,0
3640,1823993,-25954.0,500,False,10494.143369384765,22.68438539293088,1.4630901389620393e-31,7.389056205749512,300000,9999835472.997665,0.0,0.0,499,0
3641,1823994,-25954.0,500,False,10494.143369384765,22.68438539293088,1.4630901389620393e-31,7.389056205749512,300000,9999835472.997665,0.0,0.0,499,0
3642,1823995,-25954.0,500,False,10494.143369384765,22.68438539293088,1.4630901389620393e-31,7.389056205749512,300000,9999835472.997665,0.0,0.0,499,0
3643,1823996,-25954.0,500,False,10494.143369384765,22.68438539293088,1.4630901389620393e-31,7.389056205749512,300000,9999835472.997665,0.0,0.0,499,0
3644,1823997,-25954.0,500,False,10494.143369384765,22.68438539293088,1.4630901389620393e-31,7.389056205749512,300000,9999835472.997665,0.0,0.0,499,0
3645,1823998,-25954.0,500,False,10494.143369384765,22.68438539293088,1.4630901389620393e-31,7.389056205749512,300000,9999835472.997665,0.0,0.0,499,0
3646,1823999,-25954.0,500,False,10494.143369384765,22.68438539293088,1.4630901389620393e-31,7.389056205749512,300000,9999835472.997665,0.0,0.0,499,0
3647,1824000,-25954.0,500,False,10494.143369384765,22.68438539293088,1.4630901389620393e-31,7.389056205749512,300000,9999835472.997665,0.0,0.0,499,0
3648,1831985,-25954.0,500,False,10495.79251977539,22.40125687833171,1.4601469795013768e-31,7.389056205749512,300000,9999835472.997665,0.0,0.0,499,0
3649,1831986,-25954.0,500,False,10495.79251977539,22.40125687833171,1.4601469795013768e-31,7.389056205749512,300000,9999835472.997665,0.0,0.0,499,0
3650,1831987,-25954.0,500,False,10495.79251977539,22.40125687833171,1.4601469795013768e-31,7.389056205749512,300000,9999835472.997665,0.0,0.0,499,0
3651,1831988,-25954.0,500,False,10495.79251977539,22.40125687833171,1.4601469795013768e-31,7.389056205749512,300000,9999835472.997665,0.0,0.0,499,0
3652,1831989,-25954.0,500,False,10495.79251977539,22.40125687833171,1.4601469795013768e-31,7.389056205749512,300000,9999835472.997665,0.0,0.0,499,0
3653,1831990,-25954.0,500,False,10495.79251977539,22.40125687833171,1.4601469795013768e-31,7.389056205749512,300000,9999835472.997665,0.0,0.0,499,0
3654,1831991,-25954.0,500,False,10495.79251977539,22.40125687833171,1.4601469795013768e-31,7.389056205749512,300000,9999835472.997665,0.0,0.0,499,0
3655,1831992,-25954.0,500,False,10495.79251977539,22.40125687833171,1.4601469795013768e-31,7.389056205749512,300000,9999835472.997665,0.0,0.0,499,0
3656,1831993,-25954.0,500,False,10495.79251977539,22.40125687833171,1.4601469795013768e-31,7.389056205749512,300000,9999835472.997665,0.0,0.0,499,0
3657,1831994,-25954.0,500,False,10495.79251977539,22.40125687833171,1.4601469795013768e-31,7.389056205749512,300000,9999835472.997665,0.0,0.0,499,0
3658,1831995,-25954.0,500,False,10495.79251977539,22.40125687833171,1.4601469795013768e-31,7.389056205749512,300000,9999835472.997665,0.0,0.0,499,0
3659,1831996,-25954.0,500,False,10495.79251977539,22.40125687833171,1.4601469795013768e-31,7.389056205749512,300000,9999835472.997665,0.0,0.0,499,0
3660,1831997,-25954.0,500,False,10495.79251977539,22.40125687833171,1.4601469795013768e-31,7.389056205749512,300000,9999835472.997665,0.0,0.0,499,0
3661,1831998,-25954.0,500,False,10495.79251977539,22.40125687833171,1.4601469795013768e-31,7.389056205749512,300000,9999835472.997665,0.0,0.0,499,0
3662,1831999,-25954.0,500,False,10495.79251977539,22.40125687833171,1.4601469795013768e-31,7.389056205749512,300000,9999835472.997665,0.0,0.0,499,0
3663,1832000,-25954.0,500,False,10495.79251977539,22.40125687833171,1.4601469795013768e-31,7.389056205749512,300000,9999835472.997665,0.0,0.0,499,0
3664,1839985,-25954.0,500,False,10498.120149169921,22.915843368757283,1.4693227180710907e-31,7.389056205749512,300000,9999835472.997665,0.0,0.0,499,0
3665,1839986,-25954.0,500,False,10498.120149169921,22.915843368757283,1.4693227180710907e-31,7.389056205749512,300000,9999835472.997665,0.0,0.0,499,0
3666,1839987,-25954.0,500,False,10498.120149169921,22.915843368757283,1.4693227180710907e-31,7.389056205749512,300000,9999835472.997665,0.0,0.0,499,0
3667,1839988,-25954.0,500,False,10498.120149169921,22.915843368757283,1.4693227180710907e-31,7.389056205749512,300000,9999835472.997665,0.0,0.0,499,0
3668,1839989,-25954.0,500,False,10498.120149169921,22.915843368757283,1.4693227180710907e-31,7.389056205749512,300000,9999835472.997665,0.0,0.0,499,0
3669,1839990,-25954.0,500,False,10498.120149169921,22.915843368757283,1.4693227180710907e-31,7.389056205749512,300000,9999835472.997665,0.0,0.0,499,0
3670,1839991,-25954.0,500,False,10498.120149169921,22.915843368757283,1.4693227180710907e-31,7.389056205749512,300000,9999835472.997665,0.0,0.0,499,0
3671,1839992,-25954.0,500,False,10498.120149169921,22.915843368757283,1.4693227180710907e-31,7.389056205749512,300000,9999835472.997665,0.0,0.0,499,0
3672,1839993,-25954.0,500,False,10498.120149169921,22.915843368757283,1.4693227180710907e-31,7.389056205749512,300000,9999835472.997665,0.0,0.0,499,0
3673,1839994,-25954.0,500,False,10498.120149169921,22.915843368757283,1.4693227180710907e-31,7.389056205749512,300000,9999835472.997665,0.0,0.0,499,0
3674,1839995,-25954.0,500,False,10498.120149169921,22.915843368757283,1.4693227180710907e-31,7.389056205749512,300000,9999835472.997665,0.0,0.0,499,0
3675,1839996,-25954.0,500,False,10498.120149169921,22.915843368757283,1.4693227180710907e-31,7.389056205749512,300000,9999835472.997665,0.0,0.0,499,0
3676,1839997,-25954.0,500,False,10498.120149169921,22.915843368757283,1.4693227180710907e-31,7.389056205749512,300000,9999835472.997665,0.0,0.0,499,0
3677,1839998,-25954.0,500,False,10498.120149169921,22.915843368757283,1.4693227180710907e-31,7.389056205749512,300000,9999835472.997665,0.0,0.0,499,0
3678,1839999,-25954.0,500,False,10498.120149169921,22.915843368757283,1.4693227180710907e-31,7.389056205749512,300000,9999835472.997665,0.0,0.0,499,0
3679,1840000,-25954.0,500,False,10498.120149169921,22.915843368757283,1.4693227180710907e-31,7.389056205749512,300000,9999835472.997665,0.0,0.0,499,0
3680,1847985,-25954.0,500,False,10499.08140966797,22.35008265961567,1.4608394868113934e-31,7.389056205749512,300000,9999835472.997665,0.0,0.0,499,0
3681,1847986,-25954.0,500,False,10499.08140966797,22.35008265961567,1.4608394868113934e-31,7.389056205749512,300000,9999835472.997665,0.0,0.0,499,0
3682,1847987,-25954.0,500,False,10499.08140966797,22.35008265961567,1.4608394868113934e-31,7.389056205749512,300000,9999835472.997665,0.0,0.0,499,0
3683,1847988,-25954.0,500,False,10499.08140966797,22.35008265961567,1.4608394868113934e-31,7.389056205749512,300000,9999835472.997665,0.0,0.0,499,0
3684,1847989,-25954.0,500,False,10499.08140966797,22.35008265961567,1.4608394868113934e-31,7.389056205749512,300000,9999835472.997665,0.0,0.0,499,0
3685,1847990,-25954.0,500,False,10499.08140966797,22.35008265961567,1.4608394868113934e-31,7.389056205749512,300000,9999835472.997665,0.0,0.0,499,0
3686,1847991,-25954.0,500,False,10499.08140966797,22.35008265961567,1.4608394868113934e-31,7.389056205749512,300000,9999835472.997665,0.0,0.0,499,0
3687,1847992,-25954.0,500,False,10499.08140966797,22.35008265961567,1.4608394868113934e-31,7.389056205749512,300000,9999835472.997665,0.0,0.0,499,0
3688,1847993,-25954.0,500,False,10499.08140966797,22.35008265961567,1.4608394868113934e-31,7.389056205749512,300000,9999835472.997665,0.0,0.0,499,0
3689,1847994,-25954.0,500,False,10499.08140966797,22.35008265961567,1.4608394868113934e-31,7.389056205749512,300000,9999835472.997665,0.0,0.0,499,0
3690,1847995,-25954.0,500,False,10499.08140966797,22.35008265961567,1.4608394868113934e-31,7.389056205749512,300000,9999835472.997665,0.0,0.0,499,0
3691,1847996,-25954.0,500,False,10499.08140966797,22.35008265961567,1.4608394868113934e-31,7.389056205749512,300000,9999835472.997665,0.0,0.0,499,0
3692,1847997,-25954.0,500,False,10499.08140966797,22.35008265961567,1.4608394868113934e-31,7.389056205749512,300000,9999835472.997665,0.0,0.0,499,0
3693,1847998,-25954.0,500,False,10499.08140966797,22.35008265961567,1.4608394868113934e-31,7.389056205749512,300000,9999835472.997665,0.0,0.0,499,0
3694,1847999,-25954.0,500,False,10499.08140966797,22.35008265961567,1.4608394868113934e-31,7.389056205749512,300000,9999835472.997665,0.0,0.0,499,0
3695,1848000,-25954.0,500,False,10499.08140966797,22.35008265961567,1.4608394868113934e-31,7.389056205749512,300000,9999835472.997665,0.0,0.0,499,0
3696,1855985,-25954.0,500,False,10500.138155273438,22.110244355716627,1.4739971533680703e-31,7.389056205749512,300000,9999835472.997665,0.0,0.0,499,0
3697,1855986,-25954.0,500,False,10500.138155273438,22.110244355716627,1.4739971533680703e-31,7.389056205749512,300000,9999835472.997665,0.0,0.0,499,0
3698,1855987,-25954.0,500,False,10500.138155273438,22.110244355716627,1.4739971533680703e-31,7.389056205749512,300000,9999835472.997665,0.0,0.0,499,0
3699,1855988,-25954.0,500,False,10500.138155273438,22.110244355716627,1.4739971533680703e-31,7.389056205749512,300000,9999835472.997665,0.0,0.0,499,0
3700,1855989,-25954.0,500,False,10500.138155273438,22.110244355716627,1.4739971533680703e-31,7.389056205749512,300000,9999835472.997665,0.0,0.0,499,0
3701,1855990,-25954.0,500,False,10500.138155273438,22.110244355716627,1.4739971533680703e-31,7.389056205749512,300000,9999835472.997665,0.0,0.0,499,0
3702,1855991,-25954.0,500,False,10500.138155273438,22.110244355716627,1.4739971533680703e-31,7.389056205749512,300000,9999835472.997665,0.0,0.0,499,0
3703,1855992,-25954.0,500,False,10500.138155273438,22.110244355716627,1.4739971533680703e-31,7.389056205749512,300000,9999835472.997665,0.0,0.0,499,0
3704,1855993,-25954.0,500,False,10500.138155273438,22.110244355716627,1.4739971533680703e-31,7.389056205749512,300000,9999835472.997665,0.0,0.0,499,0
3705,1855994,-25954.0,500,False,10500.138155273438,22.110244355716627,1.4739971533680703e-31,7.389056205749512,300000,9999835472.997665,0.0,0.0,499,0
3706,1855995,-25954.0,500,False,10500.138155273438,22.110244355716627,1.4739971533680703e-31,7.389056205749512,300000,9999835472.997665,0.0,0.0,499,0
3707,1855996,-25954.0,500,False,10500.138155273438,22.110244355716627,1.4739971533680703e-31,7.389056205749512,300000,9999835472.997665,0.0,0.0,499,0
3708,1855997,-25954.0,500,False,10500.138155273438,22.110244355716627,1.4739971533680703e-31,7.389056205749512,300000,9999835472.997665,0.0,0.0,499,0
3709,1855998,-25954.0,500,False,10500.138155273438,22.110244355716627,1.4739971533680703e-31,7.389056205749512,300000,9999835472.997665,0.0,0.0,499,0
3710,1855999,-25954.0,500,False,10500.138155273438,22.110244355716627,1.4739971533680703e-31,7.389056205749512,300000,9999835472.997665,0.0,0.0,499,0
3711,1856000,-25954.0,500,False,10500.138155273438,22.110244355716627,1.4739971533680703e-31,7.389056205749512,300000,9999835472.997665,0.0,0.0,499,0
3712,1863985,-25954.0,500,False,10502.379434814453,22.44135320819018,1.475209042910295e-31,7.389056205749512,300000,9999835472.997665,0.0,0.0,499,0
3713,1863986,-25954.0,500,False,10502.379434814453,22.44135320819018,1.475209042910295e-31,7.389056205749512,300000,9999835472.997665,0.0,0.0,499,0
3714,1863987,-25954.0,500,False,10502.379434814453,22.44135320819018,1.475209042910295e-31,7.389056205749512,300000,9999835472.997665,0.0,0.0,499,0
3715,1863988,-25954.0,500,False,10502.379434814453,22.44135320819018,1.475209042910295e-31,7.389056205749512,300000,9999835472.997665,0.0,0.0,499,0
3716,1863989,-25954.0,500,False,10502.379434814453,22.44135320819018,1.475209042910295e-31,7.389056205749512,300000,9999835472.997665,0.0,0.0,499,0
3717,1863990,-25954.0,500,False,10502.379434814453,22.44135320819018,1.475209042910295e-31,7.389056205749512,300000,9999835472.997665,0.0,0.0,499,0
3718,1863991,-25954.0,500,False,10502.379434814453,22.44135320819018,1.475209042910295e-31,7.389056205749512,300000,9999835472.997665,0.0,0.0,499,0
3719,1863992,-25954.0,500,False,10502.379434814453,22.44135320819018,1.475209042910295e-31,7.389056205749512,300000,9999835472.997665,0.0,0.0,499,0
3720,1863993,-25954.0,500,False,10502.379434814453,22.44135320819018,1.475209042910295e-31,7.389056205749512,300000,9999835472.997665,0.0,0.0,499,0
3721,1863994,-25954.0,500,False,10502.379434814453,22.44135320819018,1.475209042910295e-31,7.389056205749512,300000,9999835472.997665,0.0,0.0,499,0
3722,1863995,-25954.0,500,False,10502.379434814453,22.44135320819018,1.475209042910295e-31,7.389056205749512,300000,9999835472.997665,0.0,0.0,499,0
3723,1863996,-25954.0,500,False,10502.379434814453,22.44135320819018,1.475209042910295e-31,7.389056205749512,300000,9999835472.997665,0.0,0.0,499,0
3724,1863997,-25954.0,500,False,10502.379434814453,22.44135320819018,1.475209042910295e-31,7.389056205749512,300000,9999835472.997665,0.0,0.0,499,0
3725,1863998,-25954.0,500,False,10502.379434814453,22.44135320819018,1.475209042910295e-31,7.389056205749512,300000,9999835472.997665,0.0,0.0,499,0
3726,1863999,-25954.0,500,False,10502.379434814453,22.44135320819018,1.475209042910295e-31,7.389056205749512,300000,9999835472.997665,0.0,0.0,499,0
3727,1864000,-25954.0,500,False,10502.379434814453,22.44135320819018,1.475209042910295e-31,7.389056205749512,300000,9999835472.997665,0.0,0.0,499,0
3728,1871985,-25954.0,500,False,10503.763689697265,22.659067548540655,1.4731315179404903e-31,7.389056205749512,300000,9999835472.997665,0.0,0.0,499,0
3729,1871986,-25954.0,500,False,10503.763689697265,22.659067548540655,1.4731315179404903e-31,7.389056205749512,300000,9999835472.997665,0.0,0.0,499,0
3730,1871987,-25954.0,500,False,10503.763689697265,22.659067548540655,1.4731315179404903e-31,7.389056205749512,300000,9999835472.997665,0.0,0.0,499,0
3731,1871988,-25954.0,500,False,10503.763689697265,22.659067548540655,1.4731315179404903e-31,7.389056205749512,300000,9999835472.997665,0.0,0.0,499,0
3732,1871989,-25954.0,500,False,10503.763689697265,22.659067548540655,1.4731315179404903e-31,7.389056205749512,300000,9999835472.997665,0.0,0.0,499,0
3733,1871990,-25954.0,500,False,10503.763689697265,22.659067548540655,1.4731315179404903e-31,7.389056205749512,300000,9999835472.997665,0.0,0.0,499,0
3734,1871991,-25954.0,500,False,10503.763689697265,22.659067548540655,1.4731315179404903e-31,7.389056205749512,300000,9999835472.997665,0.0,0.0,499,0
3735,1871992,-25954.0,500,False,10503.763689697265,22.659067548540655,1.4731315179404903e-31,7.389056205749512,300000,9999835472.997665,0.0,0.0,499,0
3736,1871993,-25954.0,500,False,10503.763689697265,22.659067548540655,1.4731315179404903e-31,7.389056205749512,300000,9999835472.997665,0.0,0.0,499,0
3737,1871994,-25954.0,500,False,10503.763689697265,22.659067548540655,1.4731315179404903e-31,7.389056205749512,300000,9999835472.997665,0.0,0.0,499,0
3738,1871995,-25954.0,500,False,10503.763689697265,22.659067548540655,1.4731315179404903e-31,7.389056205749512,300000,9999835472.997665,0.0,0.0,499,0
3739,1871996,-25954.0,500,False,10503.763689697265,22.659067548540655,1.4731315179404903e-31,7.389056205749512,300000,9999835472.997665,0.0,0.0,499,0
3740,1871997,-25954.0,500,False,10503.763689697265,22.659067548540655,1.4731315179404903e-31,7.389056205749512,300000,9999835472.997665,0.0,0.0,499,0
3741,1871998,-25954.0,500,False,10503.763689697265,22.659067548540655,1.4731315179404903e-31,7.389056205749512,300000,9999835472.997665,0.0,0.0,499,0
3742,1871999,-25954.0,500,False,10503.763689697265,22.659067548540655,1.4731315179404903e-31,7.389056205749512,300000,9999835472.997665,0.0,0.0,499,0
3743,1872000,-25954.0,500,False,10503.763689697265,22.659067548540655,1.4731315179404903e-31,7.389056205749512,300000,9999835472.997665,0.0,0.0,499,0
3744,1879985,-25954.0,500,False,10506.067099365235,22.849259735402068,1.45893508889386e-31,7.389056205749512,300000,9999835472.997665,0.0,0.0,499,0
3745,1879986,-25954.0,500,False,10506.067099365235,22.849259735402068,1.45893508889386e-31,7.389056205749512,300000,9999835472.997665,0.0,0.0,499,0
3746,1879987,-25954.0,500,False,10506.067099365235,22.849259735402068,1.45893508889386e-31,7.389056205749512,300000,9999835472.997665,0.0,0.0,499,0
3747,1879988,-25954.0,500,False,10506.067099365235,22.849259735402068,1.45893508889386e-31,7.389056205749512,300000,9999835472.997665,0.0,0.0,499,0
3748,1879989,-25954.0,500,False,10506.067099365235,22.849259735402068,1.45893508889386e-31,7.389056205749512,300000,9999835472.997665,0.0,0.0,499,0
3749,1879990,-25954.0,500,False,10506.067099365235,22.849259735402068,1.45893508889386e-31,7.389056205749512,300000,9999835472.997665,0.0,0.0,499,0
3750,1879991,-25954.0,500,False,10506.067099365235,22.849259735402068,1.45893508889386e-31,7.389056205749512,300000,9999835472.997665,0.0,0.0,499,0
3751,1879992,-25954.0,500,False,10506.067099365235,22.849259735402068,1.45893508889386e-31,7.389056205749512,300000,9999835472.997665,0.0,0.0,499,0
3752,1879993,-25954.0,500,False,10506.067099365235,22.849259735402068,1.45893508889386e-31,7.389056205749512,300000,9999835472.997665,0.0,0.0,499,0
3753,1879994,-25954.0,500,False,10506.067099365235,22.849259735402068,1.45893508889386e-31,7.389056205749512,300000,9999835472.997665,0.0,0.0,499,0
3754,1879995,-25954.0,500,False,10506.067099365235,22.849259735402068,1.45893508889386e-31,7.389056205749512,300000,9999835472.997665,0.0,0.0,499,0
3755,1879996,-25954.0,500,False,10506.067099365235,22.849259735402068,1.45893508889386e-31,7.389056205749512,300000,9999835472.997665,0.0,0.0,499,0
3756,1879997,-25954.0,500,False,10506.067099365235,22.849259735402068,1.45893508889386e-31,7.389056205749512,300000,9999835472.997665,0.0,0.0,499,0
3757,1879998,-25954.0,500,False,10506.067099365235,22.849259735402068,1.45893508889386e-31,7.389056205749512,300000,9999835472.997665,0.0,0.0,499,0
3758,1879999,-25954.0,500,False,10506.067099365235,22.849259735402068,1.45893508889386e-31,7.389056205749512,300000,9999835472.997665,0.0,0.0,499,0
3759,1880000,-25954.0,500,False,10506.067099365235,22.849259735402068,1.45893508889386e-31,7.389056205749512,300000,9999835472.997665,0.0,0.0,499,0
3760,1887985,-25954.0,500,False,10507.420181640626,22.93140358942747,1.4887129626017322e-31,7.389056205749512,300000,9999835472.997665,0.0,0.0,499,0
3761,1887986,-25954.0,500,False,10507.420181640626,22.93140358942747,1.4887129626017322e-31,7.389056205749512,300000,9999835472.997665,0.0,0.0,499,0
3762,1887987,-25954.0,500,False,10507.420181640626,22.93140358942747,1.4887129626017322e-31,7.389056205749512,300000,9999835472.997665,0.0,0.0,499,0
3763,1887988,-25954.0,500,False,10507.420181640626,22.93140358942747,1.4887129626017322e-31,7.389056205749512,300000,9999835472.997665,0.0,0.0,499,0
3764,1887989,-25954.0,500,False,10507.420181640626,22.93140358942747,1.4887129626017322e-31,7.389056205749512,300000,9999835472.997665,0.0,0.0,499,0
3765,1887990,-25954.0,500,False,10507.420181640626,22.93140358942747,1.4887129626017322e-31,7.389056205749512,300000,9999835472.997665,0.0,0.0,499,0
3766,1887991,-25954.0,500,False,10507.420181640626,22.93140358942747,1.4887129626017322e-31,7.389056205749512,300000,9999835472.997665,0.0,0.0,499,0
3767,1887992,-25954.0,500,False,10507.420181640626,22.93140358942747,1.4887129626017322e-31,7.389056205749512,300000,9999835472.997665,0.0,0.0,499,0
3768,1887993,-25954.0,500,False,10507.420181640626,22.93140358942747,1.4887129626017322e-31,7.389056205749512,300000,9999835472.997665,0.0,0.0,499,0
3769,1887994,-25954.0,500,False,10507.420181640626,22.93140358942747,1.4887129626017322e-31,7.389056205749512,300000,9999835472.997665,0.0,0.0,499,0
3770,1887995,-25954.0,500,False,10507.420181640626,22.93140358942747,1.4887129626017322e-31,7.389056205749512,300000,9999835472.997665,0.0,0.0,499,0
3771,1887996,-25954.0,500,False,10507.420181640626,22.93140358942747,1.4887129626017322e-31,7.389056205749512,300000,9999835472.997665,0.0,0.0,499,0
3772,1887997,-25954.0,500,False,10507.420181640626,22.93140358942747,1.4887129626017322e-31,7.389056205749512,300000,9999835472.997665,0.0,0.0,499,0
3773,1887998,-25954.0,500,False,10507.420181640626,22.93140358942747,1.4887129626017322e-31,7.389056205749512,300000,9999835472.997665,0.0,0.0,499,0
3774,1887999,-25954.0,500,False,10507.420181640626,22.93140358942747,1.4887129626017322e-31,7.389056205749512,300000,9999835472.997665,0.0,0.0,499,0
3775,1888000,-25954.0,500,False,10507.420181640626,22.93140358942747,1.4887129626017322e-31,7.389056205749512,300000,9999835472.997665,0.0,0.0,499,0
3776,1895985,-25954.0,500,False,10507.680955078125,22.968158757410187,1.4759015504278599e-31,7.389056205749512,300000,9999835472.997665,0.0,0.0,499,0
3777,1895986,-25954.0,500,False,10507.680955078125,22.968158757410187,1.4759015504278599e-31,7.389056205749512,300000,9999835472.997665,0.0,0.0,499,0
3778,1895987,-25954.0,500,False,10507.680955078125,22.968158757410187,1.4759015504278599e-31,7.389056205749512,300000,9999835472.997665,0.0,0.0,499,0
3779,1895988,-25954.0,500,False,10507.680955078125,22.968158757410187,1.4759015504278599e-31,7.389056205749512,300000,9999835472.997665,0.0,0.0,499,0
3780,1895989,-25954.0,500,False,10507.680955078125,22.968158757410187,1.4759015504278599e-31,7.389056205749512,300000,9999835472.997665,0.0,0.0,499,0
3781,1895990,-25954.0,500,False,10507.680955078125,22.968158757410187,1.4759015504278599e-31,7.389056205749512,300000,9999835472.997665,0.0,0.0,499,0
3782,1895991,-25954.0,500,False,10507.680955078125,22.968158757410187,1.4759015504278599e-31,7.389056205749512,300000,9999835472.997665,0.0,0.0,499,0
3783,1895992,-25954.0,500,False,10507.680955078125,22.968158757410187,1.4759015504278599e-31,7.389056205749512,300000,9999835472.997665,0.0,0.0,499,0
3784,1895993,-25954.0,500,False,10507.680955078125,22.968158757410187,1.4759015504278599e-31,7.389056205749512,300000,9999835472.997665,0.0,0.0,499,0
3785,1895994,-25954.0,500,False,10507.680955078125,22.968158757410187,1.4759015504278599e-31,7.389056205749512,300000,9999835472.997665,0.0,0.0,499,0
3786,1895995,-25954.0,500,False,10507.680955078125,22.968158757410187,1.4759015504278599e-31,7.389056205749512,300000,9999835472.997665,0.0,0.0,499,0
3787,1895996,-25954.0,500,False,10507.680955078125,22.968158757410187,1.4759015504278599e-31,7.389056205749512,300000,9999835472.997665,0.0,0.0,499,0
3788,1895997,-25954.0,500,False,10507.680955078125,22.968158757410187,1.4759015504278599e-31,7.389056205749512,300000,9999835472.997665,0.0,0.0,499,0
3789,1895998,-25954.0,500,False,10507.680955078125,22.968158757410187,1.4759015504278599e-31,7.389056205749512,300000,9999835472.997665,0.0,0.0,499,0
3790,1895999,-25954.0,500,False,10507.680955078125,22.968158757410187,1.4759015504278599e-31,7.389056205749512,300000,9999835472.997665,0.0,0.0,499,0
3791,1896000,-25954.0,500,False,10507.680955078125,22.968158757410187,1.4759015504278599e-31,7.389056205749512,300000,9999835472.997665,0.0,0.0,499,0
3792,1903985,-25954.0,500,False,10509.543817138672,22.840375269454672,1.4646482832957367e-31,7.389056205749512,300000,9999835472.997665,0.0,0.0,499,0
3793,1903986,-25954.0,500,False,10509.543817138672,22.840375269454672,1.4646482832957367e-31,7.389056205749512,300000,9999835472.997665,0.0,0.0,499,0
3794,1903987,-25954.0,500,False,10509.543817138672,22.840375269454672,1.4646482832957367e-31,7.389056205749512,300000,9999835472.997665,0.0,0.0,499,0
3795,1903988,-25954.0,500,False,10509.543817138672,22.840375269454672,1.4646482832957367e-31,7.389056205749512,300000,9999835472.997665,0.0,0.0,499,0
3796,1903989,-25954.0,500,False,10509.543817138672,22.840375269454672,1.4646482832957367e-31,7.389056205749512,300000,9999835472.997665,0.0,0.0,499,0
3797,1903990,-25954.0,500,False,10509.543817138672,22.840375269454672,1.4646482832957367e-31,7.389056205749512,300000,9999835472.997665,0.0,0.0,499,0
3798,1903991,-25954.0,500,False,10509.543817138672,22.840375269454672,1.4646482832957367e-31,7.389056205749512,300000,9999835472.997665,0.0,0.0,499,0
3799,1903992,-25954.0,500,False,10509.543817138672,22.840375269454672,1.4646482832957367e-31,7.389056205749512,300000,9999835472.997665,0.0,0.0,499,0
3800,1903993,-25954.0,500,False,10509.543817138672,22.840375269454672,1.4646482832957367e-31,7.389056205749512,300000,9999835472.997665,0.0,0.0,499,0
3801,1903994,-25954.0,500,False,10509.543817138672,22.840375269454672,1.4646482832957367e-31,7.389056205749512,300000,9999835472.997665,0.0,0.0,499,0
3802,1903995,-25954.0,500,False,10509.543817138672,22.840375269454672,1.4646482832957367e-31,7.389056205749512,300000,9999835472.997665,0.0,0.0,499,0
3803,1903996,-25954.0,500,False,10509.543817138672,22.840375269454672,1.4646482832957367e-31,7.389056205749512,300000,9999835472.997665,0.0,0.0,499,0
3804,1903997,-25954.0,500,False,10509.543817138672,22.840375269454672,1.4646482832957367e-31,7.389056205749512,300000,9999835472.997665,0.0,0.0,499,0
3805,1903998,-25954.0,500,False,10509.543817138672,22.840375269454672,1.4646482832957367e-31,7.389056205749512,300000,9999835472.997665,0.0,0.0,499,0
3806,1903999,-25954.0,500,False,10509.543817138672,22.840375269454672,1.4646482832957367e-31,7.389056205749512,300000,9999835472.997665,0.0,0.0,499,0
3807,1904000,-25954.0,500,False,10509.543817138672,22.840375269454672,1.4646482832957367e-31,7.389056205749512,300000,9999835472.997665,0.0,0.0,499,0
3808,1911985,-25954.0,500,False,10511.466235351563,22.64259518597013,1.4440461499630643e-31,7.389056205749512,300000,9999835472.997665,0.0,0.0,499,0
3809,1911986,-25954.0,500,False,10511.466235351563,22.64259518597013,1.4440461499630643e-31,7.389056205749512,300000,9999835472.997665,0.0,0.0,499,0
3810,1911987,-25954.0,500,False,10511.466235351563,22.64259518597013,1.4440461499630643e-31,7.389056205749512,300000,9999835472.997665,0.0,0.0,499,0
3811,1911988,-25954.0,500,False,10511.466235351563,22.64259518597013,1.4440461499630643e-31,7.389056205749512,300000,9999835472.997665,0.0,0.0,499,0
3812,1911989,-25954.0,500,False,10511.466235351563,22.64259518597013,1.4440461499630643e-31,7.389056205749512,300000,9999835472.997665,0.0,0.0,499,0
3813,1911990,-25954.0,500,False,10511.466235351563,22.64259518597013,1.4440461499630643e-31,7.389056205749512,300000,9999835472.997665,0.0,0.0,499,0
3814,1911991,-25954.0,500,False,10511.466235351563,22.64259518597013,1.4440461499630643e-31,7.389056205749512,300000,9999835472.997665,0.0,0.0,499,0
3815,1911992,-25954.0,500,False,10511.466235351563,22.64259518597013,1.4440461499630643e-31,7.389056205749512,300000,9999835472.997665,0.0,0.0,499,0
3816,1911993,-25954.0,500,False,10511.466235351563,22.64259518597013,1.4440461499630643e-31,7.389056205749512,300000,9999835472.997665,0.0,0.0,499,0
3817,1911994,-25954.0,500,False,10511.466235351563,22.64259518597013,1.4440461499630643e-31,7.389056205749512,300000,9999835472.997665,0.0,0.0,499,0
3818,1911995,-25954.0,500,False,10511.466235351563,22.64259518597013,1.4440461499630643e-31,7.389056205749512,300000,9999835472.997665,0.0,0.0,499,0
3819,1911996,-25954.0,500,False,10511.466235351563,22.64259518597013,1.4440461499630643e-31,7.389056205749512,300000,9999835472.997665,0.0,0.0,499,0
3820,1911997,-25954.0,500,False,10511.466235351563,22.64259518597013,1.4440461499630643e-31,7.389056205749512,300000,9999835472.997665,0.0,0.0,499,0
3821,1911998,-25954.0,500,False,10511.466235351563,22.64259518597013,1.4440461499630643e-31,7.389056205749512,300000,9999835472.997665,0.0,0.0,499,0
3822,1911999,-25954.0,500,False,10511.466235351563,22.64259518597013,1.4440461499630643e-31,7.389056205749512,300000,9999835472.997665,0.0,0.0,499,0
3823,1912000,-25954.0,500,False,10511.466235351563,22.64259518597013,1.4440461499630643e-31,7.389056205749512,300000,9999835472.997665,0.0,0.0,499,0
3824,1919985,-25954.0,500,False,10512.896634521485,22.26890455176495,1.4677645749514585e-31,7.389056205749512,300000,9999835472.997665,0.0,0.0,499,0
3825,1919986,-25954.0,500,False,10512.896634521485,22.26890455176495,1.4677645749514585e-31,7.389056205749512,300000,9999835472.997665,0.0,0.0,499,0
3826,1919987,-25954.0,500,False,10512.896634521485,22.26890455176495,1.4677645749514585e-31,7.389056205749512,300000,9999835472.997665,0.0,0.0,499,0
3827,1919988,-25954.0,500,False,10512.896634521485,22.26890455176495,1.4677645749514585e-31,7.389056205749512,300000,9999835472.997665,0.0,0.0,499,0
3828,1919989,-25954.0,500,False,10512.896634521485,22.26890455176495,1.4677645749514585e-31,7.389056205749512,300000,9999835472.997665,0.0,0.0,499,0
3829,1919990,-25954.0,500,False,10512.896634521485,22.26890455176495,1.4677645749514585e-31,7.389056205749512,300000,9999835472.997665,0.0,0.0,499,0
3830,1919991,-25954.0,500,False,10512.896634521485,22.26890455176495,1.4677645749514585e-31,7.389056205749512,300000,9999835472.997665,0.0,0.0,499,0
3831,1919992,-25954.0,500,False,10512.896634521485,22.26890455176495,1.4677645749514585e-31,7.389056205749512,300000,9999835472.997665,0.0,0.0,499,0
3832,1919993,-25954.0,500,False,10512.896634521485,22.26890455176495,1.4677645749514585e-31,7.389056205749512,300000,9999835472.997665,0.0,0.0,499,0
3833,1919994,-25954.0,500,False,10512.896634521485,22.26890455176495,1.4677645749514585e-31,7.389056205749512,300000,9999835472.997665,0.0,0.0,499,0
3834,1919995,-25954.0,500,False,10512.896634521485,22.26890455176495,1.4677645749514585e-31,7.389056205749512,300000,9999835472.997665,0.0,0.0,499,0
3835,1919996,-25954.0,500,False,10512.896634521485,22.26890455176495,1.4677645749514585e-31,7.389056205749512,300000,9999835472.997665,0.0,0.0,499,0
3836,1919997,-25954.0,500,False,10512.896634521485,22.26890455176495,1.4677645749514585e-31,7.389056205749512,300000,9999835472.997665,0.0,0.0,499,0
3837,1919998,-25954.0,500,False,10512.896634521485,22.26890455176495,1.4677645749514585e-31,7.389056205749512,300000,9999835472.997665,0.0,0.0,499,0
3838,1919999,-25954.0,500,False,10512.896634521485,22.26890455176495,1.4677645749514585e-31,7.389056205749512,300000,9999835472.997665,0.0,0.0,499,0
3839,1920000,-25954.0,500,False,10512.896634521485,22.26890455176495,1.4677645749514585e-31,7.389056205749512,300000,9999835472.997665,0.0,0.0,499,0
3840,1927985,-25954.0,500,False,10514.603569335937,22.984148833491375,1.474343406297119e-31,7.389056205749512,300000,9999835472.997665,0.0,0.0,499,0
3841,1927986,-25954.0,500,False,10514.603569335937,22.984148833491375,1.474343406297119e-31,7.389056205749512,300000,9999835472.997665,0.0,0.0,499,0
3842,1927987,-25954.0,500,False,10514.603569335937,22.984148833491375,1.474343406297119e-31,7.389056205749512,300000,9999835472.997665,0.0,0.0,499,0
3843,1927988,-25954.0,500,False,10514.603569335937,22.984148833491375,1.474343406297119e-31,7.389056205749512,300000,9999835472.997665,0.0,0.0,499,0
3844,1927989,-25954.0,500,False,10514.603569335937,22.984148833491375,1.474343406297119e-31,7.389056205749512,300000,9999835472.997665,0.0,0.0,499,0
3845,1927990,-25954.0,500,False,10514.603569335937,22.984148833491375,1.474343406297119e-31,7.389056205749512,300000,9999835472.997665,0.0,0.0,499,0
3846,1927991,-25954.0,500,False,10514.603569335937,22.984148833491375,1.474343406297119e-31,7.389056205749512,300000,9999835472.997665,0.0,0.0,499,0
3847,1927992,-25954.0,500,False,10514.603569335937,22.984148833491375,1.474343406297119e-31,7.389056205749512,300000,9999835472.997665,0.0,0.0,499,0
3848,1927993,-25954.0,500,False,10514.603569335937,22.984148833491375,1.474343406297119e-31,7.389056205749512,300000,9999835472.997665,0.0,0.0,499,0
3849,1927994,-25954.0,500,False,10514.603569335937,22.984148833491375,1.474343406297119e-31,7.389056205749512,300000,9999835472.997665,0.0,0.0,499,0
3850,1927995,-25954.0,500,False,10514.603569335937,22.984148833491375,1.474343406297119e-31,7.389056205749512,300000,9999835472.997665,0.0,0.0,499,0
3851,1927996,-25954.0,500,False,10514.603569335937,22.984148833491375,1.474343406297119e-31,7.389056205749512,300000,9999835472.997665,0.0,0.0,499,0
3852,1927997,-25954.0,500,False,10514.603569335937,22.984148833491375,1.474343406297119e-31,7.389056205749512,300000,9999835472.997665,0.0,0.0,499,0
3853,1927998,-25954.0,500,False,10514.603569335937,22.984148833491375,1.474343406297119e-31,7.389056205749512,300000,9999835472.997665,0.0,0.0,499,0
3854,1927999,-25954.0,500,False,10514.603569335937,22.984148833491375,1.474343406297119e-31,7.389056205749512,300000,9999835472.997665,0.0,0.0,499,0
3855,1928000,-25954.0,500,False,10514.603569335937,22.984148833491375,1.474343406297119e-31,7.389056205749512,300000,9999835472.997665,0.0,0.0,499,0
3856,1935985,-25954.0,500,False,10517.068217041016,22.860157348348817,1.4507981113282011e-31,7.389056205749512,300000,9999835472.997665,0.0,0.0,499,0
3857,1935986,-25954.0,500,False,10517.068217041016,22.860157348348817,1.4507981113282011e-31,7.389056205749512,300000,9999835472.997665,0.0,0.0,499,0
3858,1935987,-25954.0,500,False,10517.068217041016,22.860157348348817,1.4507981113282011e-31,7.389056205749512,300000,9999835472.997665,0.0,0.0,499,0
3859,1935988,-25954.0,500,False,10517.068217041016,22.860157348348817,1.4507981113282011e-31,7.389056205749512,300000,9999835472.997665,0.0,0.0,499,0
3860,1935989,-25954.0,500,False,10517.068217041016,22.860157348348817,1.4507981113282011e-31,7.389056205749512,300000,9999835472.997665,0.0,0.0,499,0
3861,1935990,-25954.0,500,False,10517.068217041016,22.860157348348817,1.4507981113282011e-31,7.389056205749512,300000,9999835472.997665,0.0,0.0,499,0
3862,1935991,-25954.0,500,False,10517.068217041016,22.860157348348817,1.4507981113282011e-31,7.389056205749512,300000,9999835472.997665,0.0,0.0,499,0
3863,1935992,-25954.0,500,False,10517.068217041016,22.860157348348817,1.4507981113282011e-31,7.389056205749512,300000,9999835472.997665,0.0,0.0,499,0
3864,1935993,-25954.0,500,False,10517.068217041016,22.860157348348817,1.4507981113282011e-31,7.389056205749512,300000,9999835472.997665,0.0,0.0,499,0
3865,1935994,-25954.0,500,False,10517.068217041016,22.860157348348817,1.4507981113282011e-31,7.389056205749512,300000,9999835472.997665,0.0,0.0,499,0
3866,1935995,-25954.0,500,False,10517.068217041016,22.860157348348817,1.4507981113282011e-31,7.389056205749512,300000,9999835472.997665,0.0,0.0,499,0
3867,1935996,-25954.0,500,False,10517.068217041016,22.860157348348817,1.4507981113282011e-31,7.389056205749512,300000,9999835472.997665,0.0,0.0,499,0
3868,1935997,-25954.0,500,False,10517.068217041016,22.860157348348817,1.4507981113282011e-31,7.389056205749512,300000,9999835472.997665,0.0,0.0,499,0
3869,1935998,-25954.0,500,False,10517.068217041016,22.860157348348817,1.4507981113282011e-31,7.389056205749512,300000,9999835472.997665,0.0,0.0,499,0
3870,1935999,-25954.0,500,False,10517.068217041016,22.860157348348817,1.4507981113282011e-31,7.389056205749512,300000,9999835472.997665,0.0,0.0,499,0
3871,1936000,-25954.0,500,False,10517.068217041016,22.860157348348817,1.4507981113282011e-31,7.389056205749512,300000,9999835472.997665,0.0,0.0,499,0
3872,1943985,-25954.0,500,False,10519.357641601562,22.937673980487975,1.4643020303813817e-31,7.389056205749512,300000,9999835472.997665,0.0,0.0,499,0
3873,1943986,-25954.0,500,False,10519.357641601562,22.937673980487975,1.4643020303813817e-31,7.389056205749512,300000,9999835472.997665,0.0,0.0,499,0
3874,1943987,-25954.0,500,False,10519.357641601562,22.937673980487975,1.4643020303813817e-31,7.389056205749512,300000,9999835472.997665,0.0,0.0,499,0
3875,1943988,-25954.0,500,False,10519.357641601562,22.937673980487975,1.4643020303813817e-31,7.389056205749512,300000,9999835472.997665,0.0,0.0,499,0
3876,1943989,-25954.0,500,False,10519.357641601562,22.937673980487975,1.4643020303813817e-31,7.389056205749512,300000,9999835472.997665,0.0,0.0,499,0
3877,1943990,-25954.0,500,False,10519.357641601562,22.937673980487975,1.4643020303813817e-31,7.389056205749512,300000,9999835472.997665,0.0,0.0,499,0
3878,1943991,-25954.0,500,False,10519.357641601562,22.937673980487975,1.4643020303813817e-31,7.389056205749512,300000,9999835472.997665,0.0,0.0,499,0
3879,1943992,-25954.0,500,False,10519.357641601562,22.937673980487975,1.4643020303813817e-31,7.389056205749512,300000,9999835472.997665,0.0,0.0,499,0
3880,1943993,-25954.0,500,False,10519.357641601562,22.937673980487975,1.4643020303813817e-31,7.389056205749512,300000,9999835472.997665,0.0,0.0,499,0
3881,1943994,-25954.0,500,False,10519.357641601562,22.937673980487975,1.4643020303813817e-31,7.389056205749512,300000,9999835472.997665,0.0,0.0,499,0
3882,1943995,-25954.0,500,False,10519.357641601562,22.937673980487975,1.4643020303813817e-31,7.389056205749512,300000,9999835472.997665,0.0,0.0,499,0
3883,1943996,-25954.0,500,False,10519.357641601562,22.937673980487975,1.4643020303813817e-31,7.389056205749512,300000,9999835472.997665,0.0,0.0,499,0
3884,1943997,-25954.0,500,False,10519.357641601562,22.937673980487975,1.4643020303813817e-31,7.389056205749512,300000,9999835472.997665,0.0,0.0,499,0
3885,1943998,-25954.0,500,False,10519.357641601562,22.937673980487975,1.4643020303813817e-31,7.389056205749512,300000,9999835472.997665,0.0,0.0,499,0
3886,1943999,-25954.0,500,False,10519.357641601562,22.937673980487975,1.4643020303813817e-31,7.389056205749512,300000,9999835472.997665,0.0,0.0,499,0
3887,1944000,-25954.0,500,False,10519.357641601562,22.937673980487975,1.4643020303813817e-31,7.389056205749512,300000,9999835472.997665,0.0,0.0,499,0
3888,1951985,-25954.0,500,False,10520.992544189454,22.342712690638727,1.4672451942464746e-31,7.389056205749512,300000,9999835472.997665,0.0,0.0,499,0
3889,1951986,-25954.0,500,False,10520.992544189454,22.342712690638727,1.4672451942464746e-31,7.389056205749512,300000,9999835472.997665,0.0,0.0,499,0
3890,1951987,-25954.0,500,False,10520.992544189454,22.342712690638727,1.4672451942464746e-31,7.389056205749512,300000,9999835472.997665,0.0,0.0,499,0
3891,1951988,-25954.0,500,False,10520.992544189454,22.342712690638727,1.4672451942464746e-31,7.389056205749512,300000,9999835472.997665,0.0,0.0,499,0
3892,1951989,-25954.0,500,False,10520.992544189454,22.342712690638727,1.4672451942464746e-31,7.389056205749512,300000,9999835472.997665,0.0,0.0,499,0
3893,1951990,-25954.0,500,False,10520.992544189454,22.342712690638727,1.4672451942464746e-31,7.389056205749512,300000,9999835472.997665,0.0,0.0,499,0
3894,1951991,-25954.0,500,False,10520.992544189454,22.342712690638727,1.4672451942464746e-31,7.389056205749512,300000,9999835472.997665,0.0,0.0,499,0
3895,1951992,-25954.0,500,False,10520.992544189454,22.342712690638727,1.4672451942464746e-31,7.389056205749512,300000,9999835472.997665,0.0,0.0,499,0
3896,1951993,-25954.0,500,False,10520.992544189454,22.342712690638727,1.4672451942464746e-31,7.389056205749512,300000,9999835472.997665,0.0,0.0,499,0
3897,1951994,-25954.0,500,False,10520.992544189454,22.342712690638727,1.4672451942464746e-31,7.389056205749512,300000,9999835472.997665,0.0,0.0,499,0
3898,1951995,-25954.0,500,False,10520.992544189454,22.342712690638727,1.4672451942464746e-31,7.389056205749512,300000,9999835472.997665,0.0,0.0,499,0
3899,1951996,-25954.0,500,False,10520.992544189454,22.342712690638727,1.4672451942464746e-31,7.389056205749512,300000,9999835472.997665,0.0,0.0,499,0
3900,1951997,-25954.0,500,False,10520.992544189454,22.342712690638727,1.4672451942464746e-31,7.389056205749512,300000,9999835472.997665,0.0,0.0,499,0
3901,1951998,-25954.0,500,False,10520.992544189454,22.342712690638727,1.4672451942464746e-31,7.389056205749512,300000,9999835472.997665,0.0,0.0,499,0
3902,1951999,-25954.0,500,False,10520.992544189454,22.342712690638727,1.4672451942464746e-31,7.389056205749512,300000,9999835472.997665,0.0,0.0,499,0
3903,1952000,-25954.0,500,False,10520.992544189454,22.342712690638727,1.4672451942464746e-31,7.389056205749512,300000,9999835472.997665,0.0,0.0,499,0
3904,1959985,-25954.0,500,False,10522.189185791016,22.74840961256571,1.475901552314161e-31,7.389056205749512,300000,9999835472.997665,0.0,0.0,499,0
3905,1959986,-25954.0,500,False,10522.189185791016,22.74840961256571,1.475901552314161e-31,7.389056205749512,300000,9999835472.997665,0.0,0.0,499,0
3906,1959987,-25954.0,500,False,10522.189185791016,22.74840961256571,1.475901552314161e-31,7.389056205749512,300000,9999835472.997665,0.0,0.0,499,0
3907,1959988,-25954.0,500,False,10522.189185791016,22.74840961256571,1.475901552314161e-31,7.389056205749512,300000,9999835472.997665,0.0,0.0,499,0
3908,1959989,-25954.0,500,False,10522.189185791016,22.74840961256571,1.475901552314161e-31,7.389056205749512,300000,9999835472.997665,0.0,0.0,499,0
3909,1959990,-25954.0,500,False,10522.189185791016,22.74840961256571,1.475901552314161e-31,7.389056205749512,300000,9999835472.997665,0.0,0.0,499,0
3910,1959991,-25954.0,500,False,10522.189185791016,22.74840961256571,1.475901552314161e-31,7.389056205749512,300000,9999835472.997665,0.0,0.0,499,0
3911,1959992,-25954.0,500,False,10522.189185791016,22.74840961256571,1.475901552314161e-31,7.389056205749512,300000,9999835472.997665,0.0,0.0,499,0
3912,1959993,-25954.0,500,False,10522.189185791016,22.74840961256571,1.475901552314161e-31,7.389056205749512,300000,9999835472.997665,0.0,0.0,499,0
3913,1959994,-25954.0,500,False,10522.189185791016,22.74840961256571,1.475901552314161e-31,7.389056205749512,300000,9999835472.997665,0.0,0.0,499,0
3914,1959995,-25954.0,500,False,10522.189185791016,22.74840961256571,1.475901552314161e-31,7.389056205749512,300000,9999835472.997665,0.0,0.0,499,0
3915,1959996,-25954.0,500,False,10522.189185791016,22.74840961256571,1.475901552314161e-31,7.389056205749512,300000,9999835472.997665,0.0,0.0,499,0
3916,1959997,-25954.0,500,False,10522.189185791016,22.74840961256571,1.475901552314161e-31,7.389056205749512,300000,9999835472.997665,0.0,0.0,499,0
3917,1959998,-25954.0,500,False,10522.189185791016,22.74840961256571,1.475901552314161e-31,7.389056205749512,300000,9999835472.997665,0.0,0.0,499,0
3918,1959999,-25954.0,500,False,10522.189185791016,22.74840961256571,1.475901552314161e-31,7.389056205749512,300000,9999835472.997665,0.0,0.0,499,0
3919,1960000,-25954.0,500,False,10522.189185791016,22.74840961256571,1.475901552314161e-31,7.389056205749512,300000,9999835472.997665,0.0,0.0,499,0
3920,1967985,-25954.0,500,False,10524.258068359375,23.08875693052076,1.4681108292056934e-31,7.389056205749512,300000,9999835472.997665,0.0,0.0,499,0
3921,1967986,-25954.0,500,False,10524.258068359375,23.08875693052076,1.4681108292056934e-31,7.389056205749512,300000,9999835472.997665,0.0,0.0,499,0
3922,1967987,-25954.0,500,False,10524.258068359375,23.08875693052076,1.4681108292056934e-31,7.389056205749512,300000,9999835472.997665,0.0,0.0,499,0
3923,1967988,-25954.0,500,False,10524.258068359375,23.08875693052076,1.4681108292056934e-31,7.389056205749512,300000,9999835472.997665,0.0,0.0,499,0
3924,1967989,-25954.0,500,False,10524.258068359375,23.08875693052076,1.4681108292056934e-31,7.389056205749512,300000,9999835472.997665,0.0,0.0,499,0
3925,1967990,-25954.0,500,False,10524.258068359375,23.08875693052076,1.4681108292056934e-31,7.389056205749512,300000,9999835472.997665,0.0,0.0,499,0
3926,1967991,-25954.0,500,False,10524.258068359375,23.08875693052076,1.4681108292056934e-31,7.389056205749512,300000,9999835472.997665,0.0,0.0,499,0
3927,1967992,-25954.0,500,False,10524.258068359375,23.08875693052076,1.4681108292056934e-31,7.389056205749512,300000,9999835472.997665,0.0,0.0,499,0
3928,1967993,-25954.0,500,False,10524.258068359375,23.08875693052076,1.4681108292056934e-31,7.389056205749512,300000,9999835472.997665,0.0,0.0,499,0
3929,1967994,-25954.0,500,False,10524.258068359375,23.08875693052076,1.4681108292056934e-31,7.389056205749512,300000,9999835472.997665,0.0,0.0,499,0
3930,1967995,-25954.0,500,False,10524.258068359375,23.08875693052076,1.4681108292056934e-31,7.389056205749512,300000,9999835472.997665,0.0,0.0,499,0
3931,1967996,-25954.0,500,False,10524.258068359375,23.08875693052076,1.4681108292056934e-31,7.389056205749512,300000,9999835472.997665,0.0,0.0,499,0
3932,1967997,-25954.0,500,False,10524.258068359375,23.08875693052076,1.4681108292056934e-31,7.389056205749512,300000,9999835472.997665,0.0,0.0,499,0
3933,1967998,-25954.0,500,False,10524.258068359375,23.08875693052076,1.4681108292056934e-31,7.389056205749512,300000,9999835472.997665,0.0,0.0,499,0
3934,1967999,-25954.0,500,False,10524.258068359375,23.08875693052076,1.4681108292056934e-31,7.389056205749512,300000,9999835472.997665,0.0,0.0,499,0
3935,1968000,-25954.0,500,False,10524.258068359375,23.08875693052076,1.4681108292056934e-31,7.389056205749512,300000,9999835472.997665,0.0,0.0,499,0
3936,1975985,-25954.0,500,False,10527.470716796875,23.12127319279092,1.4759015509467305e-31,7.389056205749512,300000,9999835472.997665,0.0,0.0,499,0
3937,1975986,-25954.0,500,False,10527.470716796875,23.12127319279092,1.4759015509467305e-31,7.389056205749512,300000,9999835472.997665,0.0,0.0,499,0
3938,1975987,-25954.0,500,False,10527.470716796875,23.12127319279092,1.4759015509467305e-31,7.389056205749512,300000,9999835472.997665,0.0,0.0,499,0
3939,1975988,-25954.0,500,False,10527.470716796875,23.12127319279092,1.4759015509467305e-31,7.389056205749512,300000,9999835472.997665,0.0,0.0,499,0
3940,1975989,-25954.0,500,False,10527.470716796875,23.12127319279092,1.4759015509467305e-31,7.389056205749512,300000,9999835472.997665,0.0,0.0,499,0
3941,1975990,-25954.0,500,False,10527.470716796875,23.12127319279092,1.4759015509467305e-31,7.389056205749512,300000,9999835472.997665,0.0,0.0,499,0
3942,1975991,-25954.0,500,False,10527.470716796875,23.12127319279092,1.4759015509467305e-31,7.389056205749512,300000,9999835472.997665,0.0,0.0,499,0
3943,1975992,-25954.0,500,False,10527.470716796875,23.12127319279092,1.4759015509467305e-31,7.389056205749512,300000,9999835472.997665,0.0,0.0,499,0
3944,1975993,-25954.0,500,False,10527.470716796875,23.12127319279092,1.4759015509467305e-31,7.389056205749512,300000,9999835472.997665,0.0,0.0,499,0
3945,1975994,-25954.0,500,False,10527.470716796875,23.12127319279092,1.4759015509467305e-31,7.389056205749512,300000,9999835472.997665,0.0,0.0,499,0
3946,1975995,-25954.0,500,False,10527.470716796875,23.12127319279092,1.4759015509467305e-31,7.389056205749512,300000,9999835472.997665,0.0,0.0,499,0
3947,1975996,-25954.0,500,False,10527.470716796875,23.12127319279092,1.4759015509467305e-31,7.389056205749512,300000,9999835472.997665,0.0,0.0,499,0
3948,1975997,-25954.0,500,False,10527.470716796875,23.12127319279092,1.4759015509467305e-31,7.389056205749512,300000,9999835472.997665,0.0,0.0,499,0
3949,1975998,-25954.0,500,False,10527.470716796875,23.12127319279092,1.4759015509467305e-31,7.389056205749512,300000,9999835472.997665,0.0,0.0,499,0
3950,1975999,-25954.0,500,False,10527.470716796875,23.12127319279092,1.4759015509467305e-31,7.389056205749512,300000,9999835472.997665,0.0,0.0,499,0
3951,1976000,-25954.0,500,False,10527.470716796875,23.12127319279092,1.4759015509467305e-31,7.389056205749512,300000,9999835472.997665,0.0,0.0,499,0
3952,1983985,-25954.0,500,False,10531.511888916015,23.141566621436212,1.4805759865807465e-31,7.389056205749512,300000,9999835472.997665,0.0,0.0,499,0
3953,1983986,-25954.0,500,False,10531.511888916015,23.141566621436212,1.4805759865807465e-31,7.389056205749512,300000,9999835472.997665,0.0,0.0,499,0
3954,1983987,-25954.0,500,False,10531.511888916015,23.141566621436212,1.4805759865807465e-31,7.389056205749512,300000,9999835472.997665,0.0,0.0,499,0
3955,1983988,-25954.0,500,False,10531.511888916015,23.141566621436212,1.4805759865807465e-31,7.389056205749512,300000,9999835472.997665,0.0,0.0,499,0
3956,1983989,-25954.0,500,False,10531.511888916015,23.141566621436212,1.4805759865807465e-31,7.389056205749512,300000,9999835472.997665,0.0,0.0,499,0
3957,1983990,-25954.0,500,False,10531.511888916015,23.141566621436212,1.4805759865807465e-31,7.389056205749512,300000,9999835472.997665,0.0,0.0,499,0
3958,1983991,-25954.0,500,False,10531.511888916015,23.141566621436212,1.4805759865807465e-31,7.389056205749512,300000,9999835472.997665,0.0,0.0,499,0
3959,1983992,-25954.0,500,False,10531.511888916015,23.141566621436212,1.4805759865807465e-31,7.389056205749512,300000,9999835472.997665,0.0,0.0,499,0
3960,1983993,-25954.0,500,False,10531.511888916015,23.141566621436212,1.4805759865807465e-31,7.389056205749512,300000,9999835472.997665,0.0,0.0,499,0
3961,1983994,-25954.0,500,False,10531.511888916015,23.141566621436212,1.4805759865807465e-31,7.389056205749512,300000,9999835472.997665,0.0,0.0,499,0
3962,1983995,-25954.0,500,False,10531.511888916015,23.141566621436212,1.4805759865807465e-31,7.389056205749512,300000,9999835472.997665,0.0,0.0,499,0
3963,1983996,-25954.0,500,False,10531.511888916015,23.141566621436212,1.4805759865807465e-31,7.389056205749512,300000,9999835472.997665,0.0,0.0,499,0
3964,1983997,-25954.0,500,False,10531.511888916015,23.141566621436212,1.4805759865807465e-31,7.389056205749512,300000,9999835472.997665,0.0,0.0,499,0
3965,1983998,-25954.0,500,False,10531.511888916015,23.141566621436212,1.4805759865807465e-31,7.389056205749512,300000,9999835472.997665,0.0,0.0,499,0
3966,1983999,-25954.0,500,False,10531.511888916015,23.141566621436212,1.4805759865807465e-31,7.389056205749512,300000,9999835472.997665,0.0,0.0,499,0
3967,1984000,-25954.0,500,False,10531.511888916015,23.141566621436212,1.4805759865807465e-31,7.389056205749512,300000,9999835472.997665,0.0,0.0,499,0
3968,1991985,-25954.0,500,False,10534.827010009765,22.96989535041526,1.4495862195488636e-31,7.389056205749512,300000,9999835472.997665,0.0,0.0,499,0
3969,1991986,-25954.0,500,False,10534.827010009765,22.96989535041526,1.4495862195488636e-31,7.389056205749512,300000,9999835472.997665,0.0,0.0,499,0
3970,1991987,-25954.0,500,False,10534.827010009765,22.96989535041526,1.4495862195488636e-31,7.389056205749512,300000,9999835472.997665,0.0,0.0,499,0
3971,1991988,-25954.0,500,False,10534.827010009765,22.96989535041526,1.4495862195488636e-31,7.389056205749512,300000,9999835472.997665,0.0,0.0,499,0
3972,1991989,-25954.0,500,False,10534.827010009765,22.96989535041526,1.4495862195488636e-31,7.389056205749512,300000,9999835472.997665,0.0,0.0,499,0
3973,1991990,-25954.0,500,False,10534.827010009765,22.96989535041526,1.4495862195488636e-31,7.389056205749512,300000,9999835472.997665,0.0,0.0,499,0
3974,1991991,-25954.0,500,False,10534.827010009765,22.96989535041526,1.4495862195488636e-31,7.389056205749512,300000,9999835472.997665,0.0,0.0,499,0
3975,1991992,-25954.0,500,False,10534.827010009765,22.96989535041526,1.4495862195488636e-31,7.389056205749512,300000,9999835472.997665,0.0,0.0,499,0
3976,1991993,-25954.0,500,False,10534.827010009765,22.96989535041526,1.4495862195488636e-31,7.389056205749512,300000,9999835472.997665,0.0,0.0,499,0
3977,1991994,-25954.0,500,False,10534.827010009765,22.96989535041526,1.4495862195488636e-31,7.389056205749512,300000,9999835472.997665,0.0,0.0,499,0
3978,1991995,-25954.0,500,False,10534.827010009765,22.96989535041526,1.4495862195488636e-31,7.389056205749512,300000,9999835472.997665,0.0,0.0,499,0
3979,1991996,-25954.0,500,False,10534.827010009765,22.96989535041526,1.4495862195488636e-31,7.389056205749512,300000,9999835472.997665,0.0,0.0,499,0
3980,1991997,-25954.0,500,False,10534.827010009765,22.96989535041526,1.4495862195488636e-31,7.389056205749512,300000,9999835472.997665,0.0,0.0,499,0
3981,1991998,-25954.0,500,False,10534.827010009765,22.96989535041526,1.4495862195488636e-31,7.389056205749512,300000,9999835472.997665,0.0,0.0,499,0
3982,1991999,-25954.0,500,False,10534.827010009765,22.96989535041526,1.4495862195488636e-31,7.389056205749512,300000,9999835472.997665,0.0,0.0,499,0
3983,1992000,-25954.0,500,False,10534.827010009765,22.96989535041526,1.4495862195488636e-31,7.389056205749512,300000,9999835472.997665,0.0,0.0,499,0
3984,1999985,-25954.0,500,False,10538.50217211914,23.949261538995838,1.4958111768555102e-31,7.389056205749512,300000,9999835472.997665,0.0,0.0,499,0
3985,1999986,-25954.0,500,False,10538.50217211914,23.949261538995838,1.4958111768555102e-31,7.389056205749512,300000,9999835472.997665,0.0,0.0,499,0
3986,1999987,-25954.0,500,False,10538.50217211914,23.949261538995838,1.4958111768555102e-31,7.389056205749512,300000,9999835472.997665,0.0,0.0,499,0
3987,1999988,-25954.0,500,False,10538.50217211914,23.949261538995838,1.4958111768555102e-31,7.389056205749512,300000,9999835472.997665,0.0,0.0,499,0
3988,1999989,-25954.0,500,False,10538.50217211914,23.949261538995838,1.4958111768555102e-31,7.389056205749512,300000,9999835472.997665,0.0,0.0,499,0
3989,1999990,-25954.0,500,False,10538.50217211914,23.949261538995838,1.4958111768555102e-31,7.389056205749512,300000,9999835472.997665,0.0,0.0,499,0
3990,1999991,-25954.0,500,False,10538.50217211914,23.949261538995838,1.4958111768555102e-31,7.389056205749512,300000,9999835472.997665,0.0,0.0,499,0
3991,1999992,-25954.0,500,False,10538.50217211914,23.949261538995838,1.4958111768555102e-31,7.389056205749512,300000,9999835472.997665,0.0,0.0,499,0
3992,1999993,-25954.0,500,False,10538.50217211914,23.949261538995838,1.4958111768555102e-31,7.389056205749512,300000,9999835472.997665,0.0,0.0,499,0
3993,1999994,-25954.0,500,False,10538.50217211914,23.949261538995838,1.4958111768555102e-31,7.389056205749512,300000,9999835472.997665,0.0,0.0,499,0
3994,1999995,-25954.0,500,False,10538.50217211914,23.949261538995838,1.4958111768555102e-31,7.389056205749512,300000,9999835472.997665,0.0,0.0,499,0
3995,1999996,-25954.0,500,False,10538.50217211914,23.949261538995838,1.4958111768555102e-31,7.389056205749512,300000,9999835472.997665,0.0,0.0,499,0
3996,1999997,-25954.0,500,False,10538.50217211914,23.949261538995838,1.4958111768555102e-31,7.389056205749512,300000,9999835472.997665,0.0,0.0,499,0
3997,1999998,-25954.0,500,False,10538.50217211914,23.949261538995838,1.4958111768555102e-31,7.389056205749512,300000,9999835472.997665,0.0,0.0,499,0
3998,1999999,-25954.0,500,False,10538.50217211914,23.949261538995838,1.4958111768555102e-31,7.389056205749512,300000,9999835472.997665,0.0,0.0,499,0
3999,2000000,-25954.0,500,False,10538.50217211914,23.949261538995838,1.4958111768555102e-31,7.389056205749512,300000,9999835472.997665,0.0,0.0,499,0
4000,2007985,-25954.0,500,False,10542.270550537109,23.150638725102706,1.4585888320122117e-31,7.389056205749512,300000,9999835472.997665,0.0,0.0,499,0
4001,2007986,-25954.0,500,False,10542.270550537109,23.150638725102706,1.4585888320122117e-31,7.389056205749512,300000,9999835472.997665,0.0,0.0,499,0
4002,2007987,-25954.0,500,False,10542.270550537109,23.150638725102706,1.4585888320122117e-31,7.389056205749512,300000,9999835472.997665,0.0,0.0,499,0
4003,2007988,-25954.0,500,False,10542.270550537109,23.150638725102706,1.4585888320122117e-31,7.389056205749512,300000,9999835472.997665,0.0,0.0,499,0
4004,2007989,-25954.0,500,False,10542.270550537109,23.150638725102706,1.4585888320122117e-31,7.389056205749512,300000,9999835472.997665,0.0,0.0,499,0
4005,2007990,-25954.0,500,False,10542.270550537109,23.150638725102706,1.4585888320122117e-31,7.389056205749512,300000,9999835472.997665,0.0,0.0,499,0
4006,2007991,-25954.0,500,False,10542.270550537109,23.150638725102706,1.4585888320122117e-31,7.389056205749512,300000,9999835472.997665,0.0,0.0,499,0
4007,2007992,-25954.0,500,False,10542.270550537109,23.150638725102706,1.4585888320122117e-31,7.389056205749512,300000,9999835472.997665,0.0,0.0,499,0
4008,2007993,-25954.0,500,False,10542.270550537109,23.150638725102706,1.4585888320122117e-31,7.389056205749512,300000,9999835472.997665,0.0,0.0,499,0
4009,2007994,-25954.0,500,False,10542.270550537109,23.150638725102706,1.4585888320122117e-31,7.389056205749512,300000,9999835472.997665,0.0,0.0,499,0
4010,2007995,-25954.0,500,False,10542.270550537109,23.150638725102706,1.4585888320122117e-31,7.389056205749512,300000,9999835472.997665,0.0,0.0,499,0
4011,2007996,-25954.0,500,False,10542.270550537109,23.150638725102706,1.4585888320122117e-31,7.389056205749512,300000,9999835472.997665,0.0,0.0,499,0
4012,2007997,-25954.0,500,False,10542.270550537109,23.150638725102706,1.4585888320122117e-31,7.389056205749512,300000,9999835472.997665,0.0,0.0,499,0
4013,2007998,-25954.0,500,False,10542.270550537109,23.150638725102706,1.4585888320122117e-31,7.389056205749512,300000,9999835472.997665,0.0,0.0,499,0
4014,2007999,-25954.0,500,False,10542.270550537109,23.150638725102706,1.4585888320122117e-31,7.389056205749512,300000,9999835472.997665,0.0,0.0,499,0
4015,2008000,-25954.0,500,False,10542.270550537109,23.150638725102706,1.4585888320122117e-31,7.389056205749512,300000,9999835472.997665,0.0,0.0,499,0
4016,2015985,-25954.0,500,False,10545.980748046875,23.26386046364339,1.4627438882352058e-31,7.389056205749512,300000,9999835472.997665,0.0,0.0,499,0
4017,2015986,-25954.0,500,False,10545.980748046875,23.26386046364339,1.4627438882352058e-31,7.389056205749512,300000,9999835472.997665,0.0,0.0,499,0
4018,2015987,-25954.0,500,False,10545.980748046875,23.26386046364339,1.4627438882352058e-31,7.389056205749512,300000,9999835472.997665,0.0,0.0,499,0
4019,2015988,-25954.0,500,False,10545.980748046875,23.26386046364339,1.4627438882352058e-31,7.389056205749512,300000,9999835472.997665,0.0,0.0,499,0
4020,2015989,-25954.0,500,False,10545.980748046875,23.26386046364339,1.4627438882352058e-31,7.389056205749512,300000,9999835472.997665,0.0,0.0,499,0
4021,2015990,-25954.0,500,False,10545.980748046875,23.26386046364339,1.4627438882352058e-31,7.389056205749512,300000,9999835472.997665,0.0,0.0,499,0
4022,2015991,-25954.0,500,False,10545.980748046875,23.26386046364339,1.4627438882352058e-31,7.389056205749512,300000,9999835472.997665,0.0,0.0,499,0
4023,2015992,-25954.0,500,False,10545.980748046875,23.26386046364339,1.4627438882352058e-31,7.389056205749512,300000,9999835472.997665,0.0,0.0,499,0
4024,2015993,-25954.0,500,False,10545.980748046875,23.26386046364339,1.4627438882352058e-31,7.389056205749512,300000,9999835472.997665,0.0,0.0,499,0
4025,2015994,-25954.0,500,False,10545.980748046875,23.26386046364339,1.4627438882352058e-31,7.389056205749512,300000,9999835472.997665,0.0,0.0,499,0
4026,2015995,-25954.0,500,False,10545.980748046875,23.26386046364339,1.4627438882352058e-31,7.389056205749512,300000,9999835472.997665,0.0,0.0,499,0
4027,2015996,-25954.0,500,False,10545.980748046875,23.26386046364339,1.4627438882352058e-31,7.389056205749512,300000,9999835472.997665,0.0,0.0,499,0
4028,2015997,-25954.0,500,False,10545.980748046875,23.26386046364339,1.4627438882352058e-31,7.389056205749512,300000,9999835472.997665,0.0,0.0,499,0
4029,2015998,-25954.0,500,False,10545.980748046875,23.26386046364339,1.4627438882352058e-31,7.389056205749512,300000,9999835472.997665,0.0,0.0,499,0
4030,2015999,-25954.0,500,False,10545.980748046875,23.26386046364339,1.4627438882352058e-31,7.389056205749512,300000,9999835472.997665,0.0,0.0,499,0
4031,2016000,-25954.0,500,False,10545.980748046875,23.26386046364339,1.4627438882352058e-31,7.389056205749512,300000,9999835472.997665,0.0,0.0,499,0
4032,2023985,-25954.0,500,False,10550.231032958984,23.90436440174823,1.447335567678316e-31,7.389056205749512,300000,9999835472.997665,0.0,0.0,499,0
4033,2023986,-25954.0,500,False,10550.231032958984,23.90436440174823,1.447335567678316e-31,7.389056205749512,300000,9999835472.997665,0.0,0.0,499,0
4034,2023987,-25954.0,500,False,10550.231032958984,23.90436440174823,1.447335567678316e-31,7.389056205749512,300000,9999835472.997665,0.0,0.0,499,0
4035,2023988,-25954.0,500,False,10550.231032958984,23.90436440174823,1.447335567678316e-31,7.389056205749512,300000,9999835472.997665,0.0,0.0,499,0
4036,2023989,-25954.0,500,False,10550.231032958984,23.90436440174823,1.447335567678316e-31,7.389056205749512,300000,9999835472.997665,0.0,0.0,499,0
4037,2023990,-25954.0,500,False,10550.231032958984,23.90436440174823,1.447335567678316e-31,7.389056205749512,300000,9999835472.997665,0.0,0.0,499,0
4038,2023991,-25954.0,500,False,10550.231032958984,23.90436440174823,1.447335567678316e-31,7.389056205749512,300000,9999835472.997665,0.0,0.0,499,0
4039,2023992,-25954.0,500,False,10550.231032958984,23.90436440174823,1.447335567678316e-31,7.389056205749512,300000,9999835472.997665,0.0,0.0,499,0
4040,2023993,-25954.0,500,False,10550.231032958984,23.90436440174823,1.447335567678316e-31,7.389056205749512,300000,9999835472.997665,0.0,0.0,499,0
4041,2023994,-25954.0,500,False,10550.231032958984,23.90436440174823,1.447335567678316e-31,7.389056205749512,300000,9999835472.997665,0.0,0.0,499,0
4042,2023995,-25954.0,500,False,10550.231032958984,23.90436440174823,1.447335567678316e-31,7.389056205749512,300000,9999835472.997665,0.0,0.0,499,0
4043,2023996,-25954.0,500,False,10550.231032958984,23.90436440174823,1.447335567678316e-31,7.389056205749512,300000,9999835472.997665,0.0,0.0,499,0
4044,2023997,-25954.0,500,False,10550.231032958984,23.90436440174823,1.447335567678316e-31,7.389056205749512,300000,9999835472.997665,0.0,0.0,499,0
4045,2023998,-25954.0,500,False,10550.231032958984,23.90436440174823,1.447335567678316e-31,7.389056205749512,300000,9999835472.997665,0.0,0.0,499,0
4046,2023999,-25954.0,500,False,10550.231032958984,23.90436440174823,1.447335567678316e-31,7.389056205749512,300000,9999835472.997665,0.0,0.0,499,0
4047,2024000,-25954.0,500,False,10550.231032958984,23.90436440174823,1.447335567678316e-31,7.389056205749512,300000,9999835472.997665,0.0,0.0,499,0
4048,2031985,-25954.0,500,False,10553.001626708985,23.183362944543653,1.4662064287773778e-31,7.389056205749512,300000,9999835472.997665,0.0,0.0,499,0
4049,2031986,-25954.0,500,False,10553.001626708985,23.183362944543653,1.4662064287773778e-31,7.389056205749512,300000,9999835472.997665,0.0,0.0,499,0
4050,2031987,-25954.0,500,False,10553.001626708985,23.183362944543653,1.4662064287773778e-31,7.389056205749512,300000,9999835472.997665,0.0,0.0,499,0
4051,2031988,-25954.0,500,False,10553.001626708985,23.183362944543653,1.4662064287773778e-31,7.389056205749512,300000,9999835472.997665,0.0,0.0,499,0
4052,2031989,-25954.0,500,False,10553.001626708985,23.183362944543653,1.4662064287773778e-31,7.389056205749512,300000,9999835472.997665,0.0,0.0,499,0
4053,2031990,-25954.0,500,False,10553.001626708985,23.183362944543653,1.4662064287773778e-31,7.389056205749512,300000,9999835472.997665,0.0,0.0,499,0
4054,2031991,-25954.0,500,False,10553.001626708985,23.183362944543653,1.4662064287773778e-31,7.389056205749512,300000,9999835472.997665,0.0,0.0,499,0
4055,2031992,-25954.0,500,False,10553.001626708985,23.183362944543653,1.4662064287773778e-31,7.389056205749512,300000,9999835472.997665,0.0,0.0,499,0
4056,2031993,-25954.0,500,False,10553.001626708985,23.183362944543653,1.4662064287773778e-31,7.389056205749512,300000,9999835472.997665,0.0,0.0,499,0
4057,2031994,-25954.0,500,False,10553.001626708985,23.183362944543653,1.4662064287773778e-31,7.389056205749512,300000,9999835472.997665,0.0,0.0,499,0
4058,2031995,-25954.0,500,False,10553.001626708985,23.183362944543653,1.4662064287773778e-31,7.389056205749512,300000,9999835472.997665,0.0,0.0,499,0
4059,2031996,-25954.0,500,False,10553.001626708985,23.183362944543653,1.4662064287773778e-31,7.389056205749512,300000,9999835472.997665,0.0,0.0,499,0
4060,2031997,-25954.0,500,False,10553.001626708985,23.183362944543653,1.4662064287773778e-31,7.389056205749512,300000,9999835472.997665,0.0,0.0,499,0
4061,2031998,-25954.0,500,False,10553.001626708985,23.183362944543653,1.4662064287773778e-31,7.389056205749512,300000,9999835472.997665,0.0,0.0,499,0
4062,2031999,-25954.0,500,False,10553.001626708985,23.183362944543653,1.4662064287773778e-31,7.389056205749512,300000,9999835472.997665,0.0,0.0,499,0
4063,2032000,-25954.0,500,False,10553.001626708985,23.183362944543653,1.4662064287773778e-31,7.389056205749512,300000,9999835472.997665,0.0,0.0,499,0
4064,2039985,-25954.0,500,False,10556.270904785157,23.701928646342015,1.4715733730622085e-31,7.389056205749512,300000,9999835472.997665,0.0,0.0,499,0
4065,2039986,-25954.0,500,False,10556.270904785157,23.701928646342015,1.4715733730622085e-31,7.389056205749512,300000,9999835472.997665,0.0,0.0,499,0
4066,2039987,-25954.0,500,False,10556.270904785157,23.701928646342015,1.4715733730622085e-31,7.389056205749512,300000,9999835472.997665,0.0,0.0,499,0
4067,2039988,-25954.0,500,False,10556.270904785157,23.701928646342015,1.4715733730622085e-31,7.389056205749512,300000,9999835472.997665,0.0,0.0,499,0
4068,2039989,-25954.0,500,False,10556.270904785157,23.701928646342015,1.4715733730622085e-31,7.389056205749512,300000,9999835472.997665,0.0,0.0,499,0
4069,2039990,-25954.0,500,False,10556.270904785157,23.701928646342015,1.4715733730622085e-31,7.389056205749512,300000,9999835472.997665,0.0,0.0,499,0
4070,2039991,-25954.0,500,False,10556.270904785157,23.701928646342015,1.4715733730622085e-31,7.389056205749512,300000,9999835472.997665,0.0,0.0,499,0
4071,2039992,-25954.0,500,False,10556.270904785157,23.701928646342015,1.4715733730622085e-31,7.389056205749512,300000,9999835472.997665,0.0,0.0,499,0
4072,2039993,-25954.0,500,False,10556.270904785157,23.701928646342015,1.4715733730622085e-31,7.389056205749512,300000,9999835472.997665,0.0,0.0,499,0
4073,2039994,-25954.0,500,False,10556.270904785157,23.701928646342015,1.4715733730622085e-31,7.389056205749512,300000,9999835472.997665,0.0,0.0,499,0
4074,2039995,-25954.0,500,False,10556.270904785157,23.701928646342015,1.4715733730622085e-31,7.389056205749512,300000,9999835472.997665,0.0,0.0,499,0
4075,2039996,-25954.0,500,False,10556.270904785157,23.701928646342015,1.4715733730622085e-31,7.389056205749512,300000,9999835472.997665,0.0,0.0,499,0
4076,2039997,-25954.0,500,False,10556.270904785157,23.701928646342015,1.4715733730622085e-31,7.389056205749512,300000,9999835472.997665,0.0,0.0,499,0
4077,2039998,-25954.0,500,False,10556.270904785157,23.701928646342015,1.4715733730622085e-31,7.389056205749512,300000,9999835472.997665,0.0,0.0,499,0
4078,2039999,-25954.0,500,False,10556.270904785157,23.701928646342015,1.4715733730622085e-31,7.389056205749512,300000,9999835472.997665,0.0,0.0,499,0
4079,2040000,-25954.0,500,False,10556.270904785157,23.701928646342015,1.4715733730622085e-31,7.389056205749512,300000,9999835472.997665,0.0,0.0,499,0
4080,2047985,-25954.0,500,False,10559.710642333985,23.3026202377617,1.4696689725521594e-31,7.389056205749512,300000,9999835472.997665,0.0,0.0,499,0
4081,2047986,-25954.0,500,False,10559.710642333985,23.3026202377617,1.4696689725521594e-31,7.389056205749512,300000,9999835472.997665,0.0,0.0,499,0
4082,2047987,-25954.0,500,False,10559.710642333985,23.3026202377617,1.4696689725521594e-31,7.389056205749512,300000,9999835472.997665,0.0,0.0,499,0
4083,2047988,-25954.0,500,False,10559.710642333985,23.3026202377617,1.4696689725521594e-31,7.389056205749512,300000,9999835472.997665,0.0,0.0,499,0
4084,2047989,-25954.0,500,False,10559.710642333985,23.3026202377617,1.4696689725521594e-31,7.389056205749512,300000,9999835472.997665,0.0,0.0,499,0
4085,2047990,-25954.0,500,False,10559.710642333985,23.3026202377617,1.4696689725521594e-31,7.389056205749512,300000,9999835472.997665,0.0,0.0,499,0
4086,2047991,-25954.0,500,False,10559.710642333985,23.3026202377617,1.4696689725521594e-31,7.389056205749512,300000,9999835472.997665,0.0,0.0,499,0
4087,2047992,-25954.0,500,False,10559.710642333985,23.3026202377617,1.4696689725521594e-31,7.389056205749512,300000,9999835472.997665,0.0,0.0,499,0
4088,2047993,-25954.0,500,False,10559.710642333985,23.3026202377617,1.4696689725521594e-31,7.389056205749512,300000,9999835472.997665,0.0,0.0,499,0
4089,2047994,-25954.0,500,False,10559.710642333985,23.3026202377617,1.4696689725521594e-31,7.389056205749512,300000,9999835472.997665,0.0,0.0,499,0
4090,2047995,-25954.0,500,False,10559.710642333985,23.3026202377617,1.4696689725521594e-31,7.389056205749512,300000,9999835472.997665,0.0,0.0,499,0
4091,2047996,-25954.0,500,False,10559.710642333985,23.3026202377617,1.4696689725521594e-31,7.389056205749512,300000,9999835472.997665,0.0,0.0,499,0
4092,2047997,-25954.0,500,False,10559.710642333985,23.3026202377617,1.4696689725521594e-31,7.389056205749512,300000,9999835472.997665,0.0,0.0,499,0
4093,2047998,-25954.0,500,False,10559.710642333985,23.3026202377617,1.4696689725521594e-31,7.389056205749512,300000,9999835472.997665,0.0,0.0,499,0
4094,2047999,-25954.0,500,False,10559.710642333985,23.3026202377617,1.4696689725521594e-31,7.389056205749512,300000,9999835472.997665,0.0,0.0,499,0
4095,2048000,-25954.0,500,False,10559.710642333985,23.3026202377617,1.4696689725521594e-31,7.389056205749512,300000,9999835472.997665,0.0,0.0,499,0
4096,2055985,-25954.0,500,False,10563.025658935547,23.28080922494357,1.4753821700837895e-31,7.389056205749512,300000,9999835472.997665,0.0,0.0,499,0
4097,2055986,-25954.0,500,False,10563.025658935547,23.28080922494357,1.4753821700837895e-31,7.389056205749512,300000,9999835472.997665,0.0,0.0,499,0
4098,2055987,-25954.0,500,False,10563.025658935547,23.28080922494357,1.4753821700837895e-31,7.389056205749512,300000,9999835472.997665,0.0,0.0,499,0
4099,2055988,-25954.0,500,False,10563.025658935547,23.28080922494357,1.4753821700837895e-31,7.389056205749512,300000,9999835472.997665,0.0,0.0,499,0
4100,2055989,-25954.0,500,False,10563.025658935547,23.28080922494357,1.4753821700837895e-31,7.389056205749512,300000,9999835472.997665,0.0,0.0,499,0
4101,2055990,-25954.0,500,False,10563.025658935547,23.28080922494357,1.4753821700837895e-31,7.389056205749512,300000,9999835472.997665,0.0,0.0,499,0
4102,2055991,-25954.0,500,False,10563.025658935547,23.28080922494357,1.4753821700837895e-31,7.389056205749512,300000,9999835472.997665,0.0,0.0,499,0
4103,2055992,-25954.0,500,False,10563.025658935547,23.28080922494357,1.4753821700837895e-31,7.389056205749512,300000,9999835472.997665,0.0,0.0,499,0
4104,2055993,-25954.0,500,False,10563.025658935547,23.28080922494357,1.4753821700837895e-31,7.389056205749512,300000,9999835472.997665,0.0,0.0,499,0
4105,2055994,-25954.0,500,False,10563.025658935547,23.28080922494357,1.4753821700837895e-31,7.389056205749512,300000,9999835472.997665,0.0,0.0,499,0
4106,2055995,-25954.0,500,False,10563.025658935547,23.28080922494357,1.4753821700837895e-31,7.389056205749512,300000,9999835472.997665,0.0,0.0,499,0
4107,2055996,-25954.0,500,False,10563.025658935547,23.28080922494357,1.4753821700837895e-31,7.389056205749512,300000,9999835472.997665,0.0,0.0,499,0
4108,2055997,-25954.0,500,False,10563.025658935547,23.28080922494357,1.4753821700837895e-31,7.389056205749512,300000,9999835472.997665,0.0,0.0,499,0
4109,2055998,-25954.0,500,False,10563.025658935547,23.28080922494357,1.4753821700837895e-31,7.389056205749512,300000,9999835472.997665,0.0,0.0,499,0
4110,2055999,-25954.0,500,False,10563.025658935547,23.28080922494357,1.4753821700837895e-31,7.389056205749512,300000,9999835472.997665,0.0,0.0,499,0
4111,2056000,-25954.0,500,False,10563.025658935547,23.28080922494357,1.4753821700837895e-31,7.389056205749512,300000,9999835472.997665,0.0,0.0,499,0
4112,2063985,-25954.0,500,False,10562.84011352539,23.07850503287616,1.4634363963680685e-31,7.389056205749512,300000,9999835472.997665,0.0,0.0,499,0
4113,2063986,-25954.0,500,False,10562.84011352539,23.07850503287616,1.4634363963680685e-31,7.389056205749512,300000,9999835472.997665,0.0,0.0,499,0
4114,2063987,-25954.0,500,False,10562.84011352539,23.07850503287616,1.4634363963680685e-31,7.389056205749512,300000,9999835472.997665,0.0,0.0,499,0
4115,2063988,-25954.0,500,False,10562.84011352539,23.07850503287616,1.4634363963680685e-31,7.389056205749512,300000,9999835472.997665,0.0,0.0,499,0
4116,2063989,-25954.0,500,False,10562.84011352539,23.07850503287616,1.4634363963680685e-31,7.389056205749512,300000,9999835472.997665,0.0,0.0,499,0
4117,2063990,-25954.0,500,False,10562.84011352539,23.07850503287616,1.4634363963680685e-31,7.389056205749512,300000,9999835472.997665,0.0,0.0,499,0
4118,2063991,-25954.0,500,False,10562.84011352539,23.07850503287616,1.4634363963680685e-31,7.389056205749512,300000,9999835472.997665,0.0,0.0,499,0
4119,2063992,-25954.0,500,False,10562.84011352539,23.07850503287616,1.4634363963680685e-31,7.389056205749512,300000,9999835472.997665,0.0,0.0,499,0
4120,2063993,-25954.0,500,False,10562.84011352539,23.07850503287616,1.4634363963680685e-31,7.389056205749512,300000,9999835472.997665,0.0,0.0,499,0
4121,2063994,-25954.0,500,False,10562.84011352539,23.07850503287616,1.4634363963680685e-31,7.389056205749512,300000,9999835472.997665,0.0,0.0,499,0
4122,2063995,-25954.0,500,False,10562.84011352539,23.07850503287616,1.4634363963680685e-31,7.389056205749512,300000,9999835472.997665,0.0,0.0,499,0
4123,2063996,-25954.0,500,False,10562.84011352539,23.07850503287616,1.4634363963680685e-31,7.389056205749512,300000,9999835472.997665,0.0,0.0,499,0
4124,2063997,-25954.0,500,False,10562.84011352539,23.07850503287616,1.4634363963680685e-31,7.389056205749512,300000,9999835472.997665,0.0,0.0,499,0
4125,2063998,-25954.0,500,False,10562.84011352539,23.07850503287616,1.4634363963680685e-31,7.389056205749512,300000,9999835472.997665,0.0,0.0,499,0
4126,2063999,-25954.0,500,False,10562.84011352539,23.07850503287616,1.4634363963680685e-31,7.389056205749512,300000,9999835472.997665,0.0,0.0,499,0
4127,2064000,-25954.0,500,False,10562.84011352539,23.07850503287616,1.4634363963680685e-31,7.389056205749512,300000,9999835472.997665,0.0,0.0,499,0
4128,2071985,-25954.0,500,False,10561.69300756836,22.8812612979596,1.4677645745841165e-31,7.389056205749512,300000,9999835472.997665,0.0,0.0,499,0
4129,2071986,-25954.0,500,False,10561.69300756836,22.8812612979596,1.4677645745841165e-31,7.389056205749512,300000,9999835472.997665,0.0,0.0,499,0
4130,2071987,-25954.0,500,False,10561.69300756836,22.8812612979596,1.4677645745841165e-31,7.389056205749512,300000,9999835472.997665,0.0,0.0,499,0
4131,2071988,-25954.0,500,False,10561.69300756836,22.8812612979596,1.4677645745841165e-31,7.389056205749512,300000,9999835472.997665,0.0,0.0,499,0
4132,2071989,-25954.0,500,False,10561.69300756836,22.8812612979596,1.4677645745841165e-31,7.389056205749512,300000,9999835472.997665,0.0,0.0,499,0
4133,2071990,-25954.0,500,False,10561.69300756836,22.8812612979596,1.4677645745841165e-31,7.389056205749512,300000,9999835472.997665,0.0,0.0,499,0
4134,2071991,-25954.0,500,False,10561.69300756836,22.8812612979596,1.4677645745841165e-31,7.389056205749512,300000,9999835472.997665,0.0,0.0,499,0
4135,2071992,-25954.0,500,False,10561.69300756836,22.8812612979596,1.4677645745841165e-31,7.389056205749512,300000,9999835472.997665,0.0,0.0,499,0
4136,2071993,-25954.0,500,False,10561.69300756836,22.8812612979596,1.4677645745841165e-31,7.389056205749512,300000,9999835472.997665,0.0,0.0,499,0
4137,2071994,-25954.0,500,False,10561.69300756836,22.8812612979596,1.4677645745841165e-31,7.389056205749512,300000,9999835472.997665,0.0,0.0,499,0
4138,2071995,-25954.0,500,False,10561.69300756836,22.8812612979596,1.4677645745841165e-31,7.389056205749512,300000,9999835472.997665,0.0,0.0,499,0
4139,2071996,-25954.0,500,False,10561.69300756836,22.8812612979596,1.4677645745841165e-31,7.389056205749512,300000,9999835472.997665,0.0,0.0,499,0
4140,2071997,-25954.0,500,False,10561.69300756836,22.8812612979596,1.4677645745841165e-31,7.389056205749512,300000,9999835472.997665,0.0,0.0,499,0
4141,2071998,-25954.0,500,False,10561.69300756836,22.8812612979596,1.4677645745841165e-31,7.389056205749512,300000,9999835472.997665,0.0,0.0,499,0
4142,2071999,-25954.0,500,False,10561.69300756836,22.8812612979596,1.4677645745841165e-31,7.389056205749512,300000,9999835472.997665,0.0,0.0,499,0
4143,2072000,-25954.0,500,False,10561.69300756836,22.8812612979596,1.4677645745841165e-31,7.389056205749512,300000,9999835472.997665,0.0,0.0,499,0
4144,2079985,-25954.0,500,False,10563.290258300782,22.79519894373283,1.469668971920331e-31,7.389056205749512,300000,9999835472.997665,0.0,0.0,499,0
4145,2079986,-25954.0,500,False,10563.290258300782,22.79519894373283,1.469668971920331e-31,7.389056205749512,300000,9999835472.997665,0.0,0.0,499,0
4146,2079987,-25954.0,500,False,10563.290258300782,22.79519894373283,1.469668971920331e-31,7.389056205749512,300000,9999835472.997665,0.0,0.0,499,0
4147,2079988,-25954.0,500,False,10563.290258300782,22.79519894373283,1.469668971920331e-31,7.389056205749512,300000,9999835472.997665,0.0,0.0,499,0
4148,2079989,-25954.0,500,False,10563.290258300782,22.79519894373283,1.469668971920331e-31,7.389056205749512,300000,9999835472.997665,0.0,0.0,499,0
4149,2079990,-25954.0,500,False,10563.290258300782,22.79519894373283,1.469668971920331e-31,7.389056205749512,300000,9999835472.997665,0.0,0.0,499,0
4150,2079991,-25954.0,500,False,10563.290258300782,22.79519894373283,1.469668971920331e-31,7.389056205749512,300000,9999835472.997665,0.0,0.0,499,0
4151,2079992,-25954.0,500,False,10563.290258300782,22.79519894373283,1.469668971920331e-31,7.389056205749512,300000,9999835472.997665,0.0,0.0,499,0
4152,2079993,-25954.0,500,False,10563.290258300782,22.79519894373283,1.469668971920331e-31,7.389056205749512,300000,9999835472.997665,0.0,0.0,499,0
4153,2079994,-25954.0,500,False,10563.290258300782,22.79519894373283,1.469668971920331e-31,7.389056205749512,300000,9999835472.997665,0.0,0.0,499,0
4154,2079995,-25954.0,500,False,10563.290258300782,22.79519894373283,1.469668971920331e-31,7.389056205749512,300000,9999835472.997665,0.0,0.0,499,0
4155,2079996,-25954.0,500,False,10563.290258300782,22.79519894373283,1.469668971920331e-31,7.389056205749512,300000,9999835472.997665,0.0,0.0,499,0
4156,2079997,-25954.0,500,False,10563.290258300782,22.79519894373283,1.469668971920331e-31,7.389056205749512,300000,9999835472.997665,0.0,0.0,499,0
4157,2079998,-25954.0,500,False,10563.290258300782,22.79519894373283,1.469668971920331e-31,7.389056205749512,300000,9999835472.997665,0.0,0.0,499,0
4158,2079999,-25954.0,500,False,10563.290258300782,22.79519894373283,1.469668971920331e-31,7.389056205749512,300000,9999835472.997665,0.0,0.0,499,0
4159,2080000,-25954.0,500,False,10563.290258300782,22.79519894373283,1.469668971920331e-31,7.389056205749512,300000,9999835472.997665,0.0,0.0,499,0
4160,2087985,-25954.0,500,False,10564.230373046876,23.00958442623599,1.4719196255210594e-31,7.389056205749512,300000,9999835472.997665,0.0,0.0,499,0
4161,2087986,-25954.0,500,False,10564.230373046876,23.00958442623599,1.4719196255210594e-31,7.389056205749512,300000,9999835472.997665,0.0,0.0,499,0
4162,2087987,-25954.0,500,False,10564.230373046876,23.00958442623599,1.4719196255210594e-31,7.389056205749512,300000,9999835472.997665,0.0,0.0,499,0
4163,2087988,-25954.0,500,False,10564.230373046876,23.00958442623599,1.4719196255210594e-31,7.389056205749512,300000,9999835472.997665,0.0,0.0,499,0
4164,2087989,-25954.0,500,False,10564.230373046876,23.00958442623599,1.4719196255210594e-31,7.389056205749512,300000,9999835472.997665,0.0,0.0,499,0
4165,2087990,-25954.0,500,False,10564.230373046876,23.00958442623599,1.4719196255210594e-31,7.389056205749512,300000,9999835472.997665,0.0,0.0,499,0
4166,2087991,-25954.0,500,False,10564.230373046876,23.00958442623599,1.4719196255210594e-31,7.389056205749512,300000,9999835472.997665,0.0,0.0,499,0
4167,2087992,-25954.0,500,False,10564.230373046876,23.00958442623599,1.4719196255210594e-31,7.389056205749512,300000,9999835472.997665,0.0,0.0,499,0
4168,2087993,-25954.0,500,False,10564.230373046876,23.00958442623599,1.4719196255210594e-31,7.389056205749512,300000,9999835472.997665,0.0,0.0,499,0
4169,2087994,-25954.0,500,False,10564.230373046876,23.00958442623599,1.4719196255210594e-31,7.389056205749512,300000,9999835472.997665,0.0,0.0,499,0
4170,2087995,-25954.0,500,False,10564.230373046876,23.00958442623599,1.4719196255210594e-31,7.389056205749512,300000,9999835472.997665,0.0,0.0,499,0
4171,2087996,-25954.0,500,False,10564.230373046876,23.00958442623599,1.4719196255210594e-31,7.389056205749512,300000,9999835472.997665,0.0,0.0,499,0
4172,2087997,-25954.0,500,False,10564.230373046876,23.00958442623599,1.4719196255210594e-31,7.389056205749512,300000,9999835472.997665,0.0,0.0,499,0
4173,2087998,-25954.0,500,False,10564.230373046876,23.00958442623599,1.4719196255210594e-31,7.389056205749512,300000,9999835472.997665,0.0,0.0,499,0
4174,2087999,-25954.0,500,False,10564.230373046876,23.00958442623599,1.4719196255210594e-31,7.389056205749512,300000,9999835472.997665,0.0,0.0,499,0
4175,2088000,-25954.0,500,False,10564.230373046876,23.00958442623599,1.4719196255210594e-31,7.389056205749512,300000,9999835472.997665,0.0,0.0,499,0
4176,2095985,-25954.0,500,False,10565.186939208985,22.955079161314178,1.4868085652122533e-31,7.389056205749512,300000,9999835472.997665,0.0,0.0,499,0
4177,2095986,-25954.0,500,False,10565.186939208985,22.955079161314178,1.4868085652122533e-31,7.389056205749512,300000,9999835472.997665,0.0,0.0,499,0
4178,2095987,-25954.0,500,False,10565.186939208985,22.955079161314178,1.4868085652122533e-31,7.389056205749512,300000,9999835472.997665,0.0,0.0,499,0
4179,2095988,-25954.0,500,False,10565.186939208985,22.955079161314178,1.4868085652122533e-31,7.389056205749512,300000,9999835472.997665,0.0,0.0,499,0
4180,2095989,-25954.0,500,False,10565.186939208985,22.955079161314178,1.4868085652122533e-31,7.389056205749512,300000,9999835472.997665,0.0,0.0,499,0
4181,2095990,-25954.0,500,False,10565.186939208985,22.955079161314178,1.4868085652122533e-31,7.389056205749512,300000,9999835472.997665,0.0,0.0,499,0
4182,2095991,-25954.0,500,False,10565.186939208985,22.955079161314178,1.4868085652122533e-31,7.389056205749512,300000,9999835472.997665,0.0,0.0,499,0
4183,2095992,-25954.0,500,False,10565.186939208985,22.955079161314178,1.4868085652122533e-31,7.389056205749512,300000,9999835472.997665,0.0,0.0,499,0
4184,2095993,-25954.0,500,False,10565.186939208985,22.955079161314178,1.4868085652122533e-31,7.389056205749512,300000,9999835472.997665,0.0,0.0,499,0
4185,2095994,-25954.0,500,False,10565.186939208985,22.955079161314178,1.4868085652122533e-31,7.389056205749512,300000,9999835472.997665,0.0,0.0,499,0
4186,2095995,-25954.0,500,False,10565.186939208985,22.955079161314178,1.4868085652122533e-31,7.389056205749512,300000,9999835472.997665,0.0,0.0,499,0
4187,2095996,-25954.0,500,False,10565.186939208985,22.955079161314178,1.4868085652122533e-31,7.389056205749512,300000,9999835472.997665,0.0,0.0,499,0
4188,2095997,-25954.0,500,False,10565.186939208985,22.955079161314178,1.4868085652122533e-31,7.389056205749512,300000,9999835472.997665,0.0,0.0,499,0
4189,2095998,-25954.0,500,False,10565.186939208985,22.955079161314178,1.4868085652122533e-31,7.389056205749512,300000,9999835472.997665,0.0,0.0,499,0
4190,2095999,-25954.0,500,False,10565.186939208985,22.955079161314178,1.4868085652122533e-31,7.389056205749512,300000,9999835472.997665,0.0,0.0,499,0
4191,2096000,-25954.0,500,False,10565.186939208985,22.955079161314178,1.4868085652122533e-31,7.389056205749512,300000,9999835472.997665,0.0,0.0,499,0
4192,2103985,-25954.0,500,False,10565.478583984375,22.97355551850307,1.470880864409557e-31,7.389056205749512,300000,9999835472.997665,0.0,0.0,499,0
4193,2103986,-25954.0,500,False,10565.478583984375,22.97355551850307,1.470880864409557e-31,7.389056205749512,300000,9999835472.997665,0.0,0.0,499,0
4194,2103987,-25954.0,500,False,10565.478583984375,22.97355551850307,1.470880864409557e-31,7.389056205749512,300000,9999835472.997665,0.0,0.0,499,0
4195,2103988,-25954.0,500,False,10565.478583984375,22.97355551850307,1.470880864409557e-31,7.389056205749512,300000,9999835472.997665,0.0,0.0,499,0
4196,2103989,-25954.0,500,False,10565.478583984375,22.97355551850307,1.470880864409557e-31,7.389056205749512,300000,9999835472.997665,0.0,0.0,499,0
4197,2103990,-25954.0,500,False,10565.478583984375,22.97355551850307,1.470880864409557e-31,7.389056205749512,300000,9999835472.997665,0.0,0.0,499,0
4198,2103991,-25954.0,500,False,10565.478583984375,22.97355551850307,1.470880864409557e-31,7.389056205749512,300000,9999835472.997665,0.0,0.0,499,0
4199,2103992,-25954.0,500,False,10565.478583984375,22.97355551850307,1.470880864409557e-31,7.389056205749512,300000,9999835472.997665,0.0,0.0,499,0
4200,2103993,-25954.0,500,False,10565.478583984375,22.97355551850307,1.470880864409557e-31,7.389056205749512,300000,9999835472.997665,0.0,0.0,499,0
4201,2103994,-25954.0,500,False,10565.478583984375,22.97355551850307,1.470880864409557e-31,7.389056205749512,300000,9999835472.997665,0.0,0.0,499,0
4202,2103995,-25954.0,500,False,10565.478583984375,22.97355551850307,1.470880864409557e-31,7.389056205749512,300000,9999835472.997665,0.0,0.0,499,0
4203,2103996,-25954.0,500,False,10565.478583984375,22.97355551850307,1.470880864409557e-31,7.389056205749512,300000,9999835472.997665,0.0,0.0,499,0
4204,2103997,-25954.0,500,False,10565.478583984375,22.97355551850307,1.470880864409557e-31,7.389056205749512,300000,9999835472.997665,0.0,0.0,499,0
4205,2103998,-25954.0,500,False,10565.478583984375,22.97355551850307,1.470880864409557e-31,7.389056205749512,300000,9999835472.997665,0.0,0.0,499,0
4206,2103999,-25954.0,500,False,10565.478583984375,22.97355551850307,1.470880864409557e-31,7.389056205749512,300000,9999835472.997665,0.0,0.0,499,0
4207,2104000,-25954.0,500,False,10565.478583984375,22.97355551850307,1.470880864409557e-31,7.389056205749512,300000,9999835472.997665,0.0,0.0,499,0
4208,2111985,-25954.0,500,False,10565.590895263671,22.831440832606518,1.4535681459709499e-31,7.389056205749512,300000,9999835472.997665,0.0,0.0,499,0
4209,2111986,-25954.0,500,False,10565.590895263671,22.831440832606518,1.4535681459709499e-31,7.389056205749512,300000,9999835472.997665,0.0,0.0,499,0
4210,2111987,-25954.0,500,False,10565.590895263671,22.831440832606518,1.4535681459709499e-31,7.389056205749512,300000,9999835472.997665,0.0,0.0,499,0
4211,2111988,-25954.0,500,False,10565.590895263671,22.831440832606518,1.4535681459709499e-31,7.389056205749512,300000,9999835472.997665,0.0,0.0,499,0
4212,2111989,-25954.0,500,False,10565.590895263671,22.831440832606518,1.4535681459709499e-31,7.389056205749512,300000,9999835472.997665,0.0,0.0,499,0
4213,2111990,-25954.0,500,False,10565.590895263671,22.831440832606518,1.4535681459709499e-31,7.389056205749512,300000,9999835472.997665,0.0,0.0,499,0
4214,2111991,-25954.0,500,False,10565.590895263671,22.831440832606518,1.4535681459709499e-31,7.389056205749512,300000,9999835472.997665,0.0,0.0,499,0
4215,2111992,-25954.0,500,False,10565.590895263671,22.831440832606518,1.4535681459709499e-31,7.389056205749512,300000,9999835472.997665,0.0,0.0,499,0
4216,2111993,-25954.0,500,False,10565.590895263671,22.831440832606518,1.4535681459709499e-31,7.389056205749512,300000,9999835472.997665,0.0,0.0,499,0
4217,2111994,-25954.0,500,False,10565.590895263671,22.831440832606518,1.4535681459709499e-31,7.389056205749512,300000,9999835472.997665,0.0,0.0,499,0
4218,2111995,-25954.0,500,False,10565.590895263671,22.831440832606518,1.4535681459709499e-31,7.389056205749512,300000,9999835472.997665,0.0,0.0,499,0
4219,2111996,-25954.0,500,False,10565.590895263671,22.831440832606518,1.4535681459709499e-31,7.389056205749512,300000,9999835472.997665,0.0,0.0,499,0
4220,2111997,-25954.0,500,False,10565.590895263671,22.831440832606518,1.4535681459709499e-31,7.389056205749512,300000,9999835472.997665,0.0,0.0,499,0
4221,2111998,-25954.0,500,False,10565.590895263671,22.831440832606518,1.4535681459709499e-31,7.389056205749512,300000,9999835472.997665,0.0,0.0,499,0
4222,2111999,-25954.0,500,False,10565.590895263671,22.831440832606518,1.4535681459709499e-31,7.389056205749512,300000,9999835472.997665,0.0,0.0,499,0
4223,2112000,-25954.0,500,False,10565.590895263671,22.831440832606518,1.4535681459709499e-31,7.389056205749512,300000,9999835472.997665,0.0,0.0,499,0
4224,2119985,-25954.0,500,False,10567.711859619141,22.672281747488828,1.4937336522649862e-31,7.389056205749512,300000,9999835472.997665,0.0,0.0,499,0
4225,2119986,-25954.0,500,False,10567.711859619141,22.672281747488828,1.4937336522649862e-31,7.389056205749512,300000,9999835472.997665,0.0,0.0,499,0
4226,2119987,-25954.0,500,False,10567.711859619141,22.672281747488828,1.4937336522649862e-31,7.389056205749512,300000,9999835472.997665,0.0,0.0,499,0
4227,2119988,-25954.0,500,False,10567.711859619141,22.672281747488828,1.4937336522649862e-31,7.389056205749512,300000,9999835472.997665,0.0,0.0,499,0
4228,2119989,-25954.0,500,False,10567.711859619141,22.672281747488828,1.4937336522649862e-31,7.389056205749512,300000,9999835472.997665,0.0,0.0,499,0
4229,2119990,-25954.0,500,False,10567.711859619141,22.672281747488828,1.4937336522649862e-31,7.389056205749512,300000,9999835472.997665,0.0,0.0,499,0
4230,2119991,-25954.0,500,False,10567.711859619141,22.672281747488828,1.4937336522649862e-31,7.389056205749512,300000,9999835472.997665,0.0,0.0,499,0
4231,2119992,-25954.0,500,False,10567.711859619141,22.672281747488828,1.4937336522649862e-31,7.389056205749512,300000,9999835472.997665,0.0,0.0,499,0
4232,2119993,-25954.0,500,False,10567.711859619141,22.672281747488828,1.4937336522649862e-31,7.389056205749512,300000,9999835472.997665,0.0,0.0,499,0
4233,2119994,-25954.0,500,False,10567.711859619141,22.672281747488828,1.4937336522649862e-31,7.389056205749512,300000,9999835472.997665,0.0,0.0,499,0
4234,2119995,-25954.0,500,False,10567.711859619141,22.672281747488828,1.4937336522649862e-31,7.389056205749512,300000,9999835472.997665,0.0,0.0,499,0
4235,2119996,-25954.0,500,False,10567.711859619141,22.672281747488828,1.4937336522649862e-31,7.389056205749512,300000,9999835472.997665,0.0,0.0,499,0
4236,2119997,-25954.0,500,False,10567.711859619141,22.672281747488828,1.4937336522649862e-31,7.389056205749512,300000,9999835472.997665,0.0,0.0,499,0
4237,2119998,-25954.0,500,False,10567.711859619141,22.672281747488828,1.4937336522649862e-31,7.389056205749512,300000,9999835472.997665,0.0,0.0,499,0
4238,2119999,-25954.0,500,False,10567.711859619141,22.672281747488828,1.4937336522649862e-31,7.389056205749512,300000,9999835472.997665,0.0,0.0,499,0
4239,2120000,-25954.0,500,False,10567.711859619141,22.672281747488828,1.4937336522649862e-31,7.389056205749512,300000,9999835472.997665,0.0,0.0,499,0
4240,2127985,-25954.0,500,False,10568.987964111328,22.550081149236124,1.4643020303648512e-31,7.389056205749512,300000,9999835472.997665,0.0,0.0,499,0
4241,2127986,-25954.0,500,False,10568.987964111328,22.550081149236124,1.4643020303648512e-31,7.389056205749512,300000,9999835472.997665,0.0,0.0,499,0
4242,2127987,-25954.0,500,False,10568.987964111328,22.550081149236124,1.4643020303648512e-31,7.389056205749512,300000,9999835472.997665,0.0,0.0,499,0
4243,2127988,-25954.0,500,False,10568.987964111328,22.550081149236124,1.4643020303648512e-31,7.389056205749512,300000,9999835472.997665,0.0,0.0,499,0
4244,2127989,-25954.0,500,False,10568.987964111328,22.550081149236124,1.4643020303648512e-31,7.389056205749512,300000,9999835472.997665,0.0,0.0,499,0
4245,2127990,-25954.0,500,False,10568.987964111328,22.550081149236124,1.4643020303648512e-31,7.389056205749512,300000,9999835472.997665,0.0,0.0,499,0
4246,2127991,-25954.0,500,False,10568.987964111328,22.550081149236124,1.4643020303648512e-31,7.389056205749512,300000,9999835472.997665,0.0,0.0,499,0
4247,2127992,-25954.0,500,False,10568.987964111328,22.550081149236124,1.4643020303648512e-31,7.389056205749512,300000,9999835472.997665,0.0,0.0,499,0
4248,2127993,-25954.0,500,False,10568.987964111328,22.550081149236124,1.4643020303648512e-31,7.389056205749512,300000,9999835472.997665,0.0,0.0,499,0
4249,2127994,-25954.0,500,False,10568.987964111328,22.550081149236124,1.4643020303648512e-31,7.389056205749512,300000,9999835472.997665,0.0,0.0,499,0
4250,2127995,-25954.0,500,False,10568.987964111328,22.550081149236124,1.4643020303648512e-31,7.389056205749512,300000,9999835472.997665,0.0,0.0,499,0
4251,2127996,-25954.0,500,False,10568.987964111328,22.550081149236124,1.4643020303648512e-31,7.389056205749512,300000,9999835472.997665,0.0,0.0,499,0
4252,2127997,-25954.0,500,False,10568.987964111328,22.550081149236124,1.4643020303648512e-31,7.389056205749512,300000,9999835472.997665,0.0,0.0,499,0
4253,2127998,-25954.0,500,False,10568.987964111328,22.550081149236124,1.4643020303648512e-31,7.389056205749512,300000,9999835472.997665,0.0,0.0,499,0
4254,2127999,-25954.0,500,False,10568.987964111328,22.550081149236124,1.4643020303648512e-31,7.389056205749512,300000,9999835472.997665,0.0,0.0,499,0
4255,2128000,-25954.0,500,False,10568.987964111328,22.550081149236124,1.4643020303648512e-31,7.389056205749512,300000,9999835472.997665,0.0,0.0,499,0
4256,2135985,-25954.0,500,False,10570.30834790039,22.855239718556113,1.4528756382063475e-31,7.389056205749512,300000,9999835472.997665,0.0,0.0,499,0
4257,2135986,-25954.0,500,False,10570.30834790039,22.855239718556113,1.4528756382063475e-31,7.389056205749512,300000,9999835472.997665,0.0,0.0,499,0
4258,2135987,-25954.0,500,False,10570.30834790039,22.855239718556113,1.4528756382063475e-31,7.389056205749512,300000,9999835472.997665,0.0,0.0,499,0
4259,2135988,-25954.0,500,False,10570.30834790039,22.855239718556113,1.4528756382063475e-31,7.389056205749512,300000,9999835472.997665,0.0,0.0,499,0
4260,2135989,-25954.0,500,False,10570.30834790039,22.855239718556113,1.4528756382063475e-31,7.389056205749512,300000,9999835472.997665,0.0,0.0,499,0
4261,2135990,-25954.0,500,False,10570.30834790039,22.855239718556113,1.4528756382063475e-31,7.389056205749512,300000,9999835472.997665,0.0,0.0,499,0
4262,2135991,-25954.0,500,False,10570.30834790039,22.855239718556113,1.4528756382063475e-31,7.389056205749512,300000,9999835472.997665,0.0,0.0,499,0
4263,2135992,-25954.0,500,False,10570.30834790039,22.855239718556113,1.4528756382063475e-31,7.389056205749512,300000,9999835472.997665,0.0,0.0,499,0
4264,2135993,-25954.0,500,False,10570.30834790039,22.855239718556113,1.4528756382063475e-31,7.389056205749512,300000,9999835472.997665,0.0,0.0,499,0
4265,2135994,-25954.0,500,False,10570.30834790039,22.855239718556113,1.4528756382063475e-31,7.389056205749512,300000,9999835472.997665,0.0,0.0,499,0
4266,2135995,-25954.0,500,False,10570.30834790039,22.855239718556113,1.4528756382063475e-31,7.389056205749512,300000,9999835472.997665,0.0,0.0,499,0
4267,2135996,-25954.0,500,False,10570.30834790039,22.855239718556113,1.4528756382063475e-31,7.389056205749512,300000,9999835472.997665,0.0,0.0,499,0
4268,2135997,-25954.0,500,False,10570.30834790039,22.855239718556113,1.4528756382063475e-31,7.389056205749512,300000,9999835472.997665,0.0,0.0,499,0
4269,2135998,-25954.0,500,False,10570.30834790039,22.855239718556113,1.4528756382063475e-31,7.389056205749512,300000,9999835472.997665,0.0,0.0,499,0
4270,2135999,-25954.0,500,False,10570.30834790039,22.855239718556113,1.4528756382063475e-31,7.389056205749512,300000,9999835472.997665,0.0,0.0,499,0
4271,2136000,-25954.0,500,False,10570.30834790039,22.855239718556113,1.4528756382063475e-31,7.389056205749512,300000,9999835472.997665,0.0,0.0,499,0
4272,2143985,-25954.0,500,False,10571.770716308594,22.663186953553698,1.490271106936348e-31,7.389056205749512,300000,9999835472.997665,0.0,0.0,499,0
4273,2143986,-25954.0,500,False,10571.770716308594,22.663186953553698,1.490271106936348e-31,7.389056205749512,300000,9999835472.997665,0.0,0.0,499,0
4274,2143987,-25954.0,500,False,10571.770716308594,22.663186953553698,1.490271106936348e-31,7.389056205749512,300000,9999835472.997665,0.0,0.0,499,0
4275,2143988,-25954.0,500,False,10571.770716308594,22.663186953553698,1.490271106936348e-31,7.389056205749512,300000,9999835472.997665,0.0,0.0,499,0
4276,2143989,-25954.0,500,False,10571.770716308594,22.663186953553698,1.490271106936348e-31,7.389056205749512,300000,9999835472.997665,0.0,0.0,499,0
4277,2143990,-25954.0,500,False,10571.770716308594,22.663186953553698,1.490271106936348e-31,7.389056205749512,300000,9999835472.997665,0.0,0.0,499,0
4278,2143991,-25954.0,500,False,10571.770716308594,22.663186953553698,1.490271106936348e-31,7.389056205749512,300000,9999835472.997665,0.0,0.0,499,0
4279,2143992,-25954.0,500,False,10571.770716308594,22.663186953553698,1.490271106936348e-31,7.389056205749512,300000,9999835472.997665,0.0,0.0,499,0
4280,2143993,-25954.0,500,False,10571.770716308594,22.663186953553698,1.490271106936348e-31,7.389056205749512,300000,9999835472.997665,0.0,0.0,499,0
4281,2143994,-25954.0,500,False,10571.770716308594,22.663186953553698,1.490271106936348e-31,7.389056205749512,300000,9999835472.997665,0.0,0.0,499,0
4282,2143995,-25954.0,500,False,10571.770716308594,22.663186953553698,1.490271106936348e-31,7.389056205749512,300000,9999835472.997665,0.0,0.0,499,0
4283,2143996,-25954.0,500,False,10571.770716308594,22.663186953553698,1.490271106936348e-31,7.389056205749512,300000,9999835472.997665,0.0,0.0,499,0
4284,2143997,-25954.0,500,False,10571.770716308594,22.663186953553698,1.490271106936348e-31,7.389056205749512,300000,9999835472.997665,0.0,0.0,499,0
4285,2143998,-25954.0,500,False,10571.770716308594,22.663186953553698,1.490271106936348e-31,7.389056205749512,300000,9999835472.997665,0.0,0.0,499,0
4286,2143999,-25954.0,500,False,10571.770716308594,22.663186953553698,1.490271106936348e-31,7.389056205749512,300000,9999835472.997665,0.0,0.0,499,0
4287,2144000,-25954.0,500,False,10571.770716308594,22.663186953553698,1.490271106936348e-31,7.389056205749512,300000,9999835472.997665,0.0,0.0,499,0
4288,2151985,-25954.0,500,False,10573.122746337891,22.89608662109729,1.4800566036864042e-31,7.389056205749512,300000,9999835472.997665,0.0,0.0,499,0
4289,2151986,-25954.0,500,False,10573.122746337891,22.89608662109729,1.4800566036864042e-31,7.389056205749512,300000,9999835472.997665,0.0,0.0,499,0
4290,2151987,-25954.0,500,False,10573.122746337891,22.89608662109729,1.4800566036864042e-31,7.389056205749512,300000,9999835472.997665,0.0,0.0,499,0
4291,2151988,-25954.0,500,False,10573.122746337891,22.89608662109729,1.4800566036864042e-31,7.389056205749512,300000,9999835472.997665,0.0,0.0,499,0
4292,2151989,-25954.0,500,False,10573.122746337891,22.89608662109729,1.4800566036864042e-31,7.389056205749512,300000,9999835472.997665,0.0,0.0,499,0
4293,2151990,-25954.0,500,False,10573.122746337891,22.89608662109729,1.4800566036864042e-31,7.389056205749512,300000,9999835472.997665,0.0,0.0,499,0
4294,2151991,-25954.0,500,False,10573.122746337891,22.89608662109729,1.4800566036864042e-31,7.389056205749512,300000,9999835472.997665,0.0,0.0,499,0
4295,2151992,-25954.0,500,False,10573.122746337891,22.89608662109729,1.4800566036864042e-31,7.389056205749512,300000,9999835472.997665,0.0,0.0,499,0
4296,2151993,-25954.0,500,False,10573.122746337891,22.89608662109729,1.4800566036864042e-31,7.389056205749512,300000,9999835472.997665,0.0,0.0,499,0
4297,2151994,-25954.0,500,False,10573.122746337891,22.89608662109729,1.4800566036864042e-31,7.389056205749512,300000,9999835472.997665,0.0,0.0,499,0
4298,2151995,-25954.0,500,False,10573.122746337891,22.89608662109729,1.4800566036864042e-31,7.389056205749512,300000,9999835472.997665,0.0,0.0,499,0
4299,2151996,-25954.0,500,False,10573.122746337891,22.89608662109729,1.4800566036864042e-31,7.389056205749512,300000,9999835472.997665,0.0,0.0,499,0
4300,2151997,-25954.0,500,False,10573.122746337891,22.89608662109729,1.4800566036864042e-31,7.389056205749512,300000,9999835472.997665,0.0,0.0,499,0
4301,2151998,-25954.0,500,False,10573.122746337891,22.89608662109729,1.4800566036864042e-31,7.389056205749512,300000,9999835472.997665,0.0,0.0,499,0
4302,2151999,-25954.0,500,False,10573.122746337891,22.89608662109729,1.4800566036864042e-31,7.389056205749512,300000,9999835472.997665,0.0,0.0,499,0
4303,2152000,-25954.0,500,False,10573.122746337891,22.89608662109729,1.4800566036864042e-31,7.389056205749512,300000,9999835472.997665,0.0,0.0,499,0
4304,2159985,-25954.0,500,False,10574.498547607422,22.607130077863346,1.4833460220187904e-31,7.389056205749512,300000,9999835472.997665,0.0,0.0,499,0
4305,2159986,-25954.0,500,False,10574.498547607422,22.607130077863346,1.4833460220187904e-31,7.389056205749512,300000,9999835472.997665,0.0,0.0,499,0
4306,2159987,-25954.0,500,False,10574.498547607422,22.607130077863346,1.4833460220187904e-31,7.389056205749512,300000,9999835472.997665,0.0,0.0,499,0
4307,2159988,-25954.0,500,False,10574.498547607422,22.607130077863346,1.4833460220187904e-31,7.389056205749512,300000,9999835472.997665,0.0,0.0,499,0
4308,2159989,-25954.0,500,False,10574.498547607422,22.607130077863346,1.4833460220187904e-31,7.389056205749512,300000,9999835472.997665,0.0,0.0,499,0
4309,2159990,-25954.0,500,False,10574.498547607422,22.607130077863346,1.4833460220187904e-31,7.389056205749512,300000,9999835472.997665,0.0,0.0,499,0
4310,2159991,-25954.0,500,False,10574.498547607422,22.607130077863346,1.4833460220187904e-31,7.389056205749512,300000,9999835472.997665,0.0,0.0,499,0
4311,2159992,-25954.0,500,False,10574.498547607422,22.607130077863346,1.4833460220187904e-31,7.389056205749512,300000,9999835472.997665,0.0,0.0,499,0
4312,2159993,-25954.0,500,False,10574.498547607422,22.607130077863346,1.4833460220187904e-31,7.389056205749512,300000,9999835472.997665,0.0,0.0,499,0
4313,2159994,-25954.0,500,False,10574.498547607422,22.607130077863346,1.4833460220187904e-31,7.389056205749512,300000,9999835472.997665,0.0,0.0,499,0
4314,2159995,-25954.0,500,False,10574.498547607422,22.607130077863346,1.4833460220187904e-31,7.389056205749512,300000,9999835472.997665,0.0,0.0,499,0
4315,2159996,-25954.0,500,False,10574.498547607422,22.607130077863346,1.4833460220187904e-31,7.389056205749512,300000,9999835472.997665,0.0,0.0,499,0
4316,2159997,-25954.0,500,False,10574.498547607422,22.607130077863346,1.4833460220187904e-31,7.389056205749512,300000,9999835472.997665,0.0,0.0,499,0
4317,2159998,-25954.0,500,False,10574.498547607422,22.607130077863346,1.4833460220187904e-31,7.389056205749512,300000,9999835472.997665,0.0,0.0,499,0
4318,2159999,-25954.0,500,False,10574.498547607422,22.607130077863346,1.4833460220187904e-31,7.389056205749512,300000,9999835472.997665,0.0,0.0,499,0
4319,2160000,-25954.0,500,False,10574.498547607422,22.607130077863346,1.4833460220187904e-31,7.389056205749512,300000,9999835472.997665,0.0,0.0,499,0
4320,2167985,-25954.0,500,False,10575.6447421875,22.757524676337837,1.4528756369426912e-31,7.389056205749512,300000,9999835472.997665,0.0,0.0,499,0
4321,2167986,-25954.0,500,False,10575.6447421875,22.757524676337837,1.4528756369426912e-31,7.389056205749512,300000,9999835472.997665,0.0,0.0,499,0
4322,2167987,-25954.0,500,False,10575.6447421875,22.757524676337837,1.4528756369426912e-31,7.389056205749512,300000,9999835472.997665,0.0,0.0,499,0
4323,2167988,-25954.0,500,False,10575.6447421875,22.757524676337837,1.4528756369426912e-31,7.389056205749512,300000,9999835472.997665,0.0,0.0,499,0
4324,2167989,-25954.0,500,False,10575.6447421875,22.757524676337837,1.4528756369426912e-31,7.389056205749512,300000,9999835472.997665,0.0,0.0,499,0
4325,2167990,-25954.0,500,False,10575.6447421875,22.757524676337837,1.4528756369426912e-31,7.389056205749512,300000,9999835472.997665,0.0,0.0,499,0
4326,2167991,-25954.0,500,False,10575.6447421875,22.757524676337837,1.4528756369426912e-31,7.389056205749512,300000,9999835472.997665,0.0,0.0,499,0
4327,2167992,-25954.0,500,False,10575.6447421875,22.757524676337837,1.4528756369426912e-31,7.389056205749512,300000,9999835472.997665,0.0,0.0,499,0
4328,2167993,-25954.0,500,False,10575.6447421875,22.757524676337837,1.4528756369426912e-31,7.389056205749512,300000,9999835472.997665,0.0,0.0,499,0
4329,2167994,-25954.0,500,False,10575.6447421875,22.757524676337837,1.4528756369426912e-31,7.389056205749512,300000,9999835472.997665,0.0,0.0,499,0
4330,2167995,-25954.0,500,False,10575.6447421875,22.757524676337837,1.4528756369426912e-31,7.389056205749512,300000,9999835472.997665,0.0,0.0,499,0
4331,2167996,-25954.0,500,False,10575.6447421875,22.757524676337837,1.4528756369426912e-31,7.389056205749512,300000,9999835472.997665,0.0,0.0,499,0
4332,2167997,-25954.0,500,False,10575.6447421875,22.757524676337837,1.4528756369426912e-31,7.389056205749512,300000,9999835472.997665,0.0,0.0,499,0
4333,2167998,-25954.0,500,False,10575.6447421875,22.757524676337837,1.4528756369426912e-31,7.389056205749512,300000,9999835472.997665,0.0,0.0,499,0
4334,2167999,-25954.0,500,False,10575.6447421875,22.757524676337837,1.4528756369426912e-31,7.389056205749512,300000,9999835472.997665,0.0,0.0,499,0
4335,2168000,-25954.0,500,False,10575.6447421875,22.757524676337837,1.4528756369426912e-31,7.389056205749512,300000,9999835472.997665,0.0,0.0,499,0
4336,2175985,-25954.0,500,False,10576.250825195313,22.748587434832064,1.4542606539789162e-31,7.389056205749512,300000,9999835472.997665,0.0,0.0,499,0
4337,2175986,-25954.0,500,False,10576.250825195313,22.748587434832064,1.4542606539789162e-31,7.389056205749512,300000,9999835472.997665,0.0,0.0,499,0
4338,2175987,-25954.0,500,False,10576.250825195313,22.748587434832064,1.4542606539789162e-31,7.389056205749512,300000,9999835472.997665,0.0,0.0,499,0
4339,2175988,-25954.0,500,False,10576.250825195313,22.748587434832064,1.4542606539789162e-31,7.389056205749512,300000,9999835472.997665,0.0,0.0,499,0
4340,2175989,-25954.0,500,False,10576.250825195313,22.748587434832064,1.4542606539789162e-31,7.389056205749512,300000,9999835472.997665,0.0,0.0,499,0
4341,2175990,-25954.0,500,False,10576.250825195313,22.748587434832064,1.4542606539789162e-31,7.389056205749512,300000,9999835472.997665,0.0,0.0,499,0
4342,2175991,-25954.0,500,False,10576.250825195313,22.748587434832064,1.4542606539789162e-31,7.389056205749512,300000,9999835472.997665,0.0,0.0,499,0
4343,2175992,-25954.0,500,False,10576.250825195313,22.748587434832064,1.4542606539789162e-31,7.389056205749512,300000,9999835472.997665,0.0,0.0,499,0
4344,2175993,-25954.0,500,False,10576.250825195313,22.748587434832064,1.4542606539789162e-31,7.389056205749512,300000,9999835472.997665,0.0,0.0,499,0
4345,2175994,-25954.0,500,False,10576.250825195313,22.748587434832064,1.4542606539789162e-31,7.389056205749512,300000,9999835472.997665,0.0,0.0,499,0
4346,2175995,-25954.0,500,False,10576.250825195313,22.748587434832064,1.4542606539789162e-31,7.389056205749512,300000,9999835472.997665,0.0,0.0,499,0
4347,2175996,-25954.0,500,False,10576.250825195313,22.748587434832064,1.4542606539789162e-31,7.389056205749512,300000,9999835472.997665,0.0,0.0,499,0
4348,2175997,-25954.0,500,False,10576.250825195313,22.748587434832064,1.4542606539789162e-31,7.389056205749512,300000,9999835472.997665,0.0,0.0,499,0
4349,2175998,-25954.0,500,False,10576.250825195313,22.748587434832064,1.4542606539789162e-31,7.389056205749512,300000,9999835472.997665,0.0,0.0,499,0
4350,2175999,-25954.0,500,False,10576.250825195313,22.748587434832064,1.4542606539789162e-31,7.389056205749512,300000,9999835472.997665,0.0,0.0,499,0
4351,2176000,-25954.0,500,False,10576.250825195313,22.748587434832064,1.4542606539789162e-31,7.389056205749512,300000,9999835472.997665,0.0,0.0,499,0
4352,2183985,-25954.0,500,False,10577.377241943359,23.12447243738489,1.4701883546567162e-31,7.389056205749512,300000,9999835472.997665,0.0,0.0,499,0
4353,2183986,-25954.0,500,False,10577.377241943359,23.12447243738489,1.4701883546567162e-31,7.389056205749512,300000,9999835472.997665,0.0,0.0,499,0
4354,2183987,-25954.0,500,False,10577.377241943359,23.12447243738489,1.4701883546567162e-31,7.389056205749512,300000,9999835472.997665,0.0,0.0,499,0
4355,2183988,-25954.0,500,False,10577.377241943359,23.12447243738489,1.4701883546567162e-31,7.389056205749512,300000,9999835472.997665,0.0,0.0,499,0
4356,2183989,-25954.0,500,False,10577.377241943359,23.12447243738489,1.4701883546567162e-31,7.389056205749512,300000,9999835472.997665,0.0,0.0,499,0
4357,2183990,-25954.0,500,False,10577.377241943359,23.12447243738489,1.4701883546567162e-31,7.389056205749512,300000,9999835472.997665,0.0,0.0,499,0
4358,2183991,-25954.0,500,False,10577.377241943359,23.12447243738489,1.4701883546567162e-31,7.389056205749512,300000,9999835472.997665,0.0,0.0,499,0
4359,2183992,-25954.0,500,False,10577.377241943359,23.12447243738489,1.4701883546567162e-31,7.389056205749512,300000,9999835472.997665,0.0,0.0,499,0
4360,2183993,-25954.0,500,False,10577.377241943359,23.12447243738489,1.4701883546567162e-31,7.389056205749512,300000,9999835472.997665,0.0,0.0,499,0
4361,2183994,-25954.0,500,False,10577.377241943359,23.12447243738489,1.4701883546567162e-31,7.389056205749512,300000,9999835472.997665,0.0,0.0,499,0
4362,2183995,-25954.0,500,False,10577.377241943359,23.12447243738489,1.4701883546567162e-31,7.389056205749512,300000,9999835472.997665,0.0,0.0,499,0
4363,2183996,-25954.0,500,False,10577.377241943359,23.12447243738489,1.4701883546567162e-31,7.389056205749512,300000,9999835472.997665,0.0,0.0,499,0
4364,2183997,-25954.0,500,False,10577.377241943359,23.12447243738489,1.4701883546567162e-31,7.389056205749512,300000,9999835472.997665,0.0,0.0,499,0
4365,2183998,-25954.0,500,False,10577.377241943359,23.12447243738489,1.4701883546567162e-31,7.389056205749512,300000,9999835472.997665,0.0,0.0,499,0
4366,2183999,-25954.0,500,False,10577.377241943359,23.12447243738489,1.4701883546567162e-31,7.389056205749512,300000,9999835472.997665,0.0,0.0,499,0
4367,2184000,-25954.0,500,False,10577.377241943359,23.12447243738489,1.4701883546567162e-31,7.389056205749512,300000,9999835472.997665,0.0,0.0,499,0
4368,2191985,-25954.0,500,False,10579.039342285156,23.195881382555527,1.433139137268847e-31,7.389056205749512,300000,9999835472.997665,0.0,0.0,499,0
4369,2191986,-25954.0,500,False,10579.039342285156,23.195881382555527,1.433139137268847e-31,7.389056205749512,300000,9999835472.997665,0.0,0.0,499,0
4370,2191987,-25954.0,500,False,10579.039342285156,23.195881382555527,1.433139137268847e-31,7.389056205749512,300000,9999835472.997665,0.0,0.0,499,0
4371,2191988,-25954.0,500,False,10579.039342285156,23.195881382555527,1.433139137268847e-31,7.389056205749512,300000,9999835472.997665,0.0,0.0,499,0
4372,2191989,-25954.0,500,False,10579.039342285156,23.195881382555527,1.433139137268847e-31,7.389056205749512,300000,9999835472.997665,0.0,0.0,499,0
4373,2191990,-25954.0,500,False,10579.039342285156,23.195881382555527,1.433139137268847e-31,7.389056205749512,300000,9999835472.997665,0.0,0.0,499,0
4374,2191991,-25954.0,500,False,10579.039342285156,23.195881382555527,1.433139137268847e-31,7.389056205749512,300000,9999835472.997665,0.0,0.0,499,0
4375,2191992,-25954.0,500,False,10579.039342285156,23.195881382555527,1.433139137268847e-31,7.389056205749512,300000,9999835472.997665,0.0,0.0,499,0
4376,2191993,-25954.0,500,False,10579.039342285156,23.195881382555527,1.433139137268847e-31,7.389056205749512,300000,9999835472.997665,0.0,0.0,499,0
4377,2191994,-25954.0,500,False,10579.039342285156,23.195881382555527,1.433139137268847e-31,7.389056205749512,300000,9999835472.997665,0.0,0.0,499,0
4378,2191995,-25954.0,500,False,10579.039342285156,23.195881382555527,1.433139137268847e-31,7.389056205749512,300000,9999835472.997665,0.0,0.0,499,0
4379,2191996,-25954.0,500,False,10579.039342285156,23.195881382555527,1.433139137268847e-31,7.389056205749512,300000,9999835472.997665,0.0,0.0,499,0
4380,2191997,-25954.0,500,False,10579.039342285156,23.195881382555527,1.433139137268847e-31,7.389056205749512,300000,9999835472.997665,0.0,0.0,499,0
4381,2191998,-25954.0,500,False,10579.039342285156,23.195881382555527,1.433139137268847e-31,7.389056205749512,300000,9999835472.997665,0.0,0.0,499,0
4382,2191999,-25954.0,500,False,10579.039342285156,23.195881382555527,1.433139137268847e-31,7.389056205749512,300000,9999835472.997665,0.0,0.0,499,0
4383,2192000,-25954.0,500,False,10579.039342285156,23.195881382555527,1.433139137268847e-31,7.389056205749512,300000,9999835472.997665,0.0,0.0,499,0
4384,2199985,-25954.0,500,False,10580.12636352539,22.53544212539133,1.4449117862309391e-31,7.389056205749512,300000,9999835472.997665,0.0,0.0,499,0
4385,2199986,-25954.0,500,False,10580.12636352539,22.53544212539133,1.4449117862309391e-31,7.389056205749512,300000,9999835472.997665,0.0,0.0,499,0
4386,2199987,-25954.0,500,False,10580.12636352539,22.53544212539133,1.4449117862309391e-31,7.389056205749512,300000,9999835472.997665,0.0,0.0,499,0
4387,2199988,-25954.0,500,False,10580.12636352539,22.53544212539133,1.4449117862309391e-31,7.389056205749512,300000,9999835472.997665,0.0,0.0,499,0
4388,2199989,-25954.0,500,False,10580.12636352539,22.53544212539133,1.4449117862309391e-31,7.389056205749512,300000,9999835472.997665,0.0,0.0,499,0
4389,2199990,-25954.0,500,False,10580.12636352539,22.53544212539133,1.4449117862309391e-31,7.389056205749512,300000,9999835472.997665,0.0,0.0,499,0
4390,2199991,-25954.0,500,False,10580.12636352539,22.53544212539133,1.4449117862309391e-31,7.389056205749512,300000,9999835472.997665,0.0,0.0,499,0
4391,2199992,-25954.0,500,False,10580.12636352539,22.53544212539133,1.4449117862309391e-31,7.389056205749512,300000,9999835472.997665,0.0,0.0,499,0
4392,2199993,-25954.0,500,False,10580.12636352539,22.53544212539133,1.4449117862309391e-31,7.389056205749512,300000,9999835472.997665,0.0,0.0,499,0
4393,2199994,-25954.0,500,False,10580.12636352539,22.53544212539133,1.4449117862309391e-31,7.389056205749512,300000,9999835472.997665,0.0,0.0,499,0
4394,2199995,-25954.0,500,False,10580.12636352539,22.53544212539133,1.4449117862309391e-31,7.389056205749512,300000,9999835472.997665,0.0,0.0,499,0
4395,2199996,-25954.0,500,False,10580.12636352539,22.53544212539133,1.4449117862309391e-31,7.389056205749512,300000,9999835472.997665,0.0,0.0,499,0
4396,2199997,-25954.0,500,False,10580.12636352539,22.53544212539133,1.4449117862309391e-31,7.389056205749512,300000,9999835472.997665,0.0,0.0,499,0
4397,2199998,-25954.0,500,False,10580.12636352539,22.53544212539133,1.4449117862309391e-31,7.389056205749512,300000,9999835472.997665,0.0,0.0,499,0
4398,2199999,-25954.0,500,False,10580.12636352539,22.53544212539133,1.4449117862309391e-31,7.389056205749512,300000,9999835472.997665,0.0,0.0,499,0
4399,2200000,-25954.0,500,False,10580.12636352539,22.53544212539133,1.4449117862309391e-31,7.389056205749512,300000,9999835472.997665,0.0,0.0,499,0
4400,2207985,-25954.0,500,False,10581.72150024414,22.574754146538034,1.4717464998628507e-31,7.389056205749512,300000,9999835472.997665,0.0,0.0,499,0
4401,2207986,-25954.0,500,False,10581.72150024414,22.574754146538034,1.4717464998628507e-31,7.389056205749512,300000,9999835472.997665,0.0,0.0,499,0
4402,2207987,-25954.0,500,False,10581.72150024414,22.574754146538034,1.4717464998628507e-31,7.389056205749512,300000,9999835472.997665,0.0,0.0,499,0
4403,2207988,-25954.0,500,False,10581.72150024414,22.574754146538034,1.4717464998628507e-31,7.389056205749512,300000,9999835472.997665,0.0,0.0,499,0
4404,2207989,-25954.0,500,False,10581.72150024414,22.574754146538034,1.4717464998628507e-31,7.389056205749512,300000,9999835472.997665,0.0,0.0,499,0
4405,2207990,-25954.0,500,False,10581.72150024414,22.574754146538034,1.4717464998628507e-31,7.389056205749512,300000,9999835472.997665,0.0,0.0,499,0
4406,2207991,-25954.0,500,False,10581.72150024414,22.574754146538034,1.4717464998628507e-31,7.389056205749512,300000,9999835472.997665,0.0,0.0,499,0
4407,2207992,-25954.0,500,False,10581.72150024414,22.574754146538034,1.4717464998628507e-31,7.389056205749512,300000,9999835472.997665,0.0,0.0,499,0
4408,2207993,-25954.0,500,False,10581.72150024414,22.574754146538034,1.4717464998628507e-31,7.389056205749512,300000,9999835472.997665,0.0,0.0,499,0
4409,2207994,-25954.0,500,False,10581.72150024414,22.574754146538034,1.4717464998628507e-31,7.389056205749512,300000,9999835472.997665,0.0,0.0,499,0
4410,2207995,-25954.0,500,False,10581.72150024414,22.574754146538034,1.4717464998628507e-31,7.389056205749512,300000,9999835472.997665,0.0,0.0,499,0
4411,2207996,-25954.0,500,False,10581.72150024414,22.574754146538034,1.4717464998628507e-31,7.389056205749512,300000,9999835472.997665,0.0,0.0,499,0
4412,2207997,-25954.0,500,False,10581.72150024414,22.574754146538034,1.4717464998628507e-31,7.389056205749512,300000,9999835472.997665,0.0,0.0,499,0
4413,2207998,-25954.0,500,False,10581.72150024414,22.574754146538034,1.4717464998628507e-31,7.389056205749512,300000,9999835472.997665,0.0,0.0,499,0
4414,2207999,-25954.0,500,False,10581.72150024414,22.574754146538034,1.4717464998628507e-31,7.389056205749512,300000,9999835472.997665,0.0,0.0,499,0
4415,2208000,-25954.0,500,False,10581.72150024414,22.574754146538034,1.4717464998628507e-31,7.389056205749512,300000,9999835472.997665,0.0,0.0,499,0
4416,2215985,-25954.0,500,False,10582.897783691405,23.18859846045793,1.5003124836942169e-31,7.389056205749512,300000,9999835472.997665,0.0,0.0,499,0
4417,2215986,-25954.0,500,False,10582.897783691405,23.18859846045793,1.5003124836942169e-31,7.389056205749512,300000,9999835472.997665,0.0,0.0,499,0
4418,2215987,-25954.0,500,False,10582.897783691405,23.18859846045793,1.5003124836942169e-31,7.389056205749512,300000,9999835472.997665,0.0,0.0,499,0
4419,2215988,-25954.0,500,False,10582.897783691405,23.18859846045793,1.5003124836942169e-31,7.389056205749512,300000,9999835472.997665,0.0,0.0,499,0
4420,2215989,-25954.0,500,False,10582.897783691405,23.18859846045793,1.5003124836942169e-31,7.389056205749512,300000,9999835472.997665,0.0,0.0,499,0
4421,2215990,-25954.0,500,False,10582.897783691405,23.18859846045793,1.5003124836942169e-31,7.389056205749512,300000,9999835472.997665,0.0,0.0,499,0
4422,2215991,-25954.0,500,False,10582.897783691405,23.18859846045793,1.5003124836942169e-31,7.389056205749512,300000,9999835472.997665,0.0,0.0,499,0
4423,2215992,-25954.0,500,False,10582.897783691405,23.18859846045793,1.5003124836942169e-31,7.389056205749512,300000,9999835472.997665,0.0,0.0,499,0
4424,2215993,-25954.0,500,False,10582.897783691405,23.18859846045793,1.5003124836942169e-31,7.389056205749512,300000,9999835472.997665,0.0,0.0,499,0
4425,2215994,-25954.0,500,False,10582.897783691405,23.18859846045793,1.5003124836942169e-31,7.389056205749512,300000,9999835472.997665,0.0,0.0,499,0
4426,2215995,-25954.0,500,False,10582.897783691405,23.18859846045793,1.5003124836942169e-31,7.389056205749512,300000,9999835472.997665,0.0,0.0,499,0
4427,2215996,-25954.0,500,False,10582.897783691405,23.18859846045793,1.5003124836942169e-31,7.389056205749512,300000,9999835472.997665,0.0,0.0,499,0
4428,2215997,-25954.0,500,False,10582.897783691405,23.18859846045793,1.5003124836942169e-31,7.389056205749512,300000,9999835472.997665,0.0,0.0,499,0
4429,2215998,-25954.0,500,False,10582.897783691405,23.18859846045793,1.5003124836942169e-31,7.389056205749512,300000,9999835472.997665,0.0,0.0,499,0
4430,2215999,-25954.0,500,False,10582.897783691405,23.18859846045793,1.5003124836942169e-31,7.389056205749512,300000,9999835472.997665,0.0,0.0,499,0
4431,2216000,-25954.0,500,False,10582.897783691405,23.18859846045793,1.5003124836942169e-31,7.389056205749512,300000,9999835472.997665,0.0,0.0,499,0
4432,2223985,-25954.0,500,False,10584.742954101563,23.47429687555536,1.4573769433038533e-31,7.389056205749512,300000,9999835472.997665,0.0,0.0,499,0
4433,2223986,-25954.0,500,False,10584.742954101563,23.47429687555536,1.4573769433038533e-31,7.389056205749512,300000,9999835472.997665,0.0,0.0,499,0
4434,2223987,-25954.0,500,False,10584.742954101563,23.47429687555536,1.4573769433038533e-31,7.389056205749512,300000,9999835472.997665,0.0,0.0,499,0
4435,2223988,-25954.0,500,False,10584.742954101563,23.47429687555536,1.4573769433038533e-31,7.389056205749512,300000,9999835472.997665,0.0,0.0,499,0
4436,2223989,-25954.0,500,False,10584.742954101563,23.47429687555536,1.4573769433038533e-31,7.389056205749512,300000,9999835472.997665,0.0,0.0,499,0
4437,2223990,-25954.0,500,False,10584.742954101563,23.47429687555536,1.4573769433038533e-31,7.389056205749512,300000,9999835472.997665,0.0,0.0,499,0
4438,2223991,-25954.0,500,False,10584.742954101563,23.47429687555536,1.4573769433038533e-31,7.389056205749512,300000,9999835472.997665,0.0,0.0,499,0
4439,2223992,-25954.0,500,False,10584.742954101563,23.47429687555536,1.4573769433038533e-31,7.389056205749512,300000,9999835472.997665,0.0,0.0,499,0
4440,2223993,-25954.0,500,False,10584.742954101563,23.47429687555536,1.4573769433038533e-31,7.389056205749512,300000,9999835472.997665,0.0,0.0,499,0
4441,2223994,-25954.0,500,False,10584.742954101563,23.47429687555536,1.4573769433038533e-31,7.389056205749512,300000,9999835472.997665,0.0,0.0,499,0
4442,2223995,-25954.0,500,False,10584.742954101563,23.47429687555536,1.4573769433038533e-31,7.389056205749512,300000,9999835472.997665,0.0,0.0,499,0
4443,2223996,-25954.0,500,False,10584.742954101563,23.47429687555536,1.4573769433038533e-31,7.389056205749512,300000,9999835472.997665,0.0,0.0,499,0
4444,2223997,-25954.0,500,False,10584.742954101563,23.47429687555536,1.4573769433038533e-31,7.389056205749512,300000,9999835472.997665,0.0,0.0,499,0
4445,2223998,-25954.0,500,False,10584.742954101563,23.47429687555536,1.4573769433038533e-31,7.389056205749512,300000,9999835472.997665,0.0,0.0,499,0
4446,2223999,-25954.0,500,False,10584.742954101563,23.47429687555536,1.4573769433038533e-31,7.389056205749512,300000,9999835472.997665,0.0,0.0,499,0
4447,2224000,-25954.0,500,False,10584.742954101563,23.47429687555536,1.4573769433038533e-31,7.389056205749512,300000,9999835472.997665,0.0,0.0,499,0
4448,2231985,-25954.0,500,False,10584.941062744141,23.698365907259287,1.4582425786074551e-31,7.389056205749512,300000,9999835472.997665,0.0,0.0,499,0
4449,2231986,-25954.0,500,False,10584.941062744141,23.698365907259287,1.4582425786074551e-31,7.389056205749512,300000,9999835472.997665,0.0,0.0,499,0
4450,2231987,-25954.0,500,False,10584.941062744141,23.698365907259287,1.4582425786074551e-31,7.389056205749512,300000,9999835472.997665,0.0,0.0,499,0
4451,2231988,-25954.0,500,False,10584.941062744141,23.698365907259287,1.4582425786074551e-31,7.389056205749512,300000,9999835472.997665,0.0,0.0,499,0
4452,2231989,-25954.0,500,False,10584.941062744141,23.698365907259287,1.4582425786074551e-31,7.389056205749512,300000,9999835472.997665,0.0,0.0,499,0
4453,2231990,-25954.0,500,False,10584.941062744141,23.698365907259287,1.4582425786074551e-31,7.389056205749512,300000,9999835472.997665,0.0,0.0,499,0
4454,2231991,-25954.0,500,False,10584.941062744141,23.698365907259287,1.4582425786074551e-31,7.389056205749512,300000,9999835472.997665,0.0,0.0,499,0
4455,2231992,-25954.0,500,False,10584.941062744141,23.698365907259287,1.4582425786074551e-31,7.389056205749512,300000,9999835472.997665,0.0,0.0,499,0
4456,2231993,-25954.0,500,False,10584.941062744141,23.698365907259287,1.4582425786074551e-31,7.389056205749512,300000,9999835472.997665,0.0,0.0,499,0
4457,2231994,-25954.0,500,False,10584.941062744141,23.698365907259287,1.4582425786074551e-31,7.389056205749512,300000,9999835472.997665,0.0,0.0,499,0
4458,2231995,-25954.0,500,False,10584.941062744141,23.698365907259287,1.4582425786074551e-31,7.389056205749512,300000,9999835472.997665,0.0,0.0,499,0
4459,2231996,-25954.0,500,False,10584.941062744141,23.698365907259287,1.4582425786074551e-31,7.389056205749512,300000,9999835472.997665,0.0,0.0,499,0
4460,2231997,-25954.0,500,False,10584.941062744141,23.698365907259287,1.4582425786074551e-31,7.389056205749512,300000,9999835472.997665,0.0,0.0,499,0
4461,2231998,-25954.0,500,False,10584.941062744141,23.698365907259287,1.4582425786074551e-31,7.389056205749512,300000,9999835472.997665,0.0,0.0,499,0
4462,2231999,-25954.0,500,False,10584.941062744141,23.698365907259287,1.4582425786074551e-31,7.389056205749512,300000,9999835472.997665,0.0,0.0,499,0
4463,2232000,-25954.0,500,False,10584.941062744141,23.698365907259287,1.4582425786074551e-31,7.389056205749512,300000,9999835472.997665,0.0,0.0,499,0
4464,2239985,-25954.0,500,False,10585.65818408203,23.450935812581562,1.469322718982099e-31,7.389056205749512,300000,9999835472.997665,0.0,0.0,499,0
4465,2239986,-25954.0,500,False,10585.65818408203,23.450935812581562,1.469322718982099e-31,7.389056205749512,300000,9999835472.997665,0.0,0.0,499,0
4466,2239987,-25954.0,500,False,10585.65818408203,23.450935812581562,1.469322718982099e-31,7.389056205749512,300000,9999835472.997665,0.0,0.0,499,0
4467,2239988,-25954.0,500,False,10585.65818408203,23.450935812581562,1.469322718982099e-31,7.389056205749512,300000,9999835472.997665,0.0,0.0,499,0
4468,2239989,-25954.0,500,False,10585.65818408203,23.450935812581562,1.469322718982099e-31,7.389056205749512,300000,9999835472.997665,0.0,0.0,499,0
4469,2239990,-25954.0,500,False,10585.65818408203,23.450935812581562,1.469322718982099e-31,7.389056205749512,300000,9999835472.997665,0.0,0.0,499,0
4470,2239991,-25954.0,500,False,10585.65818408203,23.450935812581562,1.469322718982099e-31,7.389056205749512,300000,9999835472.997665,0.0,0.0,499,0
4471,2239992,-25954.0,500,False,10585.65818408203,23.450935812581562,1.469322718982099e-31,7.389056205749512,300000,9999835472.997665,0.0,0.0,499,0
4472,2239993,-25954.0,500,False,10585.65818408203,23.450935812581562,1.469322718982099e-31,7.389056205749512,300000,9999835472.997665,0.0,0.0,499,0
4473,2239994,-25954.0,500,False,10585.65818408203,23.450935812581562,1.469322718982099e-31,7.389056205749512,300000,9999835472.997665,0.0,0.0,499,0
4474,2239995,-25954.0,500,False,10585.65818408203,23.450935812581562,1.469322718982099e-31,7.389056205749512,300000,9999835472.997665,0.0,0.0,499,0
4475,2239996,-25954.0,500,False,10585.65818408203,23.450935812581562,1.469322718982099e-31,7.389056205749512,300000,9999835472.997665,0.0,0.0,499,0
4476,2239997,-25954.0,500,False,10585.65818408203,23.450935812581562,1.469322718982099e-31,7.389056205749512,300000,9999835472.997665,0.0,0.0,499,0
4477,2239998,-25954.0,500,False,10585.65818408203,23.450935812581562,1.469322718982099e-31,7.389056205749512,300000,9999835472.997665,0.0,0.0,499,0
4478,2239999,-25954.0,500,False,10585.65818408203,23.450935812581562,1.469322718982099e-31,7.389056205749512,300000,9999835472.997665,0.0,0.0,499,0
4479,2240000,-25954.0,500,False,10585.65818408203,23.450935812581562,1.469322718982099e-31,7.389056205749512,300000,9999835472.997665,0.0,0.0,499,0
4480,2247985,-25954.0,500,False,10587.015737060547,22.2239942038696,1.485250419975813e-31,7.389056205749512,300000,9999835472.997665,0.0,0.0,499,0
4481,2247986,-25954.0,500,False,10587.015737060547,22.2239942038696,1.485250419975813e-31,7.389056205749512,300000,9999835472.997665,0.0,0.0,499,0
4482,2247987,-25954.0,500,False,10587.015737060547,22.2239942038696,1.485250419975813e-31,7.389056205749512,300000,9999835472.997665,0.0,0.0,499,0
4483,2247988,-25954.0,500,False,10587.015737060547,22.2239942038696,1.485250419975813e-31,7.389056205749512,300000,9999835472.997665,0.0,0.0,499,0
4484,2247989,-25954.0,500,False,10587.015737060547,22.2239942038696,1.485250419975813e-31,7.389056205749512,300000,9999835472.997665,0.0,0.0,499,0
4485,2247990,-25954.0,500,False,10587.015737060547,22.2239942038696,1.485250419975813e-31,7.389056205749512,300000,9999835472.997665,0.0,0.0,499,0
4486,2247991,-25954.0,500,False,10587.015737060547,22.2239942038696,1.485250419975813e-31,7.389056205749512,300000,9999835472.997665,0.0,0.0,499,0
4487,2247992,-25954.0,500,False,10587.015737060547,22.2239942038696,1.485250419975813e-31,7.389056205749512,300000,9999835472.997665,0.0,0.0,499,0
4488,2247993,-25954.0,500,False,10587.015737060547,22.2239942038696,1.485250419975813e-31,7.389056205749512,300000,9999835472.997665,0.0,0.0,499,0
4489,2247994,-25954.0,500,False,10587.015737060547,22.2239942038696,1.485250419975813e-31,7.389056205749512,300000,9999835472.997665,0.0,0.0,499,0
4490,2247995,-25954.0,500,False,10587.015737060547,22.2239942038696,1.485250419975813e-31,7.389056205749512,300000,9999835472.997665,0.0,0.0,499,0
4491,2247996,-25954.0,500,False,10587.015737060547,22.2239942038696,1.485250419975813e-31,7.389056205749512,300000,9999835472.997665,0.0,0.0,499,0
4492,2247997,-25954.0,500,False,10587.015737060547,22.2239942038696,1.485250419975813e-31,7.389056205749512,300000,9999835472.997665,0.0,0.0,499,0
4493,2247998,-25954.0,500,False,10587.015737060547,22.2239942038696,1.485250419975813e-31,7.389056205749512,300000,9999835472.997665,0.0,0.0,499,0
4494,2247999,-25954.0,500,False,10587.015737060547,22.2239942038696,1.485250419975813e-31,7.389056205749512,300000,9999835472.997665,0.0,0.0,499,0
4495,2248000,-25954.0,500,False,10587.015737060547,22.2239942038696,1.485250419975813e-31,7.389056205749512,300000,9999835472.997665,0.0,0.0,499,0
4496,2255985,-25954.0,500,False,10588.593007324218,23.09112153885246,1.4376404428576725e-31,7.389056205749512,300000,9999835472.997665,0.0,0.0,499,0
4497,2255986,-25954.0,500,False,10588.593007324218,23.09112153885246,1.4376404428576725e-31,7.389056205749512,300000,9999835472.997665,0.0,0.0,499,0
4498,2255987,-25954.0,500,False,10588.593007324218,23.09112153885246,1.4376404428576725e-31,7.389056205749512,300000,9999835472.997665,0.0,0.0,499,0
4499,2255988,-25954.0,500,False,10588.593007324218,23.09112153885246,1.4376404428576725e-31,7.389056205749512,300000,9999835472.997665,0.0,0.0,499,0
4500,2255989,-25954.0,500,False,10588.593007324218,23.09112153885246,1.4376404428576725e-31,7.389056205749512,300000,9999835472.997665,0.0,0.0,499,0
4501,2255990,-25954.0,500,False,10588.593007324218,23.09112153885246,1.4376404428576725e-31,7.389056205749512,300000,9999835472.997665,0.0,0.0,499,0
4502,2255991,-25954.0,500,False,10588.593007324218,23.09112153885246,1.4376404428576725e-31,7.389056205749512,300000,9999835472.997665,0.0,0.0,499,0
4503,2255992,-25954.0,500,False,10588.593007324218,23.09112153885246,1.4376404428576725e-31,7.389056205749512,300000,9999835472.997665,0.0,0.0,499,0
4504,2255993,-25954.0,500,False,10588.593007324218,23.09112153885246,1.4376404428576725e-31,7.389056205749512,300000,9999835472.997665,0.0,0.0,499,0
4505,2255994,-25954.0,500,False,10588.593007324218,23.09112153885246,1.4376404428576725e-31,7.389056205749512,300000,9999835472.997665,0.0,0.0,499,0
4506,2255995,-25954.0,500,False,10588.593007324218,23.09112153885246,1.4376404428576725e-31,7.389056205749512,300000,9999835472.997665,0.0,0.0,499,0
4507,2255996,-25954.0,500,False,10588.593007324218,23.09112153885246,1.4376404428576725e-31,7.389056205749512,300000,9999835472.997665,0.0,0.0,499,0
4508,2255997,-25954.0,500,False,10588.593007324218,23.09112153885246,1.4376404428576725e-31,7.389056205749512,300000,9999835472.997665,0.0,0.0,499,0
4509,2255998,-25954.0,500,False,10588.593007324218,23.09112153885246,1.4376404428576725e-31,7.389056205749512,300000,9999835472.997665,0.0,0.0,499,0
4510,2255999,-25954.0,500,False,10588.593007324218,23.09112153885246,1.4376404428576725e-31,7.389056205749512,300000,9999835472.997665,0.0,0.0,499,0
4511,2256000,-25954.0,500,False,10588.593007324218,23.09112153885246,1.4376404428576725e-31,7.389056205749512,300000,9999835472.997665,0.0,0.0,499,0
4512,2263985,-25954.0,500,False,10589.670271728515,22.401426182233845,1.432100375517251e-31,7.389056205749512,300000,9999835472.997665,0.0,0.0,499,0
4513,2263986,-25954.0,500,False,10589.670271728515,22.401426182233845,1.432100375517251e-31,7.389056205749512,300000,9999835472.997665,0.0,0.0,499,0
4514,2263987,-25954.0,500,False,10589.670271728515,22.401426182233845,1.432100375517251e-31,7.389056205749512,300000,9999835472.997665,0.0,0.0,499,0
4515,2263988,-25954.0,500,False,10589.670271728515,22.401426182233845,1.432100375517251e-31,7.389056205749512,300000,9999835472.997665,0.0,0.0,499,0
4516,2263989,-25954.0,500,False,10589.670271728515,22.401426182233845,1.432100375517251e-31,7.389056205749512,300000,9999835472.997665,0.0,0.0,499,0
4517,2263990,-25954.0,500,False,10589.670271728515,22.401426182233845,1.432100375517251e-31,7.389056205749512,300000,9999835472.997665,0.0,0.0,499,0
4518,2263991,-25954.0,500,False,10589.670271728515,22.401426182233845,1.432100375517251e-31,7.389056205749512,300000,9999835472.997665,0.0,0.0,499,0
4519,2263992,-25954.0,500,False,10589.670271728515,22.401426182233845,1.432100375517251e-31,7.389056205749512,300000,9999835472.997665,0.0,0.0,499,0
4520,2263993,-25954.0,500,False,10589.670271728515,22.401426182233845,1.432100375517251e-31,7.389056205749512,300000,9999835472.997665,0.0,0.0,499,0
4521,2263994,-25954.0,500,False,10589.670271728515,22.401426182233845,1.432100375517251e-31,7.389056205749512,300000,9999835472.997665,0.0,0.0,499,0
4522,2263995,-25954.0,500,False,10589.670271728515,22.401426182233845,1.432100375517251e-31,7.389056205749512,300000,9999835472.997665,0.0,0.0,499,0
4523,2263996,-25954.0,500,False,10589.670271728515,22.401426182233845,1.432100375517251e-31,7.389056205749512,300000,9999835472.997665,0.0,0.0,499,0
4524,2263997,-25954.0,500,False,10589.670271728515,22.401426182233845,1.432100375517251e-31,7.389056205749512,300000,9999835472.997665,0.0,0.0,499,0
4525,2263998,-25954.0,500,False,10589.670271728515,22.401426182233845,1.432100375517251e-31,7.389056205749512,300000,9999835472.997665,0.0,0.0,499,0
4526,2263999,-25954.0,500,False,10589.670271728515,22.401426182233845,1.432100375517251e-31,7.389056205749512,300000,9999835472.997665,0.0,0.0,499,0
4527,2264000,-25954.0,500,False,10589.670271728515,22.401426182233845,1.432100375517251e-31,7.389056205749512,300000,9999835472.997665,0.0,0.0,499,0
4528,2271985,-25954.0,500,False,10590.629457763673,22.418044230723112,1.463955776513774e-31,7.389056205749512,300000,9999835472.997665,0.0,0.0,499,0
4529,2271986,-25954.0,500,False,10590.629457763673,22.418044230723112,1.463955776513774e-31,7.389056205749512,300000,9999835472.997665,0.0,0.0,499,0
4530,2271987,-25954.0,500,False,10590.629457763673,22.418044230723112,1.463955776513774e-31,7.389056205749512,300000,9999835472.997665,0.0,0.0,499,0
4531,2271988,-25954.0,500,False,10590.629457763673,22.418044230723112,1.463955776513774e-31,7.389056205749512,300000,9999835472.997665,0.0,0.0,499,0
4532,2271989,-25954.0,500,False,10590.629457763673,22.418044230723112,1.463955776513774e-31,7.389056205749512,300000,9999835472.997665,0.0,0.0,499,0
4533,2271990,-25954.0,500,False,10590.629457763673,22.418044230723112,1.463955776513774e-31,7.389056205749512,300000,9999835472.997665,0.0,0.0,499,0
4534,2271991,-25954.0,500,False,10590.629457763673,22.418044230723112,1.463955776513774e-31,7.389056205749512,300000,9999835472.997665,0.0,0.0,499,0
4535,2271992,-25954.0,500,False,10590.629457763673,22.418044230723112,1.463955776513774e-31,7.389056205749512,300000,9999835472.997665,0.0,0.0,499,0
4536,2271993,-25954.0,500,False,10590.629457763673,22.418044230723112,1.463955776513774e-31,7.389056205749512,300000,9999835472.997665,0.0,0.0,499,0
4537,2271994,-25954.0,500,False,10590.629457763673,22.418044230723112,1.463955776513774e-31,7.389056205749512,300000,9999835472.997665,0.0,0.0,499,0
4538,2271995,-25954.0,500,False,10590.629457763673,22.418044230723112,1.463955776513774e-31,7.389056205749512,300000,9999835472.997665,0.0,0.0,499,0
4539,2271996,-25954.0,500,False,10590.629457763673,22.418044230723112,1.463955776513774e-31,7.389056205749512,300000,9999835472.997665,0.0,0.0,499,0
4540,2271997,-25954.0,500,False,10590.629457763673,22.418044230723112,1.463955776513774e-31,7.389056205749512,300000,9999835472.997665,0.0,0.0,499,0
4541,2271998,-25954.0,500,False,10590.629457763673,22.418044230723112,1.463955776513774e-31,7.389056205749512,300000,9999835472.997665,0.0,0.0,499,0
4542,2271999,-25954.0,500,False,10590.629457763673,22.418044230723112,1.463955776513774e-31,7.389056205749512,300000,9999835472.997665,0.0,0.0,499,0
4543,2272000,-25954.0,500,False,10590.629457763673,22.418044230723112,1.463955776513774e-31,7.389056205749512,300000,9999835472.997665,0.0,0.0,499,0
4544,2279985,-25954.0,500,False,10591.200375244141,22.866155600671483,1.488193580731356e-31,7.389056205749512,300000,9999835472.997665,0.0,0.0,499,0
4545,2279986,-25954.0,500,False,10591.200375244141,22.866155600671483,1.488193580731356e-31,7.389056205749512,300000,9999835472.997665,0.0,0.0,499,0
4546,2279987,-25954.0,500,False,10591.200375244141,22.866155600671483,1.488193580731356e-31,7.389056205749512,300000,9999835472.997665,0.0,0.0,499,0
4547,2279988,-25954.0,500,False,10591.200375244141,22.866155600671483,1.488193580731356e-31,7.389056205749512,300000,9999835472.997665,0.0,0.0,499,0
4548,2279989,-25954.0,500,False,10591.200375244141,22.866155600671483,1.488193580731356e-31,7.389056205749512,300000,9999835472.997665,0.0,0.0,499,0
4549,2279990,-25954.0,500,False,10591.200375244141,22.866155600671483,1.488193580731356e-31,7.389056205749512,300000,9999835472.997665,0.0,0.0,499,0
4550,2279991,-25954.0,500,False,10591.200375244141,22.866155600671483,1.488193580731356e-31,7.389056205749512,300000,9999835472.997665,0.0,0.0,499,0
4551,2279992,-25954.0,500,False,10591.200375244141,22.866155600671483,1.488193580731356e-31,7.389056205749512,300000,9999835472.997665,0.0,0.0,499,0
4552,2279993,-25954.0,500,False,10591.200375244141,22.866155600671483,1.488193580731356e-31,7.389056205749512,300000,9999835472.997665,0.0,0.0,499,0
4553,2279994,-25954.0,500,False,10591.200375244141,22.866155600671483,1.488193580731356e-31,7.389056205749512,300000,9999835472.997665,0.0,0.0,499,0
4554,2279995,-25954.0,500,False,10591.200375244141,22.866155600671483,1.488193580731356e-31,7.389056205749512,300000,9999835472.997665,0.0,0.0,499,0
4555,2279996,-25954.0,500,False,10591.200375244141,22.866155600671483,1.488193580731356e-31,7.389056205749512,300000,9999835472.997665,0.0,0.0,499,0
4556,2279997,-25954.0,500,False,10591.200375244141,22.866155600671483,1.488193580731356e-31,7.389056205749512,300000,9999835472.997665,0.0,0.0,499,0
4557,2279998,-25954.0,500,False,10591.200375244141,22.866155600671483,1.488193580731356e-31,7.389056205749512,300000,9999835472.997665,0.0,0.0,499,0
4558,2279999,-25954.0,500,False,10591.200375244141,22.866155600671483,1.488193580731356e-31,7.389056205749512,300000,9999835472.997665,0.0,0.0,499,0
4559,2280000,-25954.0,500,False,10591.200375244141,22.866155600671483,1.488193580731356e-31,7.389056205749512,300000,9999835472.997665,0.0,0.0,499,0
4560,2287985,-25954.0,500,False,10592.089492919922,23.166564427863456,1.4753821709093905e-31,7.389056205749512,300000,9999835472.997665,0.0,0.0,499,0
4561,2287986,-25954.0,500,False,10592.089492919922,23.166564427863456,1.4753821709093905e-31,7.389056205749512,300000,9999835472.997665,0.0,0.0,499,0
4562,2287987,-25954.0,500,False,10592.089492919922,23.166564427863456,1.4753821709093905e-31,7.389056205749512,300000,9999835472.997665,0.0,0.0,499,0
4563,2287988,-25954.0,500,False,10592.089492919922,23.166564427863456,1.4753821709093905e-31,7.389056205749512,300000,9999835472.997665,0.0,0.0,499,0
4564,2287989,-25954.0,500,False,10592.089492919922,23.166564427863456,1.4753821709093905e-31,7.389056205749512,300000,9999835472.997665,0.0,0.0,499,0
4565,2287990,-25954.0,500,False,10592.089492919922,23.166564427863456,1.4753821709093905e-31,7.389056205749512,300000,9999835472.997665,0.0,0.0,499,0
4566,2287991,-25954.0,500,False,10592.089492919922,23.166564427863456,1.4753821709093905e-31,7.389056205749512,300000,9999835472.997665,0.0,0.0,499,0
4567,2287992,-25954.0,500,False,10592.089492919922,23.166564427863456,1.4753821709093905e-31,7.389056205749512,300000,9999835472.997665,0.0,0.0,499,0
4568,2287993,-25954.0,500,False,10592.089492919922,23.166564427863456,1.4753821709093905e-31,7.389056205749512,300000,9999835472.997665,0.0,0.0,499,0
4569,2287994,-25954.0,500,False,10592.089492919922,23.166564427863456,1.4753821709093905e-31,7.389056205749512,300000,9999835472.997665,0.0,0.0,499,0
4570,2287995,-25954.0,500,False,10592.089492919922,23.166564427863456,1.4753821709093905e-31,7.389056205749512,300000,9999835472.997665,0.0,0.0,499,0
4571,2287996,-25954.0,500,False,10592.089492919922,23.166564427863456,1.4753821709093905e-31,7.389056205749512,300000,9999835472.997665,0.0,0.0,499,0
4572,2287997,-25954.0,500,False,10592.089492919922,23.166564427863456,1.4753821709093905e-31,7.389056205749512,300000,9999835472.997665,0.0,0.0,499,0
4573,2287998,-25954.0,500,False,10592.089492919922,23.166564427863456,1.4753821709093905e-31,7.389056205749512,300000,9999835472.997665,0.0,0.0,499,0
4574,2287999,-25954.0,500,False,10592.089492919922,23.166564427863456,1.4753821709093905e-31,7.389056205749512,300000,9999835472.997665,0.0,0.0,499,0
4575,2288000,-25954.0,500,False,10592.089492919922,23.166564427863456,1.4753821709093905e-31,7.389056205749512,300000,9999835472.997665,0.0,0.0,499,0
4576,2295985,-25954.0,500,False,10593.57946875,22.85665082537901,1.4734777708272947e-31,7.389056205749512,300000,9999835472.997665,0.0,0.0,499,0
4577,2295986,-25954.0,500,False,10593.57946875,22.85665082537901,1.4734777708272947e-31,7.389056205749512,300000,9999835472.997665,0.0,0.0,499,0
4578,2295987,-25954.0,500,False,10593.57946875,22.85665082537901,1.4734777708272947e-31,7.389056205749512,300000,9999835472.997665,0.0,0.0,499,0
4579,2295988,-25954.0,500,False,10593.57946875,22.85665082537901,1.4734777708272947e-31,7.389056205749512,300000,9999835472.997665,0.0,0.0,499,0
4580,2295989,-25954.0,500,False,10593.57946875,22.85665082537901,1.4734777708272947e-31,7.389056205749512,300000,9999835472.997665,0.0,0.0,499,0
4581,2295990,-25954.0,500,False,10593.57946875,22.85665082537901,1.4734777708272947e-31,7.389056205749512,300000,9999835472.997665,0.0,0.0,499,0
4582,2295991,-25954.0,500,False,10593.57946875,22.85665082537901,1.4734777708272947e-31,7.389056205749512,300000,9999835472.997665,0.0,0.0,499,0
4583,2295992,-25954.0,500,False,10593.57946875,22.85665082537901,1.4734777708272947e-31,7.389056205749512,300000,9999835472.997665,0.0,0.0,499,0
4584,2295993,-25954.0,500,False,10593.57946875,22.85665082537901,1.4734777708272947e-31,7.389056205749512,300000,9999835472.997665,0.0,0.0,499,0
4585,2295994,-25954.0,500,False,10593.57946875,22.85665082537901,1.4734777708272947e-31,7.389056205749512,300000,9999835472.997665,0.0,0.0,499,0
4586,2295995,-25954.0,500,False,10593.57946875,22.85665082537901,1.4734777708272947e-31,7.389056205749512,300000,9999835472.997665,0.0,0.0,499,0
4587,2295996,-25954.0,500,False,10593.57946875,22.85665082537901,1.4734777708272947e-31,7.389056205749512,300000,9999835472.997665,0.0,0.0,499,0
4588,2295997,-25954.0,500,False,10593.57946875,22.85665082537901,1.4734777708272947e-31,7.389056205749512,300000,9999835472.997665,0.0,0.0,499,0
4589,2295998,-25954.0,500,False,10593.57946875,22.85665082537901,1.4734777708272947e-31,7.389056205749512,300000,9999835472.997665,0.0,0.0,499,0
4590,2295999,-25954.0,500,False,10593.57946875,22.85665082537901,1.4734777708272947e-31,7.389056205749512,300000,9999835472.997665,0.0,0.0,499,0
4591,2296000,-25954.0,500,False,10593.57946875,22.85665082537901,1.4734777708272947e-31,7.389056205749512,300000,9999835472.997665,0.0,0.0,499,0
4592,2303985,-25954.0,500,False,10592.630921386719,23.209580464292667,1.4494130930751557e-31,7.389056205749512,300000,9999835472.997665,0.0,0.0,499,0
4593,2303986,-25954.0,500,False,10592.630921386719,23.209580464292667,1.4494130930751557e-31,7.389056205749512,300000,9999835472.997665,0.0,0.0,499,0
4594,2303987,-25954.0,500,False,10592.630921386719,23.209580464292667,1.4494130930751557e-31,7.389056205749512,300000,9999835472.997665,0.0,0.0,499,0
4595,2303988,-25954.0,500,False,10592.630921386719,23.209580464292667,1.4494130930751557e-31,7.389056205749512,300000,9999835472.997665,0.0,0.0,499,0
4596,2303989,-25954.0,500,False,10592.630921386719,23.209580464292667,1.4494130930751557e-31,7.389056205749512,300000,9999835472.997665,0.0,0.0,499,0
4597,2303990,-25954.0,500,False,10592.630921386719,23.209580464292667,1.4494130930751557e-31,7.389056205749512,300000,9999835472.997665,0.0,0.0,499,0
4598,2303991,-25954.0,500,False,10592.630921386719,23.209580464292667,1.4494130930751557e-31,7.389056205749512,300000,9999835472.997665,0.0,0.0,499,0
4599,2303992,-25954.0,500,False,10592.630921386719,23.209580464292667,1.4494130930751557e-31,7.389056205749512,300000,9999835472.997665,0.0,0.0,499,0
4600,2303993,-25954.0,500,False,10592.630921386719,23.209580464292667,1.4494130930751557e-31,7.389056205749512,300000,9999835472.997665,0.0,0.0,499,0
4601,2303994,-25954.0,500,False,10592.630921386719,23.209580464292667,1.4494130930751557e-31,7.389056205749512,300000,9999835472.997665,0.0,0.0,499,0
4602,2303995,-25954.0,500,False,10592.630921386719,23.209580464292667,1.4494130930751557e-31,7.389056205749512,300000,9999835472.997665,0.0,0.0,499,0
4603,2303996,-25954.0,500,False,10592.630921386719,23.209580464292667,1.4494130930751557e-31,7.389056205749512,300000,9999835472.997665,0.0,0.0,499,0
4604,2303997,-25954.0,500,False,10592.630921386719,23.209580464292667,1.4494130930751557e-31,7.389056205749512,300000,9999835472.997665,0.0,0.0,499,0
4605,2303998,-25954.0,500,False,10592.630921386719,23.209580464292667,1.4494130930751557e-31,7.389056205749512,300000,9999835472.997665,0.0,0.0,499,0
4606,2303999,-25954.0,500,False,10592.630921386719,23.209580464292667,1.4494130930751557e-31,7.389056205749512,300000,9999835472.997665,0.0,0.0,499,0
4607,2304000,-25954.0,500,False,10592.630921386719,23.209580464292667,1.4494130930751557e-31,7.389056205749512,300000,9999835472.997665,0.0,0.0,499,0
4608,2311985,-25954.0,500,False,10591.491404296876,23.22880131865485,1.451490619836671e-31,7.389056205749512,300000,9999835472.997665,0.0,0.0,499,0
4609,2311986,-25954.0,500,False,10591.491404296876,23.22880131865485,1.451490619836671e-31,7.389056205749512,300000,9999835472.997665,0.0,0.0,499,0
4610,2311987,-25954.0,500,False,10591.491404296876,23.22880131865485,1.451490619836671e-31,7.389056205749512,300000,9999835472.997665,0.0,0.0,499,0
4611,2311988,-25954.0,500,False,10591.491404296876,23.22880131865485,1.451490619836671e-31,7.389056205749512,300000,9999835472.997665,0.0,0.0,499,0
4612,2311989,-25954.0,500,False,10591.491404296876,23.22880131865485,1.451490619836671e-31,7.389056205749512,300000,9999835472.997665,0.0,0.0,499,0
4613,2311990,-25954.0,500,False,10591.491404296876,23.22880131865485,1.451490619836671e-31,7.389056205749512,300000,9999835472.997665,0.0,0.0,499,0
4614,2311991,-25954.0,500,False,10591.491404296876,23.22880131865485,1.451490619836671e-31,7.389056205749512,300000,9999835472.997665,0.0,0.0,499,0
4615,2311992,-25954.0,500,False,10591.491404296876,23.22880131865485,1.451490619836671e-31,7.389056205749512,300000,9999835472.997665,0.0,0.0,499,0
4616,2311993,-25954.0,500,False,10591.491404296876,23.22880131865485,1.451490619836671e-31,7.389056205749512,300000,9999835472.997665,0.0,0.0,499,0
4617,2311994,-25954.0,500,False,10591.491404296876,23.22880131865485,1.451490619836671e-31,7.389056205749512,300000,9999835472.997665,0.0,0.0,499,0
4618,2311995,-25954.0,500,False,10591.491404296876,23.22880131865485,1.451490619836671e-31,7.389056205749512,300000,9999835472.997665,0.0,0.0,499,0
4619,2311996,-25954.0,500,False,10591.491404296876,23.22880131865485,1.451490619836671e-31,7.389056205749512,300000,9999835472.997665,0.0,0.0,499,0
4620,2311997,-25954.0,500,False,10591.491404296876,23.22880131865485,1.451490619836671e-31,7.389056205749512,300000,9999835472.997665,0.0,0.0,499,0
4621,2311998,-25954.0,500,False,10591.491404296876,23.22880131865485,1.451490619836671e-31,7.389056205749512,300000,9999835472.997665,0.0,0.0,499,0
4622,2311999,-25954.0,500,False,10591.491404296876,23.22880131865485,1.451490619836671e-31,7.389056205749512,300000,9999835472.997665,0.0,0.0,499,0
4623,2312000,-25954.0,500,False,10591.491404296876,23.22880131865485,1.451490619836671e-31,7.389056205749512,300000,9999835472.997665,0.0,0.0,499,0
4624,2319985,-25954.0,500,False,10592.890200927734,22.950161630114135,1.4668989381647134e-31,7.389056205749512,300000,9999835472.997665,0.0,0.0,499,0
4625,2319986,-25954.0,500,False,10592.890200927734,22.950161630114135,1.4668989381647134e-31,7.389056205749512,300000,9999835472.997665,0.0,0.0,499,0
4626,2319987,-25954.0,500,False,10592.890200927734,22.950161630114135,1.4668989381647134e-31,7.389056205749512,300000,9999835472.997665,0.0,0.0,499,0
4627,2319988,-25954.0,500,False,10592.890200927734,22.950161630114135,1.4668989381647134e-31,7.389056205749512,300000,9999835472.997665,0.0,0.0,499,0
4628,2319989,-25954.0,500,False,10592.890200927734,22.950161630114135,1.4668989381647134e-31,7.389056205749512,300000,9999835472.997665,0.0,0.0,499,0
4629,2319990,-25954.0,500,False,10592.890200927734,22.950161630114135,1.4668989381647134e-31,7.389056205749512,300000,9999835472.997665,0.0,0.0,499,0
4630,2319991,-25954.0,500,False,10592.890200927734,22.950161630114135,1.4668989381647134e-31,7.389056205749512,300000,9999835472.997665,0.0,0.0,499,0
4631,2319992,-25954.0,500,False,10592.890200927734,22.950161630114135,1.4668989381647134e-31,7.389056205749512,300000,9999835472.997665,0.0,0.0,499,0
4632,2319993,-25954.0,500,False,10592.890200927734,22.950161630114135,1.4668989381647134e-31,7.389056205749512,300000,9999835472.997665,0.0,0.0,499,0
4633,2319994,-25954.0,500,False,10592.890200927734,22.950161630114135,1.4668989381647134e-31,7.389056205749512,300000,9999835472.997665,0.0,0.0,499,0
4634,2319995,-25954.0,500,False,10592.890200927734,22.950161630114135,1.4668989381647134e-31,7.389056205749512,300000,9999835472.997665,0.0,0.0,499,0
4635,2319996,-25954.0,500,False,10592.890200927734,22.950161630114135,1.4668989381647134e-31,7.389056205749512,300000,9999835472.997665,0.0,0.0,499,0
4636,2319997,-25954.0,500,False,10592.890200927734,22.950161630114135,1.4668989381647134e-31,7.389056205749512,300000,9999835472.997665,0.0,0.0,499,0
4637,2319998,-25954.0,500,False,10592.890200927734,22.950161630114135,1.4668989381647134e-31,7.389056205749512,300000,9999835472.997665,0.0,0.0,499,0
4638,2319999,-25954.0,500,False,10592.890200927734,22.950161630114135,1.4668989381647134e-31,7.389056205749512,300000,9999835472.997665,0.0,0.0,499,0
4639,2320000,-25954.0,500,False,10592.890200927734,22.950161630114135,1.4668989381647134e-31,7.389056205749512,300000,9999835472.997665,0.0,0.0,499,0
4640,2327985,-25954.0,500,False,10593.76609765625,22.380777463810983,1.470188354860591e-31,7.389056205749512,300000,9999835472.997665,0.0,0.0,499,0
4641,2327986,-25954.0,500,False,10593.76609765625,22.380777463810983,1.470188354860591e-31,7.389056205749512,300000,9999835472.997665,0.0,0.0,499,0
4642,2327987,-25954.0,500,False,10593.76609765625,22.380777463810983,1.470188354860591e-31,7.389056205749512,300000,9999835472.997665,0.0,0.0,499,0
4643,2327988,-25954.0,500,False,10593.76609765625,22.380777463810983,1.470188354860591e-31,7.389056205749512,300000,9999835472.997665,0.0,0.0,499,0
4644,2327989,-25954.0,500,False,10593.76609765625,22.380777463810983,1.470188354860591e-31,7.389056205749512,300000,9999835472.997665,0.0,0.0,499,0
4645,2327990,-25954.0,500,False,10593.76609765625,22.380777463810983,1.470188354860591e-31,7.389056205749512,300000,9999835472.997665,0.0,0.0,499,0
4646,2327991,-25954.0,500,False,10593.76609765625,22.380777463810983,1.470188354860591e-31,7.389056205749512,300000,9999835472.997665,0.0,0.0,499,0
4647,2327992,-25954.0,500,False,10593.76609765625,22.380777463810983,1.470188354860591e-31,7.389056205749512,300000,9999835472.997665,0.0,0.0,499,0
4648,2327993,-25954.0,500,False,10593.76609765625,22.380777463810983,1.470188354860591e-31,7.389056205749512,300000,9999835472.997665,0.0,0.0,499,0
4649,2327994,-25954.0,500,False,10593.76609765625,22.380777463810983,1.470188354860591e-31,7.389056205749512,300000,9999835472.997665,0.0,0.0,499,0
4650,2327995,-25954.0,500,False,10593.76609765625,22.380777463810983,1.470188354860591e-31,7.389056205749512,300000,9999835472.997665,0.0,0.0,499,0
4651,2327996,-25954.0,500,False,10593.76609765625,22.380777463810983,1.470188354860591e-31,7.389056205749512,300000,9999835472.997665,0.0,0.0,499,0
4652,2327997,-25954.0,500,False,10593.76609765625,22.380777463810983,1.470188354860591e-31,7.389056205749512,300000,9999835472.997665,0.0,0.0,499,0
4653,2327998,-25954.0,500,False,10593.76609765625,22.380777463810983,1.470188354860591e-31,7.389056205749512,300000,9999835472.997665,0.0,0.0,499,0
4654,2327999,-25954.0,500,False,10593.76609765625,22.380777463810983,1.470188354860591e-31,7.389056205749512,300000,9999835472.997665,0.0,0.0,499,0
4655,2328000,-25954.0,500,False,10593.76609765625,22.380777463810983,1.470188354860591e-31,7.389056205749512,300000,9999835472.997665,0.0,0.0,499,0
4656,2335985,-25954.0,500,False,10595.05386328125,22.953591698465754,1.4719196256817717e-31,7.389056205749512,300000,9999835472.997665,0.0,0.0,499,0
4657,2335986,-25954.0,500,False,10595.05386328125,22.953591698465754,1.4719196256817717e-31,7.389056205749512,300000,9999835472.997665,0.0,0.0,499,0
4658,2335987,-25954.0,500,False,10595.05386328125,22.953591698465754,1.4719196256817717e-31,7.389056205749512,300000,9999835472.997665,0.0,0.0,499,0
4659,2335988,-25954.0,500,False,10595.05386328125,22.953591698465754,1.4719196256817717e-31,7.389056205749512,300000,9999835472.997665,0.0,0.0,499,0
4660,2335989,-25954.0,500,False,10595.05386328125,22.953591698465754,1.4719196256817717e-31,7.389056205749512,300000,9999835472.997665,0.0,0.0,499,0
4661,2335990,-25954.0,500,False,10595.05386328125,22.953591698465754,1.4719196256817717e-31,7.389056205749512,300000,9999835472.997665,0.0,0.0,499,0
4662,2335991,-25954.0,500,False,10595.05386328125,22.953591698465754,1.4719196256817717e-31,7.389056205749512,300000,9999835472.997665,0.0,0.0,499,0
4663,2335992,-25954.0,500,False,10595.05386328125,22.953591698465754,1.4719196256817717e-31,7.389056205749512,300000,9999835472.997665,0.0,0.0,499,0
4664,2335993,-25954.0,500,False,10595.05386328125,22.953591698465754,1.4719196256817717e-31,7.389056205749512,300000,9999835472.997665,0.0,0.0,499,0
4665,2335994,-25954.0,500,False,10595.05386328125,22.953591698465754,1.4719196256817717e-31,7.389056205749512,300000,9999835472.997665,0.0,0.0,499,0
4666,2335995,-25954.0,500,False,10595.05386328125,22.953591698465754,1.4719196256817717e-31,7.389056205749512,300000,9999835472.997665,0.0,0.0,499,0
4667,2335996,-25954.0,500,False,10595.05386328125,22.953591698465754,1.4719196256817717e-31,7.389056205749512,300000,9999835472.997665,0.0,0.0,499,0
4668,2335997,-25954.0,500,False,10595.05386328125,22.953591698465754,1.4719196256817717e-31,7.389056205749512,300000,9999835472.997665,0.0,0.0,499,0
4669,2335998,-25954.0,500,False,10595.05386328125,22.953591698465754,1.4719196256817717e-31,7.389056205749512,300000,9999835472.997665,0.0,0.0,499,0
4670,2335999,-25954.0,500,False,10595.05386328125,22.953591698465754,1.4719196256817717e-31,7.389056205749512,300000,9999835472.997665,0.0,0.0,499,0
4671,2336000,-25954.0,500,False,10595.05386328125,22.953591698465754,1.4719196256817717e-31,7.389056205749512,300000,9999835472.997665,0.0,0.0,499,0
4672,2343985,-25954.0,500,False,10597.013843261719,22.93756080823095,1.4461236771956957e-31,7.389056205749512,300000,9999835472.997665,0.0,0.0,499,0
4673,2343986,-25954.0,500,False,10597.013843261719,22.93756080823095,1.4461236771956957e-31,7.389056205749512,300000,9999835472.997665,0.0,0.0,499,0
4674,2343987,-25954.0,500,False,10597.013843261719,22.93756080823095,1.4461236771956957e-31,7.389056205749512,300000,9999835472.997665,0.0,0.0,499,0
4675,2343988,-25954.0,500,False,10597.013843261719,22.93756080823095,1.4461236771956957e-31,7.389056205749512,300000,9999835472.997665,0.0,0.0,499,0
4676,2343989,-25954.0,500,False,10597.013843261719,22.93756080823095,1.4461236771956957e-31,7.389056205749512,300000,9999835472.997665,0.0,0.0,499,0
4677,2343990,-25954.0,500,False,10597.013843261719,22.93756080823095,1.4461236771956957e-31,7.389056205749512,300000,9999835472.997665,0.0,0.0,499,0
4678,2343991,-25954.0,500,False,10597.013843261719,22.93756080823095,1.4461236771956957e-31,7.389056205749512,300000,9999835472.997665,0.0,0.0,499,0
4679,2343992,-25954.0,500,False,10597.013843261719,22.93756080823095,1.4461236771956957e-31,7.389056205749512,300000,9999835472.997665,0.0,0.0,499,0
4680,2343993,-25954.0,500,False,10597.013843261719,22.93756080823095,1.4461236771956957e-31,7.389056205749512,300000,9999835472.997665,0.0,0.0,499,0
4681,2343994,-25954.0,500,False,10597.013843261719,22.93756080823095,1.4461236771956957e-31,7.389056205749512,300000,9999835472.997665,0.0,0.0,499,0
4682,2343995,-25954.0,500,False,10597.013843261719,22.93756080823095,1.4461236771956957e-31,7.389056205749512,300000,9999835472.997665,0.0,0.0,499,0
4683,2343996,-25954.0,500,False,10597.013843261719,22.93756080823095,1.4461236771956957e-31,7.389056205749512,300000,9999835472.997665,0.0,0.0,499,0
4684,2343997,-25954.0,500,False,10597.013843261719,22.93756080823095,1.4461236771956957e-31,7.389056205749512,300000,9999835472.997665,0.0,0.0,499,0
4685,2343998,-25954.0,500,False,10597.013843261719,22.93756080823095,1.4461236771956957e-31,7.389056205749512,300000,9999835472.997665,0.0,0.0,499,0
4686,2343999,-25954.0,500,False,10597.013843261719,22.93756080823095,1.4461236771956957e-31,7.389056205749512,300000,9999835472.997665,0.0,0.0,499,0
4687,2344000,-25954.0,500,False,10597.013843261719,22.93756080823095,1.4461236771956957e-31,7.389056205749512,300000,9999835472.997665,0.0,0.0,499,0
4688,2351985,-25954.0,500,False,10597.910463623048,22.653649577724746,1.4651676659007971e-31,7.389056205749512,300000,9999835472.997665,0.0,0.0,499,0
4689,2351986,-25954.0,500,False,10597.910463623048,22.653649577724746,1.4651676659007971e-31,7.389056205749512,300000,9999835472.997665,0.0,0.0,499,0
4690,2351987,-25954.0,500,False,10597.910463623048,22.653649577724746,1.4651676659007971e-31,7.389056205749512,300000,9999835472.997665,0.0,0.0,499,0
4691,2351988,-25954.0,500,False,10597.910463623048,22.653649577724746,1.4651676659007971e-31,7.389056205749512,300000,9999835472.997665,0.0,0.0,499,0
4692,2351989,-25954.0,500,False,10597.910463623048,22.653649577724746,1.4651676659007971e-31,7.389056205749512,300000,9999835472.997665,0.0,0.0,499,0
4693,2351990,-25954.0,500,False,10597.910463623048,22.653649577724746,1.4651676659007971e-31,7.389056205749512,300000,9999835472.997665,0.0,0.0,499,0
4694,2351991,-25954.0,500,False,10597.910463623048,22.653649577724746,1.4651676659007971e-31,7.389056205749512,300000,9999835472.997665,0.0,0.0,499,0
4695,2351992,-25954.0,500,False,10597.910463623048,22.653649577724746,1.4651676659007971e-31,7.389056205749512,300000,9999835472.997665,0.0,0.0,499,0
4696,2351993,-25954.0,500,False,10597.910463623048,22.653649577724746,1.4651676659007971e-31,7.389056205749512,300000,9999835472.997665,0.0,0.0,499,0
4697,2351994,-25954.0,500,False,10597.910463623048,22.653649577724746,1.4651676659007971e-31,7.389056205749512,300000,9999835472.997665,0.0,0.0,499,0
4698,2351995,-25954.0,500,False,10597.910463623048,22.653649577724746,1.4651676659007971e-31,7.389056205749512,300000,9999835472.997665,0.0,0.0,499,0
4699,2351996,-25954.0,500,False,10597.910463623048,22.653649577724746,1.4651676659007971e-31,7.389056205749512,300000,9999835472.997665,0.0,0.0,499,0
4700,2351997,-25954.0,500,False,10597.910463623048,22.653649577724746,1.4651676659007971e-31,7.389056205749512,300000,9999835472.997665,0.0,0.0,499,0
4701,2351998,-25954.0,500,False,10597.910463623048,22.653649577724746,1.4651676659007971e-31,7.389056205749512,300000,9999835472.997665,0.0,0.0,499,0
4702,2351999,-25954.0,500,False,10597.910463623048,22.653649577724746,1.4651676659007971e-31,7.389056205749512,300000,9999835472.997665,0.0,0.0,499,0
4703,2352000,-25954.0,500,False,10597.910463623048,22.653649577724746,1.4651676659007971e-31,7.389056205749512,300000,9999835472.997665,0.0,0.0,499,0
4704,2359985,-25954.0,500,False,10599.680802246094,22.59811569672427,1.4648214129249122e-31,7.389056205749512,300000,9999835472.997665,0.0,0.0,499,0
4705,2359986,-25954.0,500,False,10599.680802246094,22.59811569672427,1.4648214129249122e-31,7.389056205749512,300000,9999835472.997665,0.0,0.0,499,0
4706,2359987,-25954.0,500,False,10599.680802246094,22.59811569672427,1.4648214129249122e-31,7.389056205749512,300000,9999835472.997665,0.0,0.0,499,0
4707,2359988,-25954.0,500,False,10599.680802246094,22.59811569672427,1.4648214129249122e-31,7.389056205749512,300000,9999835472.997665,0.0,0.0,499,0
4708,2359989,-25954.0,500,False,10599.680802246094,22.59811569672427,1.4648214129249122e-31,7.389056205749512,300000,9999835472.997665,0.0,0.0,499,0
4709,2359990,-25954.0,500,False,10599.680802246094,22.59811569672427,1.4648214129249122e-31,7.389056205749512,300000,9999835472.997665,0.0,0.0,499,0
4710,2359991,-25954.0,500,False,10599.680802246094,22.59811569672427,1.4648214129249122e-31,7.389056205749512,300000,9999835472.997665,0.0,0.0,499,0
4711,2359992,-25954.0,500,False,10599.680802246094,22.59811569672427,1.4648214129249122e-31,7.389056205749512,300000,9999835472.997665,0.0,0.0,499,0
4712,2359993,-25954.0,500,False,10599.680802246094,22.59811569672427,1.4648214129249122e-31,7.389056205749512,300000,9999835472.997665,0.0,0.0,499,0
4713,2359994,-25954.0,500,False,10599.680802246094,22.59811569672427,1.4648214129249122e-31,7.389056205749512,300000,9999835472.997665,0.0,0.0,499,0
4714,2359995,-25954.0,500,False,10599.680802246094,22.59811569672427,1.4648214129249122e-31,7.389056205749512,300000,9999835472.997665,0.0,0.0,499,0
4715,2359996,-25954.0,500,False,10599.680802246094,22.59811569672427,1.4648214129249122e-31,7.389056205749512,300000,9999835472.997665,0.0,0.0,499,0
4716,2359997,-25954.0,500,False,10599.680802246094,22.59811569672427,1.4648214129249122e-31,7.389056205749512,300000,9999835472.997665,0.0,0.0,499,0
4717,2359998,-25954.0,500,False,10599.680802246094,22.59811569672427,1.4648214129249122e-31,7.389056205749512,300000,9999835472.997665,0.0,0.0,499,0
4718,2359999,-25954.0,500,False,10599.680802246094,22.59811569672427,1.4648214129249122e-31,7.389056205749512,300000,9999835472.997665,0.0,0.0,499,0
4719,2360000,-25954.0,500,False,10599.680802246094,22.59811569672427,1.4648214129249122e-31,7.389056205749512,300000,9999835472.997665,0.0,0.0,499,0
4720,2367985,-25954.0,500,False,10600.929805419923,23.13316223115503,1.4668989384778723e-31,7.389056205749512,300000,9999835472.997665,0.0,0.0,499,0
4721,2367986,-25954.0,500,False,10600.929805419923,23.13316223115503,1.4668989384778723e-31,7.389056205749512,300000,9999835472.997665,0.0,0.0,499,0
4722,2367987,-25954.0,500,False,10600.929805419923,23.13316223115503,1.4668989384778723e-31,7.389056205749512,300000,9999835472.997665,0.0,0.0,499,0
4723,2367988,-25954.0,500,False,10600.929805419923,23.13316223115503,1.4668989384778723e-31,7.389056205749512,300000,9999835472.997665,0.0,0.0,499,0
4724,2367989,-25954.0,500,False,10600.929805419923,23.13316223115503,1.4668989384778723e-31,7.389056205749512,300000,9999835472.997665,0.0,0.0,499,0
4725,2367990,-25954.0,500,False,10600.929805419923,23.13316223115503,1.4668989384778723e-31,7.389056205749512,300000,9999835472.997665,0.0,0.0,499,0
4726,2367991,-25954.0,500,False,10600.929805419923,23.13316223115503,1.4668989384778723e-31,7.389056205749512,300000,9999835472.997665,0.0,0.0,499,0
4727,2367992,-25954.0,500,False,10600.929805419923,23.13316223115503,1.4668989384778723e-31,7.389056205749512,300000,9999835472.997665,0.0,0.0,499,0
4728,2367993,-25954.0,500,False,10600.929805419923,23.13316223115503,1.4668989384778723e-31,7.389056205749512,300000,9999835472.997665,0.0,0.0,499,0
4729,2367994,-25954.0,500,False,10600.929805419923,23.13316223115503,1.4668989384778723e-31,7.389056205749512,300000,9999835472.997665,0.0,0.0,499,0
4730,2367995,-25954.0,500,False,10600.929805419923,23.13316223115503,1.4668989384778723e-31,7.389056205749512,300000,9999835472.997665,0.0,0.0,499,0
4731,2367996,-25954.0,500,False,10600.929805419923,23.13316223115503,1.4668989384778723e-31,7.389056205749512,300000,9999835472.997665,0.0,0.0,499,0
4732,2367997,-25954.0,500,False,10600.929805419923,23.13316223115503,1.4668989384778723e-31,7.389056205749512,300000,9999835472.997665,0.0,0.0,499,0
4733,2367998,-25954.0,500,False,10600.929805419923,23.13316223115503,1.4668989384778723e-31,7.389056205749512,300000,9999835472.997665,0.0,0.0,499,0
4734,2367999,-25954.0,500,False,10600.929805419923,23.13316223115503,1.4668989384778723e-31,7.389056205749512,300000,9999835472.997665,0.0,0.0,499,0
4735,2368000,-25954.0,500,False,10600.929805419923,23.13316223115503,1.4668989384778723e-31,7.389056205749512,300000,9999835472.997665,0.0,0.0,499,0
4736,2375985,-25954.0,500,False,10601.749292480468,22.722382486254617,1.4504518556725566e-31,7.389056205749512,300000,9999835472.997665,0.0,0.0,499,0
4737,2375986,-25954.0,500,False,10601.749292480468,22.722382486254617,1.4504518556725566e-31,7.389056205749512,300000,9999835472.997665,0.0,0.0,499,0
4738,2375987,-25954.0,500,False,10601.749292480468,22.722382486254617,1.4504518556725566e-31,7.389056205749512,300000,9999835472.997665,0.0,0.0,499,0
4739,2375988,-25954.0,500,False,10601.749292480468,22.722382486254617,1.4504518556725566e-31,7.389056205749512,300000,9999835472.997665,0.0,0.0,499,0
4740,2375989,-25954.0,500,False,10601.749292480468,22.722382486254617,1.4504518556725566e-31,7.389056205749512,300000,9999835472.997665,0.0,0.0,499,0
4741,2375990,-25954.0,500,False,10601.749292480468,22.722382486254617,1.4504518556725566e-31,7.389056205749512,300000,9999835472.997665,0.0,0.0,499,0
4742,2375991,-25954.0,500,False,10601.749292480468,22.722382486254617,1.4504518556725566e-31,7.389056205749512,300000,9999835472.997665,0.0,0.0,499,0
4743,2375992,-25954.0,500,False,10601.749292480468,22.722382486254617,1.4504518556725566e-31,7.389056205749512,300000,9999835472.997665,0.0,0.0,499,0
4744,2375993,-25954.0,500,False,10601.749292480468,22.722382486254617,1.4504518556725566e-31,7.389056205749512,300000,9999835472.997665,0.0,0.0,499,0
4745,2375994,-25954.0,500,False,10601.749292480468,22.722382486254617,1.4504518556725566e-31,7.389056205749512,300000,9999835472.997665,0.0,0.0,499,0
4746,2375995,-25954.0,500,False,10601.749292480468,22.722382486254617,1.4504518556725566e-31,7.389056205749512,300000,9999835472.997665,0.0,0.0,499,0
4747,2375996,-25954.0,500,False,10601.749292480468,22.722382486254617,1.4504518556725566e-31,7.389056205749512,300000,9999835472.997665,0.0,0.0,499,0
4748,2375997,-25954.0,500,False,10601.749292480468,22.722382486254617,1.4504518556725566e-31,7.389056205749512,300000,9999835472.997665,0.0,0.0,499,0
4749,2375998,-25954.0,500,False,10601.749292480468,22.722382486254617,1.4504518556725566e-31,7.389056205749512,300000,9999835472.997665,0.0,0.0,499,0
4750,2375999,-25954.0,500,False,10601.749292480468,22.722382486254617,1.4504518556725566e-31,7.389056205749512,300000,9999835472.997665,0.0,0.0,499,0
4751,2376000,-25954.0,500,False,10601.749292480468,22.722382486254617,1.4504518556725566e-31,7.389056205749512,300000,9999835472.997665,0.0,0.0,499,0
4752,2383985,-25954.0,500,False,10603.044474365235,22.941810649901978,1.4760746774562542e-31,7.389056205749512,300000,9999835472.997665,0.0,0.0,499,0
4753,2383986,-25954.0,500,False,10603.044474365235,22.941810649901978,1.4760746774562542e-31,7.389056205749512,300000,9999835472.997665,0.0,0.0,499,0
4754,2383987,-25954.0,500,False,10603.044474365235,22.941810649901978,1.4760746774562542e-31,7.389056205749512,300000,9999835472.997665,0.0,0.0,499,0
4755,2383988,-25954.0,500,False,10603.044474365235,22.941810649901978,1.4760746774562542e-31,7.389056205749512,300000,9999835472.997665,0.0,0.0,499,0
4756,2383989,-25954.0,500,False,10603.044474365235,22.941810649901978,1.4760746774562542e-31,7.389056205749512,300000,9999835472.997665,0.0,0.0,499,0
4757,2383990,-25954.0,500,False,10603.044474365235,22.941810649901978,1.4760746774562542e-31,7.389056205749512,300000,9999835472.997665,0.0,0.0,499,0
4758,2383991,-25954.0,500,False,10603.044474365235,22.941810649901978,1.4760746774562542e-31,7.389056205749512,300000,9999835472.997665,0.0,0.0,499,0
4759,2383992,-25954.0,500,False,10603.044474365235,22.941810649901978,1.4760746774562542e-31,7.389056205749512,300000,9999835472.997665,0.0,0.0,499,0
4760,2383993,-25954.0,500,False,10603.044474365235,22.941810649901978,1.4760746774562542e-31,7.389056205749512,300000,9999835472.997665,0.0,0.0,499,0
4761,2383994,-25954.0,500,False,10603.044474365235,22.941810649901978,1.4760746774562542e-31,7.389056205749512,300000,9999835472.997665,0.0,0.0,499,0
4762,2383995,-25954.0,500,False,10603.044474365235,22.941810649901978,1.4760746774562542e-31,7.389056205749512,300000,9999835472.997665,0.0,0.0,499,0
4763,2383996,-25954.0,500,False,10603.044474365235,22.941810649901978,1.4760746774562542e-31,7.389056205749512,300000,9999835472.997665,0.0,0.0,499,0
4764,2383997,-25954.0,500,False,10603.044474365235,22.941810649901978,1.4760746774562542e-31,7.389056205749512,300000,9999835472.997665,0.0,0.0,499,0
4765,2383998,-25954.0,500,False,10603.044474365235,22.941810649901978,1.4760746774562542e-31,7.389056205749512,300000,9999835472.997665,0.0,0.0,499,0
4766,2383999,-25954.0,500,False,10603.044474365235,22.941810649901978,1.4760746774562542e-31,7.389056205749512,300000,9999835472.997665,0.0,0.0,499,0
4767,2384000,-25954.0,500,False,10603.044474365235,22.941810649901978,1.4760746774562542e-31,7.389056205749512,300000,9999835472.997665,0.0,0.0,499,0
4768,2391985,-25954.0,500,False,10604.514013183594,22.98268326336867,1.451317493098477e-31,7.389056205749512,300000,9999835472.997665,0.0,0.0,499,0
4769,2391986,-25954.0,500,False,10604.514013183594,22.98268326336867,1.451317493098477e-31,7.389056205749512,300000,9999835472.997665,0.0,0.0,499,0
4770,2391987,-25954.0,500,False,10604.514013183594,22.98268326336867,1.451317493098477e-31,7.389056205749512,300000,9999835472.997665,0.0,0.0,499,0
4771,2391988,-25954.0,500,False,10604.514013183594,22.98268326336867,1.451317493098477e-31,7.389056205749512,300000,9999835472.997665,0.0,0.0,499,0
4772,2391989,-25954.0,500,False,10604.514013183594,22.98268326336867,1.451317493098477e-31,7.389056205749512,300000,9999835472.997665,0.0,0.0,499,0
4773,2391990,-25954.0,500,False,10604.514013183594,22.98268326336867,1.451317493098477e-31,7.389056205749512,300000,9999835472.997665,0.0,0.0,499,0
4774,2391991,-25954.0,500,False,10604.514013183594,22.98268326336867,1.451317493098477e-31,7.389056205749512,300000,9999835472.997665,0.0,0.0,499,0
4775,2391992,-25954.0,500,False,10604.514013183594,22.98268326336867,1.451317493098477e-31,7.389056205749512,300000,9999835472.997665,0.0,0.0,499,0
4776,2391993,-25954.0,500,False,10604.514013183594,22.98268326336867,1.451317493098477e-31,7.389056205749512,300000,9999835472.997665,0.0,0.0,499,0
4777,2391994,-25954.0,500,False,10604.514013183594,22.98268326336867,1.451317493098477e-31,7.389056205749512,300000,9999835472.997665,0.0,0.0,499,0
4778,2391995,-25954.0,500,False,10604.514013183594,22.98268326336867,1.451317493098477e-31,7.389056205749512,300000,9999835472.997665,0.0,0.0,499,0
4779,2391996,-25954.0,500,False,10604.514013183594,22.98268326336867,1.451317493098477e-31,7.389056205749512,300000,9999835472.997665,0.0,0.0,499,0
4780,2391997,-25954.0,500,False,10604.514013183594,22.98268326336867,1.451317493098477e-31,7.389056205749512,300000,9999835472.997665,0.0,0.0,499,0
4781,2391998,-25954.0,500,False,10604.514013183594,22.98268326336867,1.451317493098477e-31,7.389056205749512,300000,9999835472.997665,0.0,0.0,499,0
4782,2391999,-25954.0,500,False,10604.514013183594,22.98268326336867,1.451317493098477e-31,7.389056205749512,300000,9999835472.997665,0.0,0.0,499,0
4783,2392000,-25954.0,500,False,10604.514013183594,22.98268326336867,1.451317493098477e-31,7.389056205749512,300000,9999835472.997665,0.0,0.0,499,0
4784,2399985,-25954.0,500,False,10606.219159423828,23.143414263808925,1.4447386596552938e-31,7.389056205749512,300000,9999835472.997665,0.0,0.0,499,0
4785,2399986,-25954.0,500,False,10606.219159423828,23.143414263808925,1.4447386596552938e-31,7.389056205749512,300000,9999835472.997665,0.0,0.0,499,0
4786,2399987,-25954.0,500,False,10606.219159423828,23.143414263808925,1.4447386596552938e-31,7.389056205749512,300000,9999835472.997665,0.0,0.0,499,0
4787,2399988,-25954.0,500,False,10606.219159423828,23.143414263808925,1.4447386596552938e-31,7.389056205749512,300000,9999835472.997665,0.0,0.0,499,0
4788,2399989,-25954.0,500,False,10606.219159423828,23.143414263808925,1.4447386596552938e-31,7.389056205749512,300000,9999835472.997665,0.0,0.0,499,0
4789,2399990,-25954.0,500,False,10606.219159423828,23.143414263808925,1.4447386596552938e-31,7.389056205749512,300000,9999835472.997665,0.0,0.0,499,0
4790,2399991,-25954.0,500,False,10606.219159423828,23.143414263808925,1.4447386596552938e-31,7.389056205749512,300000,9999835472.997665,0.0,0.0,499,0
4791,2399992,-25954.0,500,False,10606.219159423828,23.143414263808925,1.4447386596552938e-31,7.389056205749512,300000,9999835472.997665,0.0,0.0,499,0
4792,2399993,-25954.0,500,False,10606.219159423828,23.143414263808925,1.4447386596552938e-31,7.389056205749512,300000,9999835472.997665,0.0,0.0,499,0
4793,2399994,-25954.0,500,False,10606.219159423828,23.143414263808925,1.4447386596552938e-31,7.389056205749512,300000,9999835472.997665,0.0,0.0,499,0
4794,2399995,-25954.0,500,False,10606.219159423828,23.143414263808925,1.4447386596552938e-31,7.389056205749512,300000,9999835472.997665,0.0,0.0,499,0
4795,2399996,-25954.0,500,False,10606.219159423828,23.143414263808925,1.4447386596552938e-31,7.389056205749512,300000,9999835472.997665,0.0,0.0,499,0
4796,2399997,-25954.0,500,False,10606.219159423828,23.143414263808925,1.4447386596552938e-31,7.389056205749512,300000,9999835472.997665,0.0,0.0,499,0
4797,2399998,-25954.0,500,False,10606.219159423828,23.143414263808925,1.4447386596552938e-31,7.389056205749512,300000,9999835472.997665,0.0,0.0,499,0
4798,2399999,-25954.0,500,False,10606.219159423828,23.143414263808925,1.4447386596552938e-31,7.389056205749512,300000,9999835472.997665,0.0,0.0,499,0
4799,2400000,-25954.0,500,False,10606.219159423828,23.143414263808925,1.4447386596552938e-31,7.389056205749512,300000,9999835472.997665,0.0,0.0,499,0
4800,2407985,-25954.0,500,False,10607.946950683594,23.400499868141488,1.4618782517386607e-31,7.389056205749512,300000,9999835472.997665,0.0,0.0,499,0
4801,2407986,-25954.0,500,False,10607.946950683594,23.400499868141488,1.4618782517386607e-31,7.389056205749512,300000,9999835472.997665,0.0,0.0,499,0
4802,2407987,-25954.0,500,False,10607.946950683594,23.400499868141488,1.4618782517386607e-31,7.389056205749512,300000,9999835472.997665,0.0,0.0,499,0
4803,2407988,-25954.0,500,False,10607.946950683594,23.400499868141488,1.4618782517386607e-31,7.389056205749512,300000,9999835472.997665,0.0,0.0,499,0
4804,2407989,-25954.0,500,False,10607.946950683594,23.400499868141488,1.4618782517386607e-31,7.389056205749512,300000,9999835472.997665,0.0,0.0,499,0
4805,2407990,-25954.0,500,False,10607.946950683594,23.400499868141488,1.4618782517386607e-31,7.389056205749512,300000,9999835472.997665,0.0,0.0,499,0
4806,2407991,-25954.0,500,False,10607.946950683594,23.400499868141488,1.4618782517386607e-31,7.389056205749512,300000,9999835472.997665,0.0,0.0,499,0
4807,2407992,-25954.0,500,False,10607.946950683594,23.400499868141488,1.4618782517386607e-31,7.389056205749512,300000,9999835472.997665,0.0,0.0,499,0
4808,2407993,-25954.0,500,False,10607.946950683594,23.400499868141488,1.4618782517386607e-31,7.389056205749512,300000,9999835472.997665,0.0,0.0,499,0
4809,2407994,-25954.0,500,False,10607.946950683594,23.400499868141488,1.4618782517386607e-31,7.389056205749512,300000,9999835472.997665,0.0,0.0,499,0
4810,2407995,-25954.0,500,False,10607.946950683594,23.400499868141488,1.4618782517386607e-31,7.389056205749512,300000,9999835472.997665,0.0,0.0,499,0
4811,2407996,-25954.0,500,False,10607.946950683594,23.400499868141488,1.4618782517386607e-31,7.389056205749512,300000,9999835472.997665,0.0,0.0,499,0
4812,2407997,-25954.0,500,False,10607.946950683594,23.400499868141488,1.4618782517386607e-31,7.389056205749512,300000,9999835472.997665,0.0,0.0,499,0
4813,2407998,-25954.0,500,False,10607.946950683594,23.400499868141488,1.4618782517386607e-31,7.389056205749512,300000,9999835472.997665,0.0,0.0,499,0
4814,2407999,-25954.0,500,False,10607.946950683594,23.400499868141488,1.4618782517386607e-31,7.389056205749512,300000,9999835472.997665,0.0,0.0,499,0
4815,2408000,-25954.0,500,False,10607.946950683594,23.400499868141488,1.4618782517386607e-31,7.389056205749512,300000,9999835472.997665,0.0,0.0,499,0
4816,2415985,-25954.0,500,False,10608.704170654297,23.636761749196506,1.46551391907872e-31,7.389056205749512,300000,9999835472.997665,0.0,0.0,499,0
4817,2415986,-25954.0,500,False,10608.704170654297,23.636761749196506,1.46551391907872e-31,7.389056205749512,300000,9999835472.997665,0.0,0.0,499,0
4818,2415987,-25954.0,500,False,10608.704170654297,23.636761749196506,1.46551391907872e-31,7.389056205749512,300000,9999835472.997665,0.0,0.0,499,0
4819,2415988,-25954.0,500,False,10608.704170654297,23.636761749196506,1.46551391907872e-31,7.389056205749512,300000,9999835472.997665,0.0,0.0,499,0
4820,2415989,-25954.0,500,False,10608.704170654297,23.636761749196506,1.46551391907872e-31,7.389056205749512,300000,9999835472.997665,0.0,0.0,499,0
4821,2415990,-25954.0,500,False,10608.704170654297,23.636761749196506,1.46551391907872e-31,7.389056205749512,300000,9999835472.997665,0.0,0.0,499,0
4822,2415991,-25954.0,500,False,10608.704170654297,23.636761749196506,1.46551391907872e-31,7.389056205749512,300000,9999835472.997665,0.0,0.0,499,0
4823,2415992,-25954.0,500,False,10608.704170654297,23.636761749196506,1.46551391907872e-31,7.389056205749512,300000,9999835472.997665,0.0,0.0,499,0
4824,2415993,-25954.0,500,False,10608.704170654297,23.636761749196506,1.46551391907872e-31,7.389056205749512,300000,9999835472.997665,0.0,0.0,499,0
4825,2415994,-25954.0,500,False,10608.704170654297,23.636761749196506,1.46551391907872e-31,7.389056205749512,300000,9999835472.997665,0.0,0.0,499,0
4826,2415995,-25954.0,500,False,10608.704170654297,23.636761749196506,1.46551391907872e-31,7.389056205749512,300000,9999835472.997665,0.0,0.0,499,0
4827,2415996,-25954.0,500,False,10608.704170654297,23.636761749196506,1.46551391907872e-31,7.389056205749512,300000,9999835472.997665,0.0,0.0,499,0
4828,2415997,-25954.0,500,False,10608.704170654297,23.636761749196506,1.46551391907872e-31,7.389056205749512,300000,9999835472.997665,0.0,0.0,499,0
4829,2415998,-25954.0,500,False,10608.704170654297,23.636761749196506,1.46551391907872e-31,7.389056205749512,300000,9999835472.997665,0.0,0.0,499,0
4830,2415999,-25954.0,500,False,10608.704170654297,23.636761749196506,1.46551391907872e-31,7.389056205749512,300000,9999835472.997665,0.0,0.0,499,0
4831,2416000,-25954.0,500,False,10608.704170654297,23.636761749196506,1.46551391907872e-31,7.389056205749512,300000,9999835472.997665,0.0,0.0,499,0
4832,2423985,-25954.0,500,False,10609.618257080077,22.552072243907254,1.4731315165308156e-31,7.389056205749512,300000,9999835472.997665,0.0,0.0,499,0
4833,2423986,-25954.0,500,False,10609.618257080077,22.552072243907254,1.4731315165308156e-31,7.389056205749512,300000,9999835472.997665,0.0,0.0,499,0
4834,2423987,-25954.0,500,False,10609.618257080077,22.552072243907254,1.4731315165308156e-31,7.389056205749512,300000,9999835472.997665,0.0,0.0,499,0
4835,2423988,-25954.0,500,False,10609.618257080077,22.552072243907254,1.4731315165308156e-31,7.389056205749512,300000,9999835472.997665,0.0,0.0,499,0
4836,2423989,-25954.0,500,False,10609.618257080077,22.552072243907254,1.4731315165308156e-31,7.389056205749512,300000,9999835472.997665,0.0,0.0,499,0
4837,2423990,-25954.0,500,False,10609.618257080077,22.552072243907254,1.4731315165308156e-31,7.389056205749512,300000,9999835472.997665,0.0,0.0,499,0
4838,2423991,-25954.0,500,False,10609.618257080077,22.552072243907254,1.4731315165308156e-31,7.389056205749512,300000,9999835472.997665,0.0,0.0,499,0
4839,2423992,-25954.0,500,False,10609.618257080077,22.552072243907254,1.4731315165308156e-31,7.389056205749512,300000,9999835472.997665,0.0,0.0,499,0
4840,2423993,-25954.0,500,False,10609.618257080077,22.552072243907254,1.4731315165308156e-31,7.389056205749512,300000,9999835472.997665,0.0,0.0,499,0
4841,2423994,-25954.0,500,False,10609.618257080077,22.552072243907254,1.4731315165308156e-31,7.389056205749512,300000,9999835472.997665,0.0,0.0,499,0
4842,2423995,-25954.0,500,False,10609.618257080077,22.552072243907254,1.4731315165308156e-31,7.389056205749512,300000,9999835472.997665,0.0,0.0,499,0
4843,2423996,-25954.0,500,False,10609.618257080077,22.552072243907254,1.4731315165308156e-31,7.389056205749512,300000,9999835472.997665,0.0,0.0,499,0
4844,2423997,-25954.0,500,False,10609.618257080077,22.552072243907254,1.4731315165308156e-31,7.389056205749512,300000,9999835472.997665,0.0,0.0,499,0
4845,2423998,-25954.0,500,False,10609.618257080077,22.552072243907254,1.4731315165308156e-31,7.389056205749512,300000,9999835472.997665,0.0,0.0,499,0
4846,2423999,-25954.0,500,False,10609.618257080077,22.552072243907254,1.4731315165308156e-31,7.389056205749512,300000,9999835472.997665,0.0,0.0,499,0
4847,2424000,-25954.0,500,False,10609.618257080077,22.552072243907254,1.4731315165308156e-31,7.389056205749512,300000,9999835472.997665,0.0,0.0,499,0
4848,2431985,-25954.0,500,False,10611.30874243164,22.904576730866452,1.464994538857709e-31,7.389056205749512,300000,9999835472.997665,0.0,0.0,499,0
4849,2431986,-25954.0,500,False,10611.30874243164,22.904576730866452,1.464994538857709e-31,7.389056205749512,300000,9999835472.997665,0.0,0.0,499,0
4850,2431987,-25954.0,500,False,10611.30874243164,22.904576730866452,1.464994538857709e-31,7.389056205749512,300000,9999835472.997665,0.0,0.0,499,0
4851,2431988,-25954.0,500,False,10611.30874243164,22.904576730866452,1.464994538857709e-31,7.389056205749512,300000,9999835472.997665,0.0,0.0,499,0
4852,2431989,-25954.0,500,False,10611.30874243164,22.904576730866452,1.464994538857709e-31,7.389056205749512,300000,9999835472.997665,0.0,0.0,499,0
4853,2431990,-25954.0,500,False,10611.30874243164,22.904576730866452,1.464994538857709e-31,7.389056205749512,300000,9999835472.997665,0.0,0.0,499,0
4854,2431991,-25954.0,500,False,10611.30874243164,22.904576730866452,1.464994538857709e-31,7.389056205749512,300000,9999835472.997665,0.0,0.0,499,0
4855,2431992,-25954.0,500,False,10611.30874243164,22.904576730866452,1.464994538857709e-31,7.389056205749512,300000,9999835472.997665,0.0,0.0,499,0
4856,2431993,-25954.0,500,False,10611.30874243164,22.904576730866452,1.464994538857709e-31,7.389056205749512,300000,9999835472.997665,0.0,0.0,499,0
4857,2431994,-25954.0,500,False,10611.30874243164,22.904576730866452,1.464994538857709e-31,7.389056205749512,300000,9999835472.997665,0.0,0.0,499,0
4858,2431995,-25954.0,500,False,10611.30874243164,22.904576730866452,1.464994538857709e-31,7.389056205749512,300000,9999835472.997665,0.0,0.0,499,0
4859,2431996,-25954.0,500,False,10611.30874243164,22.904576730866452,1.464994538857709e-31,7.389056205749512,300000,9999835472.997665,0.0,0.0,499,0
4860,2431997,-25954.0,500,False,10611.30874243164,22.904576730866452,1.464994538857709e-31,7.389056205749512,300000,9999835472.997665,0.0,0.0,499,0
4861,2431998,-25954.0,500,False,10611.30874243164,22.904576730866452,1.464994538857709e-31,7.389056205749512,300000,9999835472.997665,0.0,0.0,499,0
4862,2431999,-25954.0,500,False,10611.30874243164,22.904576730866452,1.464994538857709e-31,7.389056205749512,300000,9999835472.997665,0.0,0.0,499,0
4863,2432000,-25954.0,500,False,10611.30874243164,22.904576730866452,1.464994538857709e-31,7.389056205749512,300000,9999835472.997665,0.0,0.0,499,0
4864,2439985,-25954.0,500,False,10612.856903564452,22.930781371550342,1.4521831280154514e-31,7.389056205749512,300000,9999835472.997665,0.0,0.0,499,0
4865,2439986,-25954.0,500,False,10612.856903564452,22.930781371550342,1.4521831280154514e-31,7.389056205749512,300000,9999835472.997665,0.0,0.0,499,0
4866,2439987,-25954.0,500,False,10612.856903564452,22.930781371550342,1.4521831280154514e-31,7.389056205749512,300000,9999835472.997665,0.0,0.0,499,0
4867,2439988,-25954.0,500,False,10612.856903564452,22.930781371550342,1.4521831280154514e-31,7.389056205749512,300000,9999835472.997665,0.0,0.0,499,0
4868,2439989,-25954.0,500,False,10612.856903564452,22.930781371550342,1.4521831280154514e-31,7.389056205749512,300000,9999835472.997665,0.0,0.0,499,0
4869,2439990,-25954.0,500,False,10612.856903564452,22.930781371550342,1.4521831280154514e-31,7.389056205749512,300000,9999835472.997665,0.0,0.0,499,0
4870,2439991,-25954.0,500,False,10612.856903564452,22.930781371550342,1.4521831280154514e-31,7.389056205749512,300000,9999835472.997665,0.0,0.0,499,0
4871,2439992,-25954.0,500,False,10612.856903564452,22.930781371550342,1.4521831280154514e-31,7.389056205749512,300000,9999835472.997665,0.0,0.0,499,0
4872,2439993,-25954.0,500,False,10612.856903564452,22.930781371550342,1.4521831280154514e-31,7.389056205749512,300000,9999835472.997665,0.0,0.0,499,0
4873,2439994,-25954.0,500,False,10612.856903564452,22.930781371550342,1.4521831280154514e-31,7.389056205749512,300000,9999835472.997665,0.0,0.0,499,0
4874,2439995,-25954.0,500,False,10612.856903564452,22.930781371550342,1.4521831280154514e-31,7.389056205749512,300000,9999835472.997665,0.0,0.0,499,0
4875,2439996,-25954.0,500,False,10612.856903564452,22.930781371550342,1.4521831280154514e-31,7.389056205749512,300000,9999835472.997665,0.0,0.0,499,0
4876,2439997,-25954.0,500,False,10612.856903564452,22.930781371550342,1.4521831280154514e-31,7.389056205749512,300000,9999835472.997665,0.0,0.0,499,0
4877,2439998,-25954.0,500,False,10612.856903564452,22.930781371550342,1.4521831280154514e-31,7.389056205749512,300000,9999835472.997665,0.0,0.0,499,0
4878,2439999,-25954.0,500,False,10612.856903564452,22.930781371550342,1.4521831280154514e-31,7.389056205749512,300000,9999835472.997665,0.0,0.0,499,0
4879,2440000,-25954.0,500,False,10612.856903564452,22.930781371550342,1.4521831280154514e-31,7.389056205749512,300000,9999835472.997665,0.0,0.0,499,0
4880,2447985,-25954.0,500,False,10614.367193115235,22.735551906525274,1.421020236116982e-31,7.389056205749512,300000,9999835472.997665,0.0,0.0,499,0
4881,2447986,-25954.0,500,False,10614.367193115235,22.735551906525274,1.421020236116982e-31,7.389056205749512,300000,9999835472.997665,0.0,0.0,499,0
4882,2447987,-25954.0,500,False,10614.367193115235,22.735551906525274,1.421020236116982e-31,7.389056205749512,300000,9999835472.997665,0.0,0.0,499,0
4883,2447988,-25954.0,500,False,10614.367193115235,22.735551906525274,1.421020236116982e-31,7.389056205749512,300000,9999835472.997665,0.0,0.0,499,0
4884,2447989,-25954.0,500,False,10614.367193115235,22.735551906525274,1.421020236116982e-31,7.389056205749512,300000,9999835472.997665,0.0,0.0,499,0
4885,2447990,-25954.0,500,False,10614.367193115235,22.735551906525274,1.421020236116982e-31,7.389056205749512,300000,9999835472.997665,0.0,0.0,499,0
4886,2447991,-25954.0,500,False,10614.367193115235,22.735551906525274,1.421020236116982e-31,7.389056205749512,300000,9999835472.997665,0.0,0.0,499,0
4887,2447992,-25954.0,500,False,10614.367193115235,22.735551906525274,1.421020236116982e-31,7.389056205749512,300000,9999835472.997665,0.0,0.0,499,0
4888,2447993,-25954.0,500,False,10614.367193115235,22.735551906525274,1.421020236116982e-31,7.389056205749512,300000,9999835472.997665,0.0,0.0,499,0
4889,2447994,-25954.0,500,False,10614.367193115235,22.735551906525274,1.421020236116982e-31,7.389056205749512,300000,9999835472.997665,0.0,0.0,499,0
4890,2447995,-25954.0,500,False,10614.367193115235,22.735551906525274,1.421020236116982e-31,7.389056205749512,300000,9999835472.997665,0.0,0.0,499,0
4891,2447996,-25954.0,500,False,10614.367193115235,22.735551906525274,1.421020236116982e-31,7.389056205749512,300000,9999835472.997665,0.0,0.0,499,0
4892,2447997,-25954.0,500,False,10614.367193115235,22.735551906525274,1.421020236116982e-31,7.389056205749512,300000,9999835472.997665,0.0,0.0,499,0
4893,2447998,-25954.0,500,False,10614.367193115235,22.735551906525274,1.421020236116982e-31,7.389056205749512,300000,9999835472.997665,0.0,0.0,499,0
4894,2447999,-25954.0,500,False,10614.367193115235,22.735551906525274,1.421020236116982e-31,7.389056205749512,300000,9999835472.997665,0.0,0.0,499,0
4895,2448000,-25954.0,500,False,10614.367193115235,22.735551906525274,1.421020236116982e-31,7.389056205749512,300000,9999835472.997665,0.0,0.0,499,0
4896,2455985,-25954.0,500,False,10615.348845214843,23.016948348285748,1.472785261985462e-31,7.389056205749512,300000,9999835472.997665,0.0,0.0,499,0
4897,2455986,-25954.0,500,False,10615.348845214843,23.016948348285748,1.472785261985462e-31,7.389056205749512,300000,9999835472.997665,0.0,0.0,499,0
4898,2455987,-25954.0,500,False,10615.348845214843,23.016948348285748,1.472785261985462e-31,7.389056205749512,300000,9999835472.997665,0.0,0.0,499,0
4899,2455988,-25954.0,500,False,10615.348845214843,23.016948348285748,1.472785261985462e-31,7.389056205749512,300000,9999835472.997665,0.0,0.0,499,0
4900,2455989,-25954.0,500,False,10615.348845214843,23.016948348285748,1.472785261985462e-31,7.389056205749512,300000,9999835472.997665,0.0,0.0,499,0
4901,2455990,-25954.0,500,False,10615.348845214843,23.016948348285748,1.472785261985462e-31,7.389056205749512,300000,9999835472.997665,0.0,0.0,499,0
4902,2455991,-25954.0,500,False,10615.348845214843,23.016948348285748,1.472785261985462e-31,7.389056205749512,300000,9999835472.997665,0.0,0.0,499,0
4903,2455992,-25954.0,500,False,10615.348845214843,23.016948348285748,1.472785261985462e-31,7.389056205749512,300000,9999835472.997665,0.0,0.0,499,0
4904,2455993,-25954.0,500,False,10615.348845214843,23.016948348285748,1.472785261985462e-31,7.389056205749512,300000,9999835472.997665,0.0,0.0,499,0
4905,2455994,-25954.0,500,False,10615.348845214843,23.016948348285748,1.472785261985462e-31,7.389056205749512,300000,9999835472.997665,0.0,0.0,499,0
4906,2455995,-25954.0,500,False,10615.348845214843,23.016948348285748,1.472785261985462e-31,7.389056205749512,300000,9999835472.997665,0.0,0.0,499,0
4907,2455996,-25954.0,500,False,10615.348845214843,23.016948348285748,1.472785261985462e-31,7.389056205749512,300000,9999835472.997665,0.0,0.0,499,0
4908,2455997,-25954.0,500,False,10615.348845214843,23.016948348285748,1.472785261985462e-31,7.389056205749512,300000,9999835472.997665,0.0,0.0,499,0
4909,2455998,-25954.0,500,False,10615.348845214843,23.016948348285748,1.472785261985462e-31,7.389056205749512,300000,9999835472.997665,0.0,0.0,499,0
4910,2455999,-25954.0,500,False,10615.348845214843,23.016948348285748,1.472785261985462e-31,7.389056205749512,300000,9999835472.997665,0.0,0.0,499,0
4911,2456000,-25954.0,500,False,10615.348845214843,23.016948348285748,1.472785261985462e-31,7.389056205749512,300000,9999835472.997665,0.0,0.0,499,0
4912,2463985,-25954.0,500,False,10616.672147460937,22.894761393812658,1.4750359177535081e-31,7.389056205749512,300000,9999835472.997665,0.0,0.0,499,0
4913,2463986,-25954.0,500,False,10616.672147460937,22.894761393812658,1.4750359177535081e-31,7.389056205749512,300000,9999835472.997665,0.0,0.0,499,0
4914,2463987,-25954.0,500,False,10616.672147460937,22.894761393812658,1.4750359177535081e-31,7.389056205749512,300000,9999835472.997665,0.0,0.0,499,0
4915,2463988,-25954.0,500,False,10616.672147460937,22.894761393812658,1.4750359177535081e-31,7.389056205749512,300000,9999835472.997665,0.0,0.0,499,0
4916,2463989,-25954.0,500,False,10616.672147460937,22.894761393812658,1.4750359177535081e-31,7.389056205749512,300000,9999835472.997665,0.0,0.0,499,0
4917,2463990,-25954.0,500,False,10616.672147460937,22.894761393812658,1.4750359177535081e-31,7.389056205749512,300000,9999835472.997665,0.0,0.0,499,0
4918,2463991,-25954.0,500,False,10616.672147460937,22.894761393812658,1.4750359177535081e-31,7.389056205749512,300000,9999835472.997665,0.0,0.0,499,0
4919,2463992,-25954.0,500,False,10616.672147460937,22.894761393812658,1.4750359177535081e-31,7.389056205749512,300000,9999835472.997665,0.0,0.0,499,0
4920,2463993,-25954.0,500,False,10616.672147460937,22.894761393812658,1.4750359177535081e-31,7.389056205749512,300000,9999835472.997665,0.0,0.0,499,0
4921,2463994,-25954.0,500,False,10616.672147460937,22.894761393812658,1.4750359177535081e-31,7.389056205749512,300000,9999835472.997665,0.0,0.0,499,0
4922,2463995,-25954.0,500,False,10616.672147460937,22.894761393812658,1.4750359177535081e-31,7.389056205749512,300000,9999835472.997665,0.0,0.0,499,0
4923,2463996,-25954.0,500,False,10616.672147460937,22.894761393812658,1.4750359177535081e-31,7.389056205749512,300000,9999835472.997665,0.0,0.0,499,0
4924,2463997,-25954.0,500,False,10616.672147460937,22.894761393812658,1.4750359177535081e-31,7.389056205749512,300000,9999835472.997665,0.0,0.0,499,0
4925,2463998,-25954.0,500,False,10616.672147460937,22.894761393812658,1.4750359177535081e-31,7.389056205749512,300000,9999835472.997665,0.0,0.0,499,0
4926,2463999,-25954.0,500,False,10616.672147460937,22.894761393812658,1.4750359177535081e-31,7.389056205749512,300000,9999835472.997665,0.0,0.0,499,0
4927,2464000,-25954.0,500,False,10616.672147460937,22.894761393812658,1.4750359177535081e-31,7.389056205749512,300000,9999835472.997665,0.0,0.0,499,0
4928,2471985,-25954.0,500,False,10617.434865966798,23.091538370750147,1.4658601770274968e-31,7.389056205749512,300000,9999835472.997665,0.0,0.0,499,0
4929,2471986,-25954.0,500,False,10617.434865966798,23.091538370750147,1.4658601770274968e-31,7.389056205749512,300000,9999835472.997665,0.0,0.0,499,0
4930,2471987,-25954.0,500,False,10617.434865966798,23.091538370750147,1.4658601770274968e-31,7.389056205749512,300000,9999835472.997665,0.0,0.0,499,0
4931,2471988,-25954.0,500,False,10617.434865966798,23.091538370750147,1.4658601770274968e-31,7.389056205749512,300000,9999835472.997665,0.0,0.0,499,0
4932,2471989,-25954.0,500,False,10617.434865966798,23.091538370750147,1.4658601770274968e-31,7.389056205749512,300000,9999835472.997665,0.0,0.0,499,0
4933,2471990,-25954.0,500,False,10617.434865966798,23.091538370750147,1.4658601770274968e-31,7.389056205749512,300000,9999835472.997665,0.0,0.0,499,0
4934,2471991,-25954.0,500,False,10617.434865966798,23.091538370750147,1.4658601770274968e-31,7.389056205749512,300000,9999835472.997665,0.0,0.0,499,0
4935,2471992,-25954.0,500,False,10617.434865966798,23.091538370750147,1.4658601770274968e-31,7.389056205749512,300000,9999835472.997665,0.0,0.0,499,0
4936,2471993,-25954.0,500,False,10617.434865966798,23.091538370750147,1.4658601770274968e-31,7.389056205749512,300000,9999835472.997665,0.0,0.0,499,0
4937,2471994,-25954.0,500,False,10617.434865966798,23.091538370750147,1.4658601770274968e-31,7.389056205749512,300000,9999835472.997665,0.0,0.0,499,0
4938,2471995,-25954.0,500,False,10617.434865966798,23.091538370750147,1.4658601770274968e-31,7.389056205749512,300000,9999835472.997665,0.0,0.0,499,0
4939,2471996,-25954.0,500,False,10617.434865966798,23.091538370750147,1.4658601770274968e-31,7.389056205749512,300000,9999835472.997665,0.0,0.0,499,0
4940,2471997,-25954.0,500,False,10617.434865966798,23.091538370750147,1.4658601770274968e-31,7.389056205749512,300000,9999835472.997665,0.0,0.0,499,0
4941,2471998,-25954.0,500,False,10617.434865966798,23.091538370750147,1.4658601770274968e-31,7.389056205749512,300000,9999835472.997665,0.0,0.0,499,0
4942,2471999,-25954.0,500,False,10617.434865966798,23.091538370750147,1.4658601770274968e-31,7.389056205749512,300000,9999835472.997665,0.0,0.0,499,0
4943,2472000,-25954.0,500,False,10617.434865966798,23.091538370750147,1.4658601770274968e-31,7.389056205749512,300000,9999835472.997665,0.0,0.0,499,0
4944,2479985,-25954.0,500,False,10619.122953857423,23.035942501430398,1.4566844329302044e-31,7.389056205749512,300000,9999835472.997665,0.0,0.0,499,0
4945,2479986,-25954.0,500,False,10619.122953857423,23.035942501430398,1.4566844329302044e-31,7.389056205749512,300000,9999835472.997665,0.0,0.0,499,0
4946,2479987,-25954.0,500,False,10619.122953857423,23.035942501430398,1.4566844329302044e-31,7.389056205749512,300000,9999835472.997665,0.0,0.0,499,0
4947,2479988,-25954.0,500,False,10619.122953857423,23.035942501430398,1.4566844329302044e-31,7.389056205749512,300000,9999835472.997665,0.0,0.0,499,0
4948,2479989,-25954.0,500,False,10619.122953857423,23.035942501430398,1.4566844329302044e-31,7.389056205749512,300000,9999835472.997665,0.0,0.0,499,0
4949,2479990,-25954.0,500,False,10619.122953857423,23.035942501430398,1.4566844329302044e-31,7.389056205749512,300000,9999835472.997665,0.0,0.0,499,0
4950,2479991,-25954.0,500,False,10619.122953857423,23.035942501430398,1.4566844329302044e-31,7.389056205749512,300000,9999835472.997665,0.0,0.0,499,0
4951,2479992,-25954.0,500,False,10619.122953857423,23.035942501430398,1.4566844329302044e-31,7.389056205749512,300000,9999835472.997665,0.0,0.0,499,0
4952,2479993,-25954.0,500,False,10619.122953857423,23.035942501430398,1.4566844329302044e-31,7.389056205749512,300000,9999835472.997665,0.0,0.0,499,0
4953,2479994,-25954.0,500,False,10619.122953857423,23.035942501430398,1.4566844329302044e-31,7.389056205749512,300000,9999835472.997665,0.0,0.0,499,0
4954,2479995,-25954.0,500,False,10619.122953857423,23.035942501430398,1.4566844329302044e-31,7.389056205749512,300000,9999835472.997665,0.0,0.0,499,0
4955,2479996,-25954.0,500,False,10619.122953857423,23.035942501430398,1.4566844329302044e-31,7.389056205749512,300000,9999835472.997665,0.0,0.0,499,0
4956,2479997,-25954.0,500,False,10619.122953857423,23.035942501430398,1.4566844329302044e-31,7.389056205749512,300000,9999835472.997665,0.0,0.0,499,0
4957,2479998,-25954.0,500,False,10619.122953857423,23.035942501430398,1.4566844329302044e-31,7.389056205749512,300000,9999835472.997665,0.0,0.0,499,0
4958,2479999,-25954.0,500,False,10619.122953857423,23.035942501430398,1.4566844329302044e-31,7.389056205749512,300000,9999835472.997665,0.0,0.0,499,0
4959,2480000,-25954.0,500,False,10619.122953857423,23.035942501430398,1.4566844329302044e-31,7.389056205749512,300000,9999835472.997665,0.0,0.0,499,0
4960,2487985,-25954.0,500,False,10619.79774951172,23.511808789364995,1.4598007231578844e-31,7.389056205749512,300000,9999835472.997665,0.0,0.0,499,0
4961,2487986,-25954.0,500,False,10619.79774951172,23.511808789364995,1.4598007231578844e-31,7.389056205749512,300000,9999835472.997665,0.0,0.0,499,0
4962,2487987,-25954.0,500,False,10619.79774951172,23.511808789364995,1.4598007231578844e-31,7.389056205749512,300000,9999835472.997665,0.0,0.0,499,0
4963,2487988,-25954.0,500,False,10619.79774951172,23.511808789364995,1.4598007231578844e-31,7.389056205749512,300000,9999835472.997665,0.0,0.0,499,0
4964,2487989,-25954.0,500,False,10619.79774951172,23.511808789364995,1.4598007231578844e-31,7.389056205749512,300000,9999835472.997665,0.0,0.0,499,0
4965,2487990,-25954.0,500,False,10619.79774951172,23.511808789364995,1.4598007231578844e-31,7.389056205749512,300000,9999835472.997665,0.0,0.0,499,0
4966,2487991,-25954.0,500,False,10619.79774951172,23.511808789364995,1.4598007231578844e-31,7.389056205749512,300000,9999835472.997665,0.0,0.0,499,0
4967,2487992,-25954.0,500,False,10619.79774951172,23.511808789364995,1.4598007231578844e-31,7.389056205749512,300000,9999835472.997665,0.0,0.0,499,0
4968,2487993,-25954.0,500,False,10619.79774951172,23.511808789364995,1.4598007231578844e-31,7.389056205749512,300000,9999835472.997665,0.0,0.0,499,0
4969,2487994,-25954.0,500,False,10619.79774951172,23.511808789364995,1.4598007231578844e-31,7.389056205749512,300000,9999835472.997665,0.0,0.0,499,0
4970,2487995,-25954.0,500,False,10619.79774951172,23.511808789364995,1.4598007231578844e-31,7.389056205749512,300000,9999835472.997665,0.0,0.0,499,0
4971,2487996,-25954.0,500,False,10619.79774951172,23.511808789364995,1.4598007231578844e-31,7.389056205749512,300000,9999835472.997665,0.0,0.0,499,0
4972,2487997,-25954.0,500,False,10619.79774951172,23.511808789364995,1.4598007231578844e-31,7.389056205749512,300000,9999835472.997665,0.0,0.0,499,0
4973,2487998,-25954.0,500,False,10619.79774951172,23.511808789364995,1.4598007231578844e-31,7.389056205749512,300000,9999835472.997665,0.0,0.0,499,0
4974,2487999,-25954.0,500,False,10619.79774951172,23.511808789364995,1.4598007231578844e-31,7.389056205749512,300000,9999835472.997665,0.0,0.0,499,0
4975,2488000,-25954.0,500,False,10619.79774951172,23.511808789364995,1.4598007231578844e-31,7.389056205749512,300000,9999835472.997665,0.0,0.0,499,0
4976,2495985,-25954.0,500,False,10621.011588867188,23.22249070394988,1.46257075803114e-31,7.389056205749512,300000,9999835472.997665,0.0,0.0,499,0
4977,2495986,-25954.0,500,False,10621.011588867188,23.22249070394988,1.46257075803114e-31,7.389056205749512,300000,9999835472.997665,0.0,0.0,499,0
4978,2495987,-25954.0,500,False,10621.011588867188,23.22249070394988,1.46257075803114e-31,7.389056205749512,300000,9999835472.997665,0.0,0.0,499,0
4979,2495988,-25954.0,500,False,10621.011588867188,23.22249070394988,1.46257075803114e-31,7.389056205749512,300000,9999835472.997665,0.0,0.0,499,0
4980,2495989,-25954.0,500,False,10621.011588867188,23.22249070394988,1.46257075803114e-31,7.389056205749512,300000,9999835472.997665,0.0,0.0,499,0
4981,2495990,-25954.0,500,False,10621.011588867188,23.22249070394988,1.46257075803114e-31,7.389056205749512,300000,9999835472.997665,0.0,0.0,499,0
4982,2495991,-25954.0,500,False,10621.011588867188,23.22249070394988,1.46257075803114e-31,7.389056205749512,300000,9999835472.997665,0.0,0.0,499,0
4983,2495992,-25954.0,500,False,10621.011588867188,23.22249070394988,1.46257075803114e-31,7.389056205749512,300000,9999835472.997665,0.0,0.0,499,0
4984,2495993,-25954.0,500,False,10621.011588867188,23.22249070394988,1.46257075803114e-31,7.389056205749512,300000,9999835472.997665,0.0,0.0,499,0
4985,2495994,-25954.0,500,False,10621.011588867188,23.22249070394988,1.46257075803114e-31,7.389056205749512,300000,9999835472.997665,0.0,0.0,499,0
4986,2495995,-25954.0,500,False,10621.011588867188,23.22249070394988,1.46257075803114e-31,7.389056205749512,300000,9999835472.997665,0.0,0.0,499,0
4987,2495996,-25954.0,500,False,10621.011588867188,23.22249070394988,1.46257075803114e-31,7.389056205749512,300000,9999835472.997665,0.0,0.0,499,0
4988,2495997,-25954.0,500,False,10621.011588867188,23.22249070394988,1.46257075803114e-31,7.389056205749512,300000,9999835472.997665,0.0,0.0,499,0
4989,2495998,-25954.0,500,False,10621.011588867188,23.22249070394988,1.46257075803114e-31,7.389056205749512,300000,9999835472.997665,0.0,0.0,499,0
4990,2495999,-25954.0,500,False,10621.011588867188,23.22249070394988,1.46257075803114e-31,7.389056205749512,300000,9999835472.997665,0.0,0.0,499,0
4991,2496000,-25954.0,500,False,10621.011588867188,23.22249070394988,1.46257075803114e-31,7.389056205749512,300000,9999835472.997665,0.0,0.0,499,0
4992,2499993,-25954.0,500,False,10622.908719726562,23.2722443650394,1.4866354381443696e-31,7.389056205749512,300000,9999835472.997665,0.0,0.0,499,0
4993,2499994,-25954.0,500,False,10622.908719726562,23.2722443650394,1.4866354381443696e-31,7.389056205749512,300000,9999835472.997665,0.0,0.0,499,0
4994,2499995,-25954.0,500,False,10622.908719726562,23.2722443650394,1.4866354381443696e-31,7.389056205749512,300000,9999835472.997665,0.0,0.0,499,0
4995,2499996,-25954.0,500,False,10622.908719726562,23.2722443650394,1.4866354381443696e-31,7.389056205749512,300000,9999835472.997665,0.0,0.0,499,0
4996,2499997,-25954.0,500,False,10622.908719726562,23.2722443650394,1.4866354381443696e-31,7.389056205749512,300000,9999835472.997665,0.0,0.0,499,0
4997,2499998,-25954.0,500,False,10622.908719726562,23.2722443650394,1.4866354381443696e-31,7.389056205749512,300000,9999835472.997665,0.0,0.0,499,0
4998,2499999,-25954.0,500,False,10622.908719726562,23.2722443650394,1.4866354381443696e-31,7.389056205749512,300000,9999835472.997665,0.0,0.0,499,0
4999,2500000,-25954.0,500,False,10622.908719726562,23.2722443650394,1.4866354381443696e-31,7.389056205749512,300000,9999835472.997665,0.0,0.0,499,0
